query,intent,clicks,impressions,ctr,position,inferred_page,mapping_type,owner_rule,confidence,match_where,competing_pages
scooty on rent in varanasi,sales,26,912,2.85%,3.58,/bike-rentals-varanasi,inferred_content_match,,medium,body,/en/varanasi-travel-agent | /en/about | /en/services
scooty rent in varanasi,sales,39,682,5.72%,3.39,/bike-rentals-varanasi,inferred_content_match,,medium,all terms on page,/en/varanasi-travel-agent | /en/about | /en/services
bike rent in varanasi,sales,31,523,5.93%,4.81,/bike-rentals-varanasi,inferred_content_match,,high,slug (all terms),/en/varanasi-travel-agent | / | /404
bike on rent varanasi,sales,16,500,3.2%,7.68,/bike-rentals-varanasi,inferred_content_match,,high,slug (all terms),/en/varanasi-travel-agent | / | /404
bike rent varanasi,sales,22,422,5.21%,4.46,/bike-rentals-varanasi,inferred_content_match,,high,slug (all terms),/en/varanasi-travel-agent | / | /404
taxi service in varanasi,sales,2,415,0.48%,16.25,/,explicit_owner,en-generic-taxi,high,title,/en/city/varanasi/taxi/24-7-taxi-varanasi | /en/city/varanasi/taxi/taxi-service-in-sigra-varanasi | /en/city/varanasi/taxi/taxi-service-varanasi-cantt-station
varanasi railway station to kashi vishwanath temple auto fare,sales,1,374,0.27%,6.63,/en/city/varanasi/taxi/varanasi-railway-station-taxi-service,inferred_content_match,,medium,body,/en/city/varanasi/sightseeing/kashi-vishwanath-temple-ganga-aarti-spiritual-journey-2026 | /en/city/varanasi/taxi/taxi-service-varanasi-cantt-station | /en/services/varanasi-airport-to-city-cab
bike rental in varanasi,sales,22,332,6.63%,4.19,/bike-rentals-varanasi,inferred_content_match,,high,slug (all terms),/en/varanasi-travel-agent | / | /404
rental bike in varanasi,sales,12,311,3.86%,3.76,/bike-rentals-varanasi,inferred_content_match,,high,slug (all terms),/en/varanasi-travel-agent | / | /404
abhi rental bike | scooty on rent,sales,0,305,0%,10.56,/bike-rentals-varanasi,inferred_content_match,,low,tokens (3/4),/en/about | /en/sarnath-complete-guide | /en/services
bike on rent in varanasi,sales,8,279,2.87%,5.28,/bike-rentals-varanasi,inferred_content_match,,high,slug (all terms),/en/varanasi-travel-agent | / | /404
rental scooty in varanasi,sales,8,262,3.05%,3.5,/bike-rentals-varanasi,inferred_content_match,,medium,body,/en/varanasi-travel-agent | /en/about | /en/services
kasi free tour 2026 tamil nadu,sales,11,245,4.49%,4.54,/en/city/varanasi/events/kashi-tamil-sangamam-2026-varanasi,inferred_content_match,,medium,all terms on page,/kasi-tour-package | /en/services/varanasi-full-day-city-tour-winter-2026 | /en/city/varanasi/tour-packages/varanasi-gaya-prayagraj-tour-package-elderly
rent bike in varanasi,sales,14,242,5.79%,3.83,/bike-rentals-varanasi,inferred_content_match,,high,slug (all terms),/en/varanasi-travel-agent | / | /404
scooty rental in varanasi,sales,12,232,5.17%,3.48,/bike-rentals-varanasi,inferred_content_match,,high,title,/en/varanasi-travel-agent | /en/about | /en/services
cab service in varanasi,sales,0,230,0%,6.9,/,explicit_owner,en-generic-taxi,high,explicit owner,/en/city/varanasi/taxi/one-way-taxi-varanasi | /en/city/varanasi/taxi/taxi-service-in-sigra-varanasi | /en/city/varanasi/taxi/taxi-service-varanasi-cantt-station
bike rental varanasi,sales,17,222,7.66%,6.09,/bike-rentals-varanasi,inferred_content_match,,high,slug (all terms),/en/varanasi-travel-agent | / | /404
varanasi scooty rent,sales,8,218,3.67%,3.27,/bike-rentals-varanasi,inferred_content_match,,medium,body,/en/varanasi-travel-agent | /en/about | /en/services
varanasi to vindhyachal taxi fare,sales,3,209,1.44%,11.96,/en/city/varanasi/taxi/varanasi-to-vindhyachal-taxi-fare,inferred_content_match,,medium,title,/hi/city/varanasi/taxi/varanasi-to-vindhyachal-taxi-fare | /en/city/varanasi/taxi/vindhyachal-to-varanasi-taxi-fare | /hi/city/varanasi/taxi/vindhyachal-to-varanasi-taxi-fare
bike on rent near me,sales,0,206,0%,11.88,/bike-rentals-varanasi,inferred_content_match,,medium,all terms on page,/ | /en/about | /en/sarnath-complete-guide
rent scooty in varanasi,sales,14,202,6.93%,3.06,/bike-rentals-varanasi,inferred_content_match,,medium,all terms on page,/en/varanasi-travel-agent | /en/about | /en/services
varanasi boat ride price,sales,1,189,0.53%,13.35,/en/morning-boat-ride-varanasi-price,inferred_content_match,,high,title,/hi/morning-boat-ride-varanasi-price | /en/sunrise-boat-ride-ganges | /en/boat-ride-varanasi
bike rental near me,sales,0,185,0%,17.68,/bike-rentals-varanasi,inferred_content_match,,medium,all terms on page,/ | /en/about | /en/sarnath-complete-guide
scooty rent near me,sales,2,180,1.11%,5.67,/bike-rentals-varanasi,inferred_content_match,,low,all terms on page,/en/about | /en/sarnath-complete-guide | /en/varanasi-travel-agent
sarnath museum ticket price,sales,2,174,1.15%,5.97,/en/sarnath-attractions-guide,inferred_content_match,,medium,body,/en/sarnath-complete-guide | /en/sarnath-timing-visit-guide | /en/ashoka-pillar-sarnath-guide
scooty rental varanasi,sales,4,168,2.38%,4.07,/bike-rentals-varanasi,inferred_content_match,,medium,all terms on page,/en/varanasi-travel-agent | /en/about | /en/services
bike rentals in varanasi,sales,12,167,7.19%,4.37,/bike-rentals-varanasi,inferred_content_match,,high,slug (all terms),/en/varanasi-travel-agent | / | /404
varanasi to sarnath auto fare,sales,1,166,0.6%,6.88,/en/city/varanasi/taxi/varanasi-to-sarnath-taxi,inferred_content_match,,medium,body,/en/city/varanasi/taxi/varanasi-airport-to-raj-ghat-taxi | /en/city/varanasi/taxi/varanasi-airport-to-varanasi-junction-taxi | /en/how-to-reach-varanasi
varanasi cab,sales,0,166,0%,3.04,/,explicit_owner,en-generic-taxi,high,explicit owner,/en/book-taxi-varanasi-ramlila-dussehra | /en/city/agra/taxi/varanasi-to-agra-taxi | /en/city/allahabad/taxi/varanasi-to-allahabad-taxi
sarnath ticket,sales,1,148,0.68%,9.42,/en/sarnath-attractions-guide,inferred_content_match,,medium,body,/en/sarnath-complete-guide | /en/ashoka-pillar-sarnath-guide | /en/city/varanasi/taxi/varanasi-airport-to-sarnath-taxi
scooty rental near me,sales,2,147,1.36%,6.99,/bike-rentals-varanasi,inferred_content_match,,low,all terms on page,/en/about | /en/sarnath-complete-guide | /en/varanasi-travel-agent
scooty on rent near me,sales,1,146,0.68%,14.17,/bike-rentals-varanasi,inferred_content_match,,low,all terms on page,/en/about | /en/sarnath-complete-guide | /en/varanasi-travel-agent
rental bike varanasi,sales,8,144,5.56%,3.65,/bike-rentals-varanasi,inferred_content_match,,high,slug (all terms),/en/varanasi-travel-agent | / | /404
bike rentals varanasi,sales,5,130,3.85%,3.75,/bike-rentals-varanasi,inferred_content_match,,high,slug,/404 | /en/services | /en/varanasi-travel-agent
sarnath museum tickets,sales,2,129,1.55%,8.17,/en/sarnath-attractions-guide,inferred_content_match,,low,all terms on page,/en/sarnath-complete-guide | /en/sarnath-timing-visit-guide | /en/ashoka-pillar-sarnath-guide
varanasi bike rent,sales,8,127,6.3%,4.23,/bike-rentals-varanasi,inferred_content_match,,high,slug (all terms),/404 | /en/varanasi-travel-agent | /
varanasi scooty rent price,sales,6,121,4.96%,2.2,/bike-rentals-varanasi,inferred_content_match,,medium,all terms on page,/en/varanasi-travel-agent | /en/services | /en/sarnath-complete-guide
varanasi bike rental price,sales,11,104,10.58%,3.2,/bike-rentals-varanasi,inferred_content_match,,medium,all terms on page,/en/varanasi-travel-agent | / | /en/services
rental bike near me,sales,2,96,2.08%,10.84,/bike-rentals-varanasi,inferred_content_match,,medium,all terms on page,/ | /en/about | /en/sarnath-complete-guide
varanasi bike rental,sales,4,91,4.4%,3.44,/bike-rentals-varanasi,inferred_content_match,,high,slug (all terms),/404 | /en/varanasi-travel-agent | /
scooty rent varanasi,sales,8,90,8.89%,3.34,/bike-rentals-varanasi,inferred_content_match,,medium,all terms on page,/en/varanasi-travel-agent | /en/about | /en/services
scooty on rent in varanasi near me,sales,2,88,2.27%,3.11,/bike-rentals-varanasi,inferred_content_match,,medium,all terms on page,/en/varanasi-travel-agent | /en/about | /en/sarnath-complete-guide
sarnath ticket price,sales,3,86,3.49%,4.28,/en/sarnath-attractions-guide,inferred_content_match,,medium,body,/en/sarnath-complete-guide | /en/ashoka-pillar-sarnath-guide | /en/sarnath-buddhist-temple-guide
airport taxi in varanasi,sales,1,86,1.16%,19.35,/en/city/varanasi/taxi/varanasi-airport-to-banaras-railway-station-taxi,inferred_content_match,,low,slug (all terms),/en/city/varanasi/taxi/varanasi-airport-to-dashashwamedh-taxi | /en/city/varanasi/taxi/varanasi-airport-to-ddu-junction-taxi | /en/city/varanasi/taxi/varanasi-airport-to-deoria-taxi
taxi 690,sales,3,84,3.57%,5.29,/en/city/kanpur/taxi/kanpur-to-varanasi-taxi,inferred_content_match,,low,all terms on page,/hi/city/nepal/taxi/varanasi-to-nepal-taxi | /en/assi-ghat-to-airport-taxi | /en/book-taxi-varanasi-ramlila-dussehra
best taxi service in varanasi,sales,1,81,1.23%,10.86,/,explicit_owner,en-generic-taxi,high,body,/en/city/varanasi/taxi/varanasi-railway-station-taxi-service | /en/city/varanasi/taxi/varanasi-to-gaya-taxi-service | /en/city/varanasi/events/banaras-lit-fest-2026-taxi-booking
rent bike varanasi,sales,6,78,7.69%,4.38,/bike-rentals-varanasi,inferred_content_match,,high,slug (all terms),/en/varanasi-travel-agent | / | /404
sunauli to kathmandu taxi fare,sales,1,77,1.3%,9.95,/en/city/kathmandu/taxi/varanasi-to-kathmandu-taxi,inferred_content_match,,low,all terms on page,/en/city/nepal/taxi/varanasi-to-nepal-taxi | /en/city/gorakhpur/taxi/varanasi-to-gorakhpur-taxi | /en/how-to-reach-varanasi
varanasi airport to kashi vishwanath temple taxi fare,sales,1,76,1.32%,2.7,/en/city/varanasi/taxi/varanasi-airport-to-kashi-vishwanath-taxi,inferred_content_match,,medium,body,/en/services/varanasi-airport-to-city-cab | /en/varanasi-airport-taxi-guide | /en/city/varanasi/sightseeing/kashi-vishwanath-temple-ganga-aarti-spiritual-journey-2026
scooty for rent in varanasi,sales,4,71,5.63%,3.14,/bike-rentals-varanasi,inferred_content_match,,medium,all terms on page,/en/varanasi-travel-agent | /en/about | /en/services
varanasi rent bike,sales,7,70,10%,3.24,/bike-rentals-varanasi,inferred_content_match,,high,slug (all terms),/en/varanasi-travel-agent | / | /404
bike rent in varanasi near railway station,sales,3,68,4.41%,3.37,/bike-rentals-varanasi,inferred_content_match,,medium,all terms on page,/en/sarnath-complete-guide | /en/services/hotels-near-varanasi-railway-station-cantt | /en/city/varanasi/taxi/varanasi-railway-station-taxi-service
goenka dharamshala vindhyachal,sales,1,68,1.47%,9.88,/en/services/where-to-stay-in-vindhyachal,inferred_content_match,,medium,body,/en/navratri-pilgrimage-vindhyachal-from-varanasi-guide | /en/varanasi-to-vindhyachal-itinerary | /en/varanasi-to-vindhyachal-taxi
vindhyachal dharamshala price per day,sales,2,66,3.03%,4.71,/en/services/where-to-stay-in-vindhyachal,inferred_content_match,,medium,body,/en/navratri-pilgrimage-vindhyachal-from-varanasi-guide | /en/varanasi-to-vindhyachal-itinerary | /en/navratri-in-vindhyachal-practical-guide
banaras bike rent,sales,3,65,4.62%,3.17,/bike-rentals-varanasi,inferred_content_match,,high,slug (all terms),/en/varanasi-travel-agent | / | /404
bike for rent in varanasi,sales,5,62,8.06%,4.27,/bike-rentals-varanasi,inferred_content_match,,high,slug (all terms),/en/varanasi-travel-agent | / | /404
dharamshala in vindhyachal temple,sales,2,62,3.23%,8.39,/en/services/where-to-stay-in-vindhyachal,inferred_content_match,,low,all terms on page,/en/navratri-pilgrimage-vindhyachal-from-varanasi-guide | /en/varanasi-to-vindhyachal-itinerary | /en/varanasi-to-vindhyachal-taxi
varanasi airport to kashi vishwanath temple uber price,sales,3,61,4.92%,4.3,/en/city/varanasi/taxi/varanasi-airport-to-kashi-vishwanath-taxi,inferred_content_match,,medium,body,/en/city/varanasi/taxi/varanasi-airport-transfer-guide | /en/varanasi-airport-taxi-guide | /en/city/varanasi/events/chhath-puja-2026-varanasi-guide
rent scooty near me,sales,1,60,1.67%,7.53,/bike-rentals-varanasi,inferred_content_match,,low,all terms on page,/en/about | /en/sarnath-complete-guide | /en/varanasi-travel-agent
rental bikes in varanasi,sales,1,57,1.75%,3.63,/bike-rentals-varanasi,inferred_content_match,,high,slug (all terms),/en/varanasi-travel-agent | / | /404
cheapest bike rent in varanasi,sales,3,54,5.56%,3.43,/bike-rentals-varanasi,inferred_content_match,,low,tokens (3/4),/en/city/varanasi/taxi/wedding-tempo-traveller-varanasi | /en/tempo-traveller-rates-varanasi | /en/varanasi-group-tour-package
varanasi rental bike,sales,3,54,5.56%,3.61,/bike-rentals-varanasi,inferred_content_match,,high,slug (all terms),/en/varanasi-travel-agent | / | /404
varanasi scooty rental,sales,7,50,14%,3.4,/bike-rentals-varanasi,inferred_content_match,,medium,body,/en/varanasi-travel-agent | /en/about | /en/services
varanasi ganga aarti booking price,sales,1,50,2%,8.18,/en/ganga-aarti-boat-booking-price,inferred_content_match,,medium,body,/en/evening-boat-ride-varanasi-ganga-aarti | /en/city/varanasi/activities/ganga-aarti-timing-varanasi-2026 | /en/kashi-vishwanath-darshan-ganga-aarti-package
varanasi local tour package,sales,1,50,2%,9.94,/en/city/varanasi/sightseeing/varanasi-local-sightseeing-package,inferred_content_match,,medium,body,/banaras-tour-package | /en/ayodhya-varanasi-prayagraj-group-tour-package | /en/city/varanasi/tour-packages/varanasi-gaya-prayagraj-tour-package-elderly
scooty rent in varanasi near railway station,sales,1,48,2.08%,3.29,/bike-rentals-varanasi,inferred_content_match,,medium,all terms on page,/en/sarnath-complete-guide | /en/services/hotels-near-varanasi-railway-station-cantt | /en/city/varanasi/taxi/varanasi-railway-station-taxi-service
kashi taxi,sales,14,47,29.79%,2.11,/,explicit_owner,en-generic-taxi,high,explicit owner,/en/city/agra/taxi/varanasi-to-agra-taxi | /en/city/allahabad/taxi/varanasi-to-allahabad-taxi | /en/city/chitrakoot/taxi/varanasi-to-chitrakoot-taxi
scooty on rent varanasi,sales,3,47,6.38%,3.13,/bike-rentals-varanasi,inferred_content_match,,medium,body,/en/varanasi-travel-agent | /en/about | /en/services
varanasi to ayodhya tempo traveller price list,sales,4,45,8.89%,2.62,/en/varanasi-to-ayodhya-tempo-traveller,inferred_content_match,,high,title,/en/ayodhya-varanasi-prayagraj-group-tour-package | /en/varanasi-to-ayodhya-taxi | /en/tempo-traveller-rates-varanasi
ayodhya to kashi distance taxi fare,sales,1,45,2.22%,6.24,/en/city/varanasi/taxi/ayodhya-to-varanasi-taxi-fare,inferred_content_match,,low,all terms on page,/en/city/varanasi/taxi/varanasi-to-ayodhya-taxi-fare | /en/varanasi-to-ayodhya-taxi | /en/city/ayodhya/taxi/ayodhya-to-varanasi-taxi
kasi free tour 2026 tamil nadu timings,sales,9,44,20.45%,2.18,/en/city/varanasi/events/kashi-tamil-sangamam-2026-varanasi,inferred_content_match,,medium,all terms on page,/kasi-tour-package | /en/assi-ghat-aarti-timings-2026 | /en/city/varanasi/activities/ganga-aarti-timing-varanasi-2026
varanasi local sightseeing package by car,sales,4,41,9.76%,3.17,/en/city/varanasi/sightseeing/varanasi-local-sightseeing-package,inferred_content_match,,medium,body,/en/packages/varanasi-tour-package | /en/varanasi-sightseeing-complete-guide | /en/varanasi-tour-package-for-families
rent a bike in varanasi,sales,8,40,20%,4.12,/bike-rentals-varanasi,inferred_content_match,,high,slug (all terms),/en/varanasi-travel-agent | / | /404
scooty rent,sales,1,40,2.5%,10.3,/bike-rentals-varanasi,inferred_content_match,,high,title,/en/services | /en/about | /en/sarnath-complete-guide
rent a scooty in varanasi,sales,1,39,2.56%,3.26,/bike-rentals-varanasi,inferred_content_match,,medium,all terms on page,/en/varanasi-travel-agent | /en/about | /en/services
varanasi sightseeing tour package,sales,2,38,5.26%,7.58,/en/city/varanasi/sightseeing/varanasi-local-sightseeing-package,inferred_content_match,,low,all terms on page,/banaras-tour-package | /en/packages/varanasi-tour-package | /en/tour-package-from-varanasi
tempo traveller 17 seater in varanasi price,sales,2,36,5.56%,2.17,/en/17-seater-tempo-traveller-varanasi,inferred_content_match,,medium,body,/en/9-vs-12-vs-17-seater-tempo-traveller-varanasi | /en/12-seater-tempo-traveller-varanasi | /en/varanasi-to-ayodhya-tempo-traveller
bike rent banaras,sales,1,36,2.78%,3.75,/bike-rentals-varanasi,inferred_content_match,,high,slug (all terms),/en/varanasi-travel-agent | / | /404
varanasi taxi,sales,2,35,5.71%,25.11,/,explicit_owner,en-generic-taxi,high,explicit owner,/en/city/ayodhya/taxi/ayodhya-to-varanasi-taxi | /en/city/gaya/taxi/gaya-to-varanasi-taxi | /en/city/kanpur/taxi/kanpur-to-varanasi-taxi
dharamshala in vindhyachal,sales,1,34,2.94%,10.85,/en/services/where-to-stay-in-vindhyachal,inferred_content_match,,low,all terms on page,/en/navratri-pilgrimage-vindhyachal-from-varanasi-guide | /en/varanasi-to-vindhyachal-itinerary | /en/varanasi-to-vindhyachal-taxi
dharamshala near vindhyachal temple,sales,3,33,9.09%,6.3,/en/services/where-to-stay-in-vindhyachal,inferred_content_match,,medium,body,/en/navratri-pilgrimage-vindhyachal-from-varanasi-guide | /en/varanasi-to-vindhyachal-itinerary | /en/varanasi-to-vindhyachal-taxi
scooty on rent,sales,2,33,6.06%,3.88,/bike-rentals-varanasi,inferred_content_match,,medium,body,/en/about | /en/sarnath-complete-guide | /en/services
9 seater tempo traveller in varanasi,sales,2,33,6.06%,7.24,/en/9-vs-12-vs-17-seater-tempo-traveller-varanasi,inferred_content_match,,low,slug (all terms),/hi/9-vs-12-vs-17-seater-tempo-traveller-varanasi | /en/12-seater-tempo-traveller-varanasi | /en/17-seater-tempo-traveller-varanasi
varanasi boat booking,sales,3,32,9.38%,14.91,/en/packages/varanasi-boat-ride-booking,inferred_content_match,,high,slug (all terms),/en/boat-ride-varanasi | /en/bajra-boat-ride-varanasi | /en/city/varanasi/activities/84-ghats-boat-tour-varanasi
sarnath temple ticket price,sales,2,32,6.25%,2.28,/en/sarnath-buddhist-temple-guide,inferred_content_match,,low,all terms on page,/en/sarnath-complete-guide | /en/sarnath-timing-visit-guide | /en/ashoka-pillar-sarnath-guide
dharamshala in vindhyachal with price,sales,1,32,3.12%,3.47,/en/services/where-to-stay-in-vindhyachal,inferred_content_match,,low,all terms on page,/en/navratri-pilgrimage-vindhyachal-from-varanasi-guide | /en/varanasi-to-vindhyachal-taxi | /en/varanasi-to-vindhyachal-tempo-traveller
bike on rent,sales,1,32,3.12%,8.69,/bike-rentals-varanasi,inferred_content_match,,high,slug (all terms),/ | /404 | /en/about
two wheeler on rent in varanasi,sales,3,31,9.68%,3.23,/bike-rentals-varanasi,inferred_content_match,,medium,all terms on page,/en/services | /en/city/varanasi/taxi/wedding-tempo-traveller-varanasi | /en/city/varanasi/events/banaras-lit-fest-2026-taxi-booking
assi ghat boat ride price,sales,3,30,10%,3.53,/en/morning-boat-ride-varanasi-price,inferred_content_match,,medium,body,/en/city/varanasi/sightseeing/dashashwamedh-ghat-boat-ride-ganga-aarti-guide | /en/city/varanasi/activities/84-ghats-boat-tour-varanasi | /en/hand-boat-ride-varanasi
kashi taxi service,sales,3,29,10.34%,3.0,/,explicit_owner,en-generic-taxi,high,explicit owner,/en/city/varanasi/taxi/taxi-service-in-sigra-varanasi | /en/city/varanasi/taxi/taxi-service-varanasi-cantt-station | /en/city/varanasi/taxi/varanasi-railway-station-taxi-service
sunauli border to kathmandu taxi fare,sales,1,29,3.45%,9.83,/en/city/kathmandu/taxi/varanasi-to-kathmandu-taxi,inferred_content_match,,low,all terms on page,/en/city/nepal/taxi/varanasi-to-nepal-taxi | /en/city/gorakhpur/taxi/varanasi-to-gorakhpur-taxi | /en/how-to-reach-varanasi
sarnath temple varanasi ticket price,sales,3,28,10.71%,2.18,/en/sarnath-buddhist-temple-guide,inferred_content_match,,low,all terms on page,/en/varanasi-to-sarnath-tempo-traveller | /en/city/varanasi/activities/84-ghats-boat-tour-varanasi | /en/sarnath-complete-guide
scooty on rent in banaras,sales,4,27,14.81%,3.0,/bike-rentals-varanasi,inferred_content_match,,medium,all terms on page,/en/varanasi-travel-agent | /en/about | /en/services
rental scooty varanasi,sales,2,27,7.41%,3.15,/bike-rentals-varanasi,inferred_content_match,,medium,all terms on page,/en/varanasi-travel-agent | /en/about | /en/services
private boat price in varanasi,sales,1,27,3.7%,4.78,/en/morning-boat-ride-varanasi-price,inferred_content_match,,low,all terms on page,/en/private-boat-hire-varanasi | /en/boat-ride-varanasi | /en/city/varanasi/activities/84-ghats-boat-tour-varanasi
bike on rent varanasi cantt,sales,1,27,3.7%,6.63,/bike-rentals-varanasi,inferred_content_match,,medium,all terms on page,/en/city/varanasi/taxi/taxi-service-varanasi-cantt-station | /en/services/hotels-near-varanasi-railway-station-cantt | /en/city/varanasi/taxi/wedding-tempo-traveller-varanasi
kashi cab service,sales,1,27,3.7%,7.44,/,explicit_owner,en-generic-taxi,high,explicit owner,/en/city/varanasi/taxi/taxi-service-in-sigra-varanasi | /en/city/varanasi/taxi/taxi-service-varanasi-cantt-station | /en/city/varanasi/taxi/varanasi-railway-station-taxi-service
varanasi to ayodhya traveller price,sales,1,26,3.85%,2.92,/en/varanasi-to-ayodhya-tempo-traveller,inferred_content_match,,medium,body,/en/varanasi-to-ayodhya-day-trip-tempo-traveller | /en/12-seater-tempo-traveller-varanasi | /en/17-seater-tempo-traveller-varanasi
varanasi sightseeing cost,sales,1,26,3.85%,3.62,/en/city/varanasi/sightseeing/varanasi-local-sightseeing-package,inferred_content_match,,low,all terms on page,/en/varanasi-sightseeing-complete-guide | /banaras-tour-package | /en/9-vs-12-vs-17-seater-tempo-traveller-varanasi
varanasi me bike rent price,sales,1,25,4%,3.56,/bike-rentals-varanasi,inferred_content_match,,medium,all terms on page,/en/varanasi-travel-agent | / | /en/services
scooty rental,sales,1,25,4%,11.64,/bike-rentals-varanasi,inferred_content_match,,high,title,/en/services | /en/about | /en/sarnath-complete-guide
banaras scooty rent,sales,1,24,4.17%,3.21,/bike-rentals-varanasi,inferred_content_match,,medium,all terms on page,/en/varanasi-travel-agent | /en/about | /en/services
taxi fare from varanasi airport to kashi vishwanath temple,sales,1,23,4.35%,2.3,/en/city/varanasi/taxi/varanasi-airport-to-kashi-vishwanath-taxi,inferred_content_match,,medium,body,/en/services/varanasi-airport-to-city-cab | /en/varanasi-airport-taxi-guide | /en/city/varanasi/sightseeing/kashi-vishwanath-temple-ganga-aarti-spiritual-journey-2026
boat ride in varanasi price,sales,1,23,4.35%,8.74,/en/morning-boat-ride-varanasi-price,inferred_content_match,,medium,slug (all terms),/hi/morning-boat-ride-varanasi-price | /en/boat-ride-varanasi | /en/evening-boat-ride-varanasi-ganga-aarti
bike rent in banaras,sales,3,22,13.64%,4.32,/bike-rentals-varanasi,inferred_content_match,,high,slug (all terms),/en/varanasi-travel-agent | / | /404
best dharamshala in vindhyachal with price for family,sales,1,22,4.55%,3.27,/en/services/where-to-stay-in-vindhyachal,inferred_content_match,,low,all terms on page,/en/navratri-pilgrimage-vindhyachal-from-varanasi-guide | /banaras-travel-agency | /en/family-tour-varanasi-3-days-parents
2 wheeler on rent near me,sales,1,20,5%,5.55,/bike-rentals-varanasi,inferred_content_match,,low,all terms on page,/en/city/ayodhya/tour-packages/ayodhya-2-day-tour | /en/city/varanasi/taxi/taxi-near-bhu | /en/city/varanasi/tour-packages/varanasi-2-day-tour
activa on rent in varanasi,sales,3,19,15.79%,2.89,/bike-rentals-varanasi,inferred_content_match,,medium,all terms on page,/en/city/varanasi/taxi/wedding-tempo-traveller-varanasi | /banaras-travel-agency | /en/city/varanasi/events/banaras-lit-fest-2026-taxi-booking
varanasi airport taxi price,sales,1,19,5.26%,3.84,/en/varanasi-airport-taxi-price-guide,inferred_content_match,,medium,title,/hi/varanasi-airport-taxi-price-guide | /en/city/varanasi/taxi/varanasi-airport-to-dashashwamedh-taxi | /en/city/varanasi/taxi/varanasi-airport-to-kashi-vishwanath-taxi
sarnath deer park ticket price,sales,1,19,5.26%,6.0,/en/sarnath-complete-guide,inferred_content_match,,low,all terms on page,/en/ashoka-pillar-sarnath-guide | /en/sarnath-attractions-guide | /en/sarnath-buddhist-temple-guide
17 seater tempo traveller,sales,1,19,5.26%,28.79,/en/17-seater-tempo-traveller-varanasi,inferred_content_match,,low,title,/en/9-vs-12-vs-17-seater-tempo-traveller-varanasi | /hi/17-seater-tempo-traveller-varanasi | /hi/9-vs-12-vs-17-seater-tempo-traveller-varanasi
two wheeler rent in varanasi,sales,3,18,16.67%,3.28,/bike-rentals-varanasi,inferred_content_match,,medium,all terms on page,/en/services | /en/city/varanasi/taxi/wedding-tempo-traveller-varanasi | /en/city/varanasi/events/banaras-lit-fest-2026-taxi-booking
auto fare in varanasi,sales,1,18,5.56%,2.0,/en/varanasi-transport-price-guide-2026,inferred_content_match,,low,all terms on page,/en/city/varanasi/taxi/varanasi-airport-to-kedar-ghat-taxi | /en/city/varanasi/taxi/varanasi-airport-to-raj-ghat-taxi | /en/city/varanasi/taxi/varanasi-airport-to-tulsi-ghat-taxi
scooty rentals in varanasi,sales,1,18,5.56%,3.17,/bike-rentals-varanasi,inferred_content_match,,medium,all terms on page,/en/varanasi-travel-agent | /en/about | /en/services
electric bike rent in varanasi,sales,1,18,5.56%,9.22,/bike-rentals-varanasi,inferred_content_match,,medium,all terms on page,/en/city/varanasi/taxi/wedding-tempo-traveller-varanasi | /en/varanasi-travel-agent | /banaras-travel-agency
bike on rent in varanasi near me,sales,1,17,5.88%,4.88,/bike-rentals-varanasi,inferred_content_match,,medium,all terms on page,/en/varanasi-travel-agent | / | /en/about
ddu station to varanasi distance by road fare,sales,1,16,6.25%,1.5,/en/city/varanasi/taxi/mughalsarai-to-varanasi-taxi-fare,inferred_content_match,,low,all terms on page,/en/city/varanasi/taxi/varanasi-railway-station-taxi-service | /en/city/varanasi/taxi/varanasi-to-ayodhya-taxi-fare | /en/city/varanasi/taxi/varanasi-to-azamgarh-taxi-fare
scooty rent in varanasi price,sales,1,16,6.25%,2.31,/bike-rentals-varanasi,inferred_content_match,,medium,all terms on page,/en/varanasi-travel-agent | /en/services | /en/sarnath-complete-guide
varanasi to vindhyachal distance by bike,sales,1,15,6.67%,3.2,/bike-rentals-varanasi,inferred_content_match,,low,all terms on page,/en/varanasi-travel-agent | /en/city/varanasi/taxi/varanasi-airport-to-mirzapur-vindhyachal-taxi | /en/varanasi-to-vindhyachal-taxi
varanasi airport car parking charges per day,sales,1,15,6.67%,9.93,/en/city/varanasi/events/banaras-lit-fest-2026-taxi-booking,inferred_content_match,,low,all terms on page,/en/city/varanasi/taxi/how-to-reach-tent-city-varanasi | /en/how-to-reach-varanasi | /en/city/lucknow/taxi/lucknow-to-varanasi-taxi
varanasi to kathmandu taxi fare,sales,2,14,14.29%,1.93,/en/city/kathmandu/taxi/varanasi-to-kathmandu-taxi,inferred_content_match,,low,all terms on page,/en/city/nepal/taxi/varanasi-to-nepal-taxi | /en/city/gorakhpur/taxi/varanasi-to-gorakhpur-taxi | /en/how-to-reach-varanasi
rental bike in varanasi price,sales,1,14,7.14%,3.71,/bike-rentals-varanasi,inferred_content_match,,medium,all terms on page,/en/varanasi-travel-agent | / | /en/services
rental bike,sales,1,14,7.14%,3.93,/bike-rentals-varanasi,inferred_content_match,,high,slug (all terms),/ | /404 | /en/about
banaras bike rental,sales,1,14,7.14%,4.29,/bike-rentals-varanasi,inferred_content_match,,high,slug (all terms),/en/varanasi-travel-agent | / | /404
sarnath park ticket price,sales,2,13,15.38%,3.08,/en/sarnath-complete-guide,inferred_content_match,,low,all terms on page,/en/ashoka-pillar-sarnath-guide | /en/sarnath-attractions-guide | /en/sarnath-buddhist-temple-guide
varanasi dharamshala near mandir with price,sales,1,13,7.69%,1.0,/en/varanasi-to-ayodhya-taxi,inferred_content_match,,low,all terms on page,/en/city/gaya/taxi/varanasi-to-gaya-taxi | /en/varanasi-to-vindhyachal-taxi | /en/services/where-to-stay-in-vindhyachal
rental bikes varanasi,sales,1,13,7.69%,3.38,/bike-rentals-varanasi,inferred_content_match,,high,slug (all terms),/en/varanasi-travel-agent | / | /404
kashi to ayodhya distance by road fare,sales,1,13,7.69%,3.69,/en/city/varanasi/taxi/ayodhya-to-varanasi-taxi-fare,inferred_content_match,,low,all terms on page,/en/city/varanasi/taxi/varanasi-to-ayodhya-taxi-fare | /en/varanasi-to-ayodhya-taxi | /en/ayodhya-varanasi-prayagraj-group-tour-package
varanasi sightseeing cab,sales,2,12,16.67%,1.5,/en/city/agra/taxi/varanasi-to-agra-taxi,inferred_content_match,,low,all terms on page,/en/city/delhi/taxi/varanasi-to-delhi-taxi | /en/city/gaya/taxi/varanasi-to-gaya-taxi | /en/city/gorakhpur/taxi/varanasi-to-gorakhpur-taxi
"sarnath buddhist temple, (varanasi) tickets",sales,1,12,8.33%,2.92,/en/sarnath-buddhist-temple-guide,inferred_content_match,,medium,body,/en/varanasi-to-sarnath-tempo-traveller | /en/city/varanasi/taxi/varanasi-to-sarnath-taxi | /en/city/varanasi/taxi/varanasi-airport-to-sarnath-taxi
ayodhya to varanasi taxi,sales,1,12,8.33%,22.17,/en/city/ayodhya/taxi/ayodhya-to-varanasi-taxi,inferred_content_match,,low,title,/en/city/varanasi/taxi/ayodhya-to-varanasi-taxi-fare | /hi/city/varanasi/taxi/ayodhya-to-varanasi-taxi-fare | /hi/city/ayodhya/taxi/ayodhya-to-varanasi-taxi
varanasi boat ride price per person,sales,1,11,9.09%,6.36,/en/morning-boat-ride-varanasi-price,inferred_content_match,,low,all terms on page,/en/boat-ride-varanasi | /en/hand-boat-ride-varanasi | /en/city/varanasi/activities/84-ghats-boat-tour-varanasi
varanasi to prayagraj cab fare,sales,1,10,10%,3.2,/en/city/varanasi/taxi/prayagraj-to-varanasi-taxi-fare,inferred_content_match,,low,slug (all terms),/en/city/varanasi/taxi/varanasi-to-prayagraj-taxi-fare | /hi/city/varanasi/taxi/prayagraj-to-varanasi-taxi-fare | /hi/city/varanasi/taxi/varanasi-to-prayagraj-taxi-fare
varanasi local sightseeing package,sales,1,10,10%,3.8,/en/city/varanasi/sightseeing/varanasi-local-sightseeing-package,inferred_content_match,,medium,title,/hi/city/varanasi/sightseeing/varanasi-local-sightseeing-package | /en/packages/varanasi-tour-package | /en/varanasi-sightseeing-complete-guide
kashi bike rental,sales,1,10,10%,5.4,/bike-rentals-varanasi,inferred_content_match,,high,slug (all terms),/en/varanasi-travel-agent | / | /404
kasi taxi,sales,1,10,10%,6.2,/,explicit_owner,en-generic-taxi,high,explicit owner,/kasi-tour-package | /en/kasi-tour-package | /hi/kasi-tour-package
varanasi to mau taxi fare,sales,1,10,10%,6.9,/en/city/varanasi/taxi/varanasi-airport-to-mau-taxi,inferred_content_match,,low,all terms on page,/en/city/varanasi/taxi/varanasi-airport-to-ballia-taxi | /en/city/varanasi/taxi/varanasi-airport-transfer-directory | /en/city/varanasi/taxi/varanasi-airport-transfer-guide
varanasi ganga aarti boat booking price,sales,2,9,22.22%,8.33,/en/ganga-aarti-boat-booking-price,inferred_content_match,,medium,body,/en/evening-boat-ride-varanasi-ganga-aarti | /en/packages/varanasi-boat-ride-booking | /en/city/varanasi/sightseeing/dashashwamedh-ghat-boat-ride-ganga-aarti-guide
rent a scooty near me,sales,1,9,11.11%,10.33,/bike-rentals-varanasi,inferred_content_match,,low,all terms on page,/en/about | /en/sarnath-complete-guide | /en/varanasi-travel-agent
varanasi day tour package,sales,1,8,12.5%,5.12,/en/city/varanasi/tour-packages/ayodhya-varanasi-3-day-tour,inferred_content_match,,low,all terms on page,/en/city/varanasi/tour-packages/same-day-varanasi-tour | /en/city/varanasi/tour-packages/varanasi-2-day-tour | /en/city/varanasi/tour-packages/varanasi-3-day-tour
vindhyachal vip darshan booking,sales,1,7,14.29%,1.43,/en/navratri-in-vindhyachal-practical-guide,inferred_content_match,,low,all terms on page,/en/navratri-pilgrimage-vindhyachal-from-varanasi-guide | /en/services/hotel-booking-in-varanasi | /en/city/varanasi/sightseeing/varanasi-local-sightseeing-package
benaras tour,sales,1,7,14.29%,3.0,/banaras-tour-package,inferred_content_match,,low,tokens (1/2),/en/ayodhya-varanasi-prayagraj-group-tour-package | /en/bodhgaya-rajgir-nalanda-tempo-traveller-tour | /en/buddhist-circuit-tour-tempo-traveller-varanasi
kasi local tour package,sales,1,7,14.29%,5.57,/kasi-tour-package,inferred_content_match,,low,all terms on page,/en/kasi-tour-package | /en/bus/kashi-rameshwaram-twin-jyotirlinga-yatra | /en/city/varanasi/events/kashi-tamil-sangamam-2026-varanasi
scooty rent banaras,sales,2,6,33.33%,2.5,/bike-rentals-varanasi,inferred_content_match,,medium,all terms on page,/en/varanasi-travel-agent | /en/about | /en/services
two wheeler rent near me,sales,1,5,20%,15.6,/bike-rentals-varanasi,inferred_content_match,,low,all terms on page,/en/city/varanasi/taxi/taxi-near-bhu | /en/services/budget-hotels-near-kashi-vishwanath-godowlia | /en/services/dharamshala-near-kashi-vishwanath-temple-varanasi
blue motorcycle bike on rent |rental scooty varanasi,sales,1,4,25%,2.25,/bike-rentals-varanasi,inferred_content_match,,medium,all terms on page,/en/varanasi-travel-agent | /en/city/varanasi/taxi/wedding-tempo-traveller-varanasi | /banaras-travel-agency
17 seater tempo traveller price,sales,1,4,25%,3.25,/en/17-seater-tempo-traveller-varanasi,inferred_content_match,,medium,body,/en/9-vs-12-vs-17-seater-tempo-traveller-varanasi | /en/12-seater-tempo-traveller-varanasi | /en/varanasi-to-ayodhya-tempo-traveller
scooty hire near me,sales,1,4,25%,3.75,/en/sarnath-complete-guide,inferred_content_match,,low,all terms on page,/en/varanasi-travel-agent | /en/city/varanasi/taxi/taxi-near-bhu | /en/force-urbania-hire-varanasi
kashi free trip tamil nadu package,sales,1,4,25%,6.25,/en/city/varanasi/events/kashi-tamil-sangamam-2026-varanasi,inferred_content_match,,medium,all terms on page,/en/city/varanasi/tour-packages/varanasi-gaya-prayagraj-tour-package-elderly | /en/bus/kashi-yatra-south-india-bus-package | /en/ayodhya-varanasi-prayagraj-group-tour-package
how to book boat ride in varanasi,sales,1,3,33.33%,1.0,/en/evening-boat-ride-varanasi-ganga-aarti,inferred_content_match,,low,all terms on page,/en/hand-boat-ride-varanasi | /en/morning-boat-ride-varanasi-price | /en/bajra-boat-ride-varanasi
kashi local tour package,sales,1,3,33.33%,1.0,/en/city/varanasi/sightseeing/varanasi-local-sightseeing-package,inferred_content_match,,low,all terms on page,/banaras-tour-package | /en/ayodhya-varanasi-prayagraj-group-tour-package | /en/city/varanasi/tour-packages/varanasi-gaya-prayagraj-tour-package-elderly
kashi boating price,sales,1,3,33.33%,1.67,/en/city/varanasi/activities/84-ghats-boat-tour-varanasi,inferred_content_match,,low,all terms on page,/en/city/nepal/taxi/varanasi-to-nepal-taxi | /en/city/varanasi/tour-packages/same-day-varanasi-tour | /en/city/varanasi/tour-packages/varanasi-2-day-tour
scooty on rent near me price,sales,1,3,33.33%,4.67,/bike-rentals-varanasi,inferred_content_match,,low,all terms on page,/en/sarnath-complete-guide | /en/varanasi-travel-agent | /en/services/guest-house-hotels-near-assi-ghat-varanasi
hotel near vindhyachal mandir,sales,1,3,33.33%,9.33,/en/services/where-to-stay-in-vindhyachal,inferred_content_match,,low,all terms on page,/en/varanasi-to-vindhyachal-taxi | / | /en/city/varanasi/taxi/varanasi-airport-transfer-guide
kasi cabs,sales,1,3,33.33%,24.0,/en/city/varanasi/events/kashi-tamil-sangamam-2026-varanasi,inferred_content_match,,low,all terms on page,/en/outstation-cabs-from-varanasi | /kasi-tour-package | /en/kasi-tour-package
scotty on rent near me,sales,1,2,50%,3.0,/bike-rentals-varanasi,inferred_content_match,,low,tokens (2/3),/en/city/varanasi/taxi/taxi-near-bhu | /en/services/budget-hotels-near-kashi-vishwanath-godowlia | /en/services/dharamshala-near-kashi-vishwanath-temple-varanasi
force traveller price 17 seater rent,sales,1,2,50%,5.0,/en/tempo-traveller-rates-varanasi,inferred_content_match,,low,all terms on page,/en/tempo-traveller-varanasi | /en/tempo-traveller-vs-mini-bus-varanasi | /hi/tempo-traveller-rates-varanasi
1 day bike rent near me,sales,1,2,50%,6.0,/bike-rentals-varanasi,inferred_content_match,,medium,all terms on page,/ | /en/about | /en/sarnath-complete-guide
dharamshala near kashi vishwanath temple,sales,1,2,50%,18.5,/en/services/dharamshala-near-kashi-vishwanath-temple-varanasi,inferred_content_match,,high,title,/hi/services/dharamshala-near-kashi-vishwanath-temple-varanasi | /en/services/budget-hotels-near-kashi-vishwanath-godowlia | /en/services/guest-house-hotels-near-assi-ghat-varanasi
ayodhya package tour,sales,1,1,100%,1.0,/en/ayodhya-varanasi-prayagraj-group-tour-package,inferred_content_match,,low,slug (all terms),/en/services/varanasi-ayodhya-tour-package | /hi/ayodhya-varanasi-prayagraj-group-tour-package | /hi/services/varanasi-ayodhya-tour-package
mumbai darshan bus price,sales,1,1,100%,1.0,/en/varanasi-sightseeing-complete-guide,inferred_content_match,,low,all terms on page,/en/services/kashi-vishwanath-sugam-darshan-price-booking | /hi/services/kashi-vishwanath-sugam-darshan-price-booking | /en/tempo-traveller-vs-mini-bus-varanasi
pink taxi for women,sales,1,1,100%,1.0,/en/services/varanasi-safest-taxi-for-women,inferred_content_match,,low,all terms on page,/pink-taxi-varanasi | /en/about | /en/tourist-spots-varanasi
subah e banaras booking,sales,1,1,100%,2.0,/hi/assi-ghat-aarti-timings-2026,inferred_content_match,,low,body,/en/ayodhya-varanasi-prayagraj-group-tour-package | /en/city/varanasi/activities/ganga-aarti-timing-varanasi-2026 | /en/city/varanasi/events/banaras-lit-fest-2026-venue-guide-hotels-logistics
grt hotel,sales,1,1,100%,3.0,/en/city/varanasi/events/banaras-lit-fest-2026-venue-guide-hotels-logistics,inferred_content_match,,low,tokens (1/2),/en/services/budget-hotels-near-kashi-vishwanath-godowlia | /en/services/guest-house-hotels-near-assi-ghat-varanasi | /en/services/hotel-booking-in-varanasi
scooty rental.near me,sales,1,1,100%,3.0,/bike-rentals-varanasi,inferred_content_match,,low,all terms on page,/en/about | /en/sarnath-complete-guide | /en/varanasi-travel-agent
tempo travel 17 seater,sales,1,1,100%,3.0,/en/17-seater-tempo-traveller-varanasi,inferred_content_match,,low,all terms on page,/en/9-vs-12-vs-17-seater-tempo-traveller-varanasi | /en/12-seater-tempo-traveller-varanasi | /en/varanasi-to-ayodhya-tempo-traveller
one way taxi fare,sales,1,1,100%,4.0,/en/city/varanasi/taxi/one-way-taxi-varanasi,explicit_owner,en-one-way-taxi,high,all terms on page,/hi/city/varanasi/taxi/one-way-taxi-varanasi | /en/lucknow-to-varanasi-taxi-fare | /rates/outstation-taxi-varanasi
varanasi to vindhyachal distance,info,37,6401,0.58%,4.69,/en/varanasi-to-vindhyachal-taxi,inferred_content_match,,high,title,/en/city/varanasi/taxi/varanasi-to-vindhyachal-taxi-fare | /en/city/varanasi/taxi/varanasi-airport-to-mirzapur-vindhyachal-taxi | /en/city/varanasi/taxi/vindhyachal-to-varanasi-taxi-fare
varanasi to gaya distance,info,2,3934,0.05%,8.13,/en/city/varanasi/taxi/varanasi-to-gaya-taxi-fare,inferred_content_match,,low,body,/en/city/varanasi/taxi/varanasi-to-gaya-taxi-service | /en/city/gaya/taxi/gaya-to-varanasi-taxi | /en/city/gaya/taxi/varanasi-to-gaya-taxi
assi ghat aarti time,info,26,2813,0.92%,4.62,/en/assi-ghat-aarti-timings-2026,inferred_content_match,,high,title,/en/assi-ghat-evening-aarti-time | /en/assi-ghat-morning-aarti-time | /hi/assi-ghat-aarti-timings-2026
varanasi to nepal distance,info,7,2206,0.32%,4.49,/en/city/nepal/taxi/varanasi-to-nepal-taxi,inferred_content_match,,low,all terms on page,/en/city/bodhgaya/taxi/varanasi-to-bodhgaya-taxi | /en/city/gorakhpur/taxi/varanasi-to-gorakhpur-taxi | /en/city/varanasi/taxi/varanasi-airport-to-gorakhpur-taxi
dashashwamedh ghat aarti time,info,6,2102,0.29%,7.01,/en/city/varanasi/activities/ganga-aarti-timing-varanasi-2026,inferred_content_match,,low,body,/en/assi-ghat-evening-aarti-time | /en/city/varanasi/sightseeing/dashashwamedh-ghat-boat-ride-ganga-aarti-guide | /en/dashashwamedh-ghat-ganga-aarti-timing
banaras se ayodhya ki duri,info,3,2043,0.15%,8.98,/en/ayodhya-varanasi-prayagraj-group-tour-package,inferred_content_match,,low,tokens (2/3),/en/bus/kashi-prayagraj-ayodhya-south | /en/city/ayodhya/taxi/ayodhya-to-varanasi-taxi | /en/city/varanasi/taxi/ayodhya-to-varanasi-taxi-fare
ganga aarti timing,info,4,1735,0.23%,8.87,/en/city/varanasi/activities/ganga-aarti-timing-varanasi-2026,inferred_content_match,,medium,title,/en/dashashwamedh-ghat-ganga-aarti-timing | /hi/dashashwamedh-ghat-ganga-aarti-timing | /en/assi-ghat-aarti-timings-2026
vindhyachal to varanasi distance,info,4,1560,0.26%,7.16,/en/varanasi-to-vindhyachal-taxi,inferred_content_match,,low,body,/en/city/varanasi/taxi/vindhyachal-to-varanasi-taxi-fare | /en/city/varanasi/taxi/varanasi-airport-to-mirzapur-vindhyachal-taxi | /en/city/varanasi/taxi/varanasi-to-vindhyachal-taxi-fare
aaj ka suryoday,info,0,1478,0%,9.45,,unmatched,,none,UNMATCHED,
ganga aarti timing in varanasi,info,2,1429,0.14%,10.0,/en/city/varanasi/activities/ganga-aarti-timing-varanasi-2026,inferred_content_match,,high,slug (all terms),/en/dashashwamedh-ghat-ganga-aarti-timing | /en/city/varanasi/sightseeing/kashi-vishwanath-temple-ganga-aarti-spiritual-journey-2026 | /en/evening-boat-ride-varanasi-ganga-aarti
varanasi ganga aarti time,info,1,1417,0.07%,10.24,/en/city/varanasi/activities/ganga-aarti-timing-varanasi-2026,inferred_content_match,,low,all terms on page,/en/city/varanasi/sightseeing/kashi-vishwanath-temple-ganga-aarti-spiritual-journey-2026 | /en/evening-boat-ride-varanasi-ganga-aarti | /en/kashi-vishwanath-darshan-ganga-aarti-package
varanasi airport to kashi vishwanath temple distance,info,6,1281,0.47%,4.04,/en/city/varanasi/taxi/varanasi-airport-to-kashi-vishwanath-taxi,inferred_content_match,,low,body,/en/services/varanasi-airport-to-city-cab | /en/varanasi-airport-taxi-price-guide | /en/city/varanasi/taxi/airport-taxi-service-varanasi
aaj ka suryast ka samay,info,0,1170,0%,11.89,/hi/city/varanasi/activities/ganga-aarti-samay-varanasi-2026,inferred_content_match,,low,tokens (1/3),/hi/varanasi-tour-package
assi ghat morning aarti time,info,18,1082,1.66%,4.75,/en/assi-ghat-morning-aarti-time,inferred_content_match,,high,slug,/en/assi-ghat-aarti-timings-2026 | /en/assi-ghat-evening-aarti-time | /en/city/varanasi/taxi/varanasi-airport-to-assi-ghat-taxi
varanasi to kashi distance,info,1,1070,0.09%,9.69,/en/city/bodhgaya/taxi/varanasi-to-bodhgaya-taxi,inferred_content_match,,low,all terms on page,/en/city/varanasi/taxi/varanasi-airport-to-ghazipur-taxi | /en/city/varanasi/taxi/varanasi-airport-to-gorakhpur-taxi | /en/city/varanasi/taxi/varanasi-airport-to-jalalpur-taxi
varanasi se ayodhya ki duri,info,1,1045,0.1%,8.65,/en/ayodhya-varanasi-prayagraj-group-tour-package,inferred_content_match,,low,tokens (2/3),/en/bus/kashi-prayagraj-ayodhya-south | /en/city/ayodhya/taxi/ayodhya-to-varanasi-taxi | /en/city/varanasi/taxi/ayodhya-to-varanasi-taxi-fare
varanasi to kashi vishwanath temple distance,info,1,948,0.11%,6.14,/en/services/dharamshala-near-kashi-vishwanath-temple-varanasi,inferred_content_match,,low,all terms on page,/en/city/varanasi/taxi/varanasi-airport-to-kashi-vishwanath-taxi | /en/services/budget-hotels-near-kashi-vishwanath-godowlia | /en/city/gaya/taxi/gaya-to-varanasi-taxi
kashi to prayagraj distance,info,0,948,0%,9.47,/en/varanasi-to-prayagraj-taxi,inferred_content_match,,low,all terms on page,/en/ayodhya-varanasi-prayagraj-group-tour-package | /en/bus/kashi-prayagraj-ayodhya-south | /en/city/prayagraj/events/varanasi-to-prayagraj-magh-mela-taxi-booking
namo ghat distance,info,0,939,0%,7.57,/en/city/varanasi/sightseeing/namo-ghat-varanasi,inferred_content_match,,low,all terms on page,/en/city/varanasi/taxi/varanasi-airport-to-namo-ghat-taxi | /en/city/varanasi/events/chhath-puja-2026-varanasi-guide | /en/city/varanasi/taxi/varanasi-airport-to-dashashwamedh-taxi
banaras to kashi vishwanath temple distance,info,0,834,0%,8.67,/en/services/dharamshala-near-kashi-vishwanath-temple-varanasi,inferred_content_match,,low,all terms on page,/en/city/varanasi/taxi/varanasi-airport-to-kashi-vishwanath-taxi | /en/services/budget-hotels-near-kashi-vishwanath-godowlia | /en/city/gaya/taxi/gaya-to-varanasi-taxi
varanasi to mau distance,info,1,824,0.12%,10.17,/en/city/varanasi/taxi/varanasi-airport-to-mau-taxi,inferred_content_match,,low,all terms on page,/en/city/varanasi/taxi/varanasi-airport-to-ballia-taxi | /en/city/varanasi/taxi/varanasi-airport-transfer-directory | /en/city/varanasi/taxi/varanasi-airport-transfer-guide
varanasi to bodhgaya distance,info,4,779,0.51%,5.13,/en/city/bodhgaya/taxi/varanasi-to-bodhgaya-taxi,inferred_content_match,,high,title,/en/city/varanasi/taxi/varanasi-to-bodhgaya-taxi-fare | /en/city/varanasi/taxi/bodhgaya-to-varanasi-taxi-fare | /en/varanasi-to-bodhgaya-taxi-cost
varanasi to ayodhya distance by road,info,1,770,0.13%,9.25,/en/ayodhya-varanasi-prayagraj-group-tour-package,inferred_content_match,,low,all terms on page,/en/bus/kashi-prayagraj-ayodhya-south | /en/city/ayodhya/taxi/ayodhya-to-varanasi-taxi | /en/city/varanasi/taxi/ayodhya-to-varanasi-taxi-fare
varanasi to vindhyachal distance by road,info,11,768,1.43%,4.74,/en/varanasi-to-vindhyachal-taxi,inferred_content_match,,medium,body,/en/city/varanasi/taxi/varanasi-airport-to-mirzapur-vindhyachal-taxi | /en/city/varanasi/taxi/varanasi-to-vindhyachal-taxi-fare | /en/city/varanasi/taxi/vindhyachal-to-varanasi-taxi-fare
banaras se vindhyachal ki duri,info,8,763,1.05%,2.92,/hi/varanasi-to-vindhyachal-taxi,inferred_content_match,,medium,body,/en/city/varanasi/taxi/varanasi-airport-to-mirzapur-vindhyachal-taxi | /en/city/varanasi/taxi/varanasi-to-vindhyachal-taxi-fare | /en/city/varanasi/taxi/vindhyachal-to-varanasi-taxi-fare
dasaswamedh ghat aarti time,info,0,759,0%,6.15,/en/city/varanasi/sightseeing/dashashwamedh-ghat-boat-ride-ganga-aarti-guide,inferred_content_match,,medium,all terms on page,/en/services/varanasi-airport-to-city-cab | /en/varanasi-in-october-2026 | /en/assi-ghat-evening-aarti-time
varanasi to ayodhya distance,info,1,754,0.13%,7.62,/en/city/varanasi/taxi/varanasi-to-ayodhya-taxi-fare,inferred_content_match,,low,body,/en/city/varanasi/tour-packages/ayodhya-varanasi-tour | /en/services/varanasi-ayodhya-tour-package | /en/varanasi-to-ayodhya-tempo-traveller
varanasi se vindhyachal ki duri,info,11,716,1.54%,2.93,/hi/varanasi-to-vindhyachal-taxi,inferred_content_match,,medium,body,/en/city/varanasi/taxi/varanasi-airport-to-mirzapur-vindhyachal-taxi | /en/city/varanasi/taxi/varanasi-to-vindhyachal-taxi-fare | /en/city/varanasi/taxi/vindhyachal-to-varanasi-taxi-fare
sarnath timing,info,52,698,7.45%,1.72,/en/sarnath-timing-visit-guide,inferred_content_match,,low,slug,/hi/sarnath-timing-visit-guide | /en/sarnath-complete-guide | /en/sarnath-attractions-guide
varanasi weather,info,2,599,0.33%,2.33,/en/varanasi-weather-guide,inferred_content_match,,medium,title,/hi/varanasi-weather-guide | /en/varanasi-january-weather-travel-guide | /en/best-time-to-visit-varanasi
kashi to ayodhya distance,info,0,597,0%,7.84,/en/city/varanasi/tour-packages/ayodhya-varanasi-tour,inferred_content_match,,medium,body,/en/ayodhya-varanasi-prayagraj-group-tour-package | /en/bus/kashi-prayagraj-ayodhya-south | /en/city/ayodhya/taxi/ayodhya-to-varanasi-taxi
banaras me kitne ghat h,info,4,580,0.69%,5.31,/en/city/varanasi/activities/84-ghats-boat-tour-varanasi,inferred_content_match,,low,slug (all terms),/en/city/varanasi/sightseeing/namo-ghat-varanasi | /en/city/varanasi/taxi/varanasi-airport-to-assi-ghat-taxi | /en/city/varanasi/taxi/varanasi-airport-to-kedar-ghat-taxi
namo ghat distance from my location,info,0,572,0%,7.21,/en/city/varanasi/events/chhath-puja-2026-varanasi-guide,inferred_content_match,,low,all terms on page,/en/services/varanasi-airport-to-city-cab | /en/city/varanasi/tour-packages/same-day-varanasi-tour | /en/city/varanasi/sightseeing/namo-ghat-varanasi
assi ghat aarti timings,info,5,549,0.91%,3.66,/en/assi-ghat-timings,inferred_content_match,,low,title,/en/assi-ghat-aarti-timings-2026 | /hi/assi-ghat-aarti-timings-2026 | /en/assi-ghat-evening-aarti-time
vindhyachal mandir distance,info,0,536,0%,8.01,/en/varanasi-to-vindhyachal-taxi,inferred_content_match,,low,all terms on page,/en/services/where-to-stay-in-vindhyachal | /en/city/jaunpur/taxi/varanasi-to-jaunpur-taxi | /en/city/varanasi/sightseeing/varanasi-local-sightseeing-package
varanasi airport to kashi temple distance,info,3,533,0.56%,4.15,/en/city/varanasi/taxi/varanasi-airport-to-kashi-vishwanath-taxi,inferred_content_match,,low,body,/en/city/varanasi/taxi/airport-taxi-service-varanasi | /en/city/varanasi/taxi/varanasi-airport-to-ghazipur-taxi | /en/city/varanasi/taxi/varanasi-airport-to-gorakhpur-taxi
varanasi to sarnath distance,info,4,515,0.78%,8.36,/en/varanasi-sightseeing-complete-guide,inferred_content_match,,low,body,/en/city/varanasi/taxi/varanasi-to-sarnath-taxi | /en/city/varanasi/taxi/varanasi-airport-to-sarnath-taxi | /en/city/bodhgaya/taxi/varanasi-to-bodhgaya-taxi
varanasi airport to varanasi railway station distance,info,10,506,1.98%,3.46,/en/city/varanasi/taxi/varanasi-airport-to-banaras-railway-station-taxi,inferred_content_match,,low,all terms on page,/en/city/varanasi/taxi/airport-taxi-service-varanasi | /en/city/varanasi/taxi/varanasi-railway-station-taxi-service | /en/services/hotels-near-varanasi-railway-station-cantt
suryast ka samay,info,0,504,0%,10.54,/hi/city/varanasi/activities/ganga-aarti-samay-varanasi-2026,inferred_content_match,,low,tokens (1/2),/hi/varanasi-tour-package
ganga aarti varanasi time,info,0,493,0%,11.09,/en/city/varanasi/activities/ganga-aarti-timing-varanasi-2026,inferred_content_match,,medium,body,/en/city/varanasi/sightseeing/kashi-vishwanath-temple-ganga-aarti-spiritual-journey-2026 | /en/evening-boat-ride-varanasi-ganga-aarti | /en/kashi-vishwanath-darshan-ganga-aarti-package
aaj suryoday kitne baje hoga,info,0,455,0%,11.66,,unmatched,,none,UNMATCHED,
banaras se gorakhpur ki duri,info,0,442,0%,9.46,/en/city/gorakhpur/taxi/varanasi-to-gorakhpur-taxi,inferred_content_match,,low,tokens (2/3),/en/city/varanasi/taxi/gorakhpur-to-varanasi-taxi-fare | /en/city/varanasi/taxi/varanasi-airport-to-gorakhpur-taxi | /en/city/varanasi/taxi/varanasi-to-gorakhpur-taxi-fare
ganga snan kab hai 2026 november,info,13,435,2.99%,1.69,/en/city/varanasi/events/kartik-purnima-ganga-snan-varanasi-2026,inferred_content_match,,low,tokens (4/5),/en/city/varanasi/events/mauni-amavasya-ganga-snan-varanasi-2026 | /en/city/varanasi/events/makar-sankranti-ganga-snan-varanasi-2026 | /en/ganga-mahotsav-2026-classical-festival-varanasi
banaras me kitne ghat hai,info,4,412,0.97%,7.06,/en/city/varanasi/activities/84-ghats-boat-tour-varanasi,inferred_content_match,,low,slug (all terms),/en/city/varanasi/sightseeing/namo-ghat-varanasi | /en/city/varanasi/taxi/varanasi-airport-to-assi-ghat-taxi | /en/city/varanasi/taxi/varanasi-airport-to-kedar-ghat-taxi
kashi to nepal distance,info,4,409,0.98%,5.41,/en/city/nepal/taxi/varanasi-to-nepal-taxi,inferred_content_match,,low,all terms on page,/en/city/bodhgaya/taxi/varanasi-to-bodhgaya-taxi | /en/city/gorakhpur/taxi/varanasi-to-gorakhpur-taxi | /en/city/varanasi/taxi/varanasi-airport-to-gorakhpur-taxi
kashi vishwanath to ayodhya distance,info,1,409,0.24%,7.8,/en/city/varanasi/tour-packages/ayodhya-varanasi-3-day-tour,inferred_content_match,,low,all terms on page,/en/ayodhya-varanasi-prayagraj-group-tour-package | /en/bus/kashi-prayagraj-ayodhya-south | /en/city/ayodhya/taxi/ayodhya-to-varanasi-taxi
assi ghat distance,info,0,407,0%,8.48,/en/assi-ghat-to-airport-taxi,inferred_content_match,,low,body,/en/city/varanasi/taxi/varanasi-airport-to-assi-ghat-taxi | /en/assi-ghat-evening-aarti-time | /en/city/varanasi/events/banaras-lit-fest-2026-venue-guide-hotels-logistics
ganga aarti timing in varanasi today,info,0,406,0%,9.89,/en/city/varanasi/activities/ganga-aarti-timing-varanasi-2026,inferred_content_match,,low,all terms on page,/en/city/varanasi/sightseeing/kashi-vishwanath-temple-ganga-aarti-spiritual-journey-2026 | /en/dashashwamedh-ghat-ganga-aarti-timing | /en/evening-boat-ride-varanasi-ganga-aarti
assi ghat ganga aarti timing,info,6,401,1.5%,3.46,/en/assi-ghat-aarti-timings-2026,inferred_content_match,,medium,body,/en/dashashwamedh-ghat-ganga-aarti-timing | /en/assi-ghat-evening-aarti-time | /en/assi-ghat-timings
varanasi to sarnath distance by road,info,1,400,0.25%,6.27,/en/city/varanasi/taxi/varanasi-to-sarnath-taxi,inferred_content_match,,low,all terms on page,/en/city/varanasi/taxi/varanasi-airport-to-sarnath-taxi | /en/city/bodhgaya/taxi/varanasi-to-bodhgaya-taxi | /en/city/varanasi/sightseeing/varanasi-local-sightseeing-package
banaras se vindhyachal ki duri kitni hai,info,6,387,1.55%,2.85,/en/city/varanasi/taxi/varanasi-airport-to-mirzapur-vindhyachal-taxi,inferred_content_match,,low,tokens (2/4),/en/city/varanasi/taxi/varanasi-to-vindhyachal-taxi-fare | /en/city/varanasi/taxi/vindhyachal-to-varanasi-taxi-fare | /en/navratri-pilgrimage-vindhyachal-from-varanasi-guide
banaras to vindhyachal distance,info,0,387,0%,4.84,/en/varanasi-to-vindhyachal-taxi,inferred_content_match,,medium,body,/en/city/varanasi/taxi/varanasi-airport-to-mirzapur-vindhyachal-taxi | /en/city/varanasi/taxi/varanasi-to-vindhyachal-taxi-fare | /en/city/varanasi/taxi/vindhyachal-to-varanasi-taxi-fare
kashi ganga aarti time,info,5,381,1.31%,8.6,/en/city/varanasi/sightseeing/kashi-vishwanath-temple-ganga-aarti-spiritual-journey-2026,inferred_content_match,,medium,body,/en/city/varanasi/activities/ganga-aarti-timing-varanasi-2026 | /en/evening-boat-ride-varanasi-ganga-aarti | /en/kashi-vishwanath-darshan-ganga-aarti-package
assi ghat aarti time today,info,15,367,4.09%,2.04,/en/assi-ghat-aarti-timings-2026,inferred_content_match,,low,all terms on page,/en/assi-ghat-evening-aarti-time | /en/dashashwamedh-ghat-ganga-aarti-timing | /en/city/varanasi/activities/ganga-aarti-timing-varanasi-2026
banaras se ayodhya ki duri kitni hai,info,0,365,0%,9.14,/en/ayodhya-varanasi-prayagraj-group-tour-package,inferred_content_match,,low,tokens (2/4),/en/bus/kashi-prayagraj-ayodhya-south | /en/city/ayodhya/taxi/ayodhya-to-varanasi-taxi | /en/city/varanasi/taxi/ayodhya-to-varanasi-taxi-fare
suryoday kitne baje hoga,info,0,363,0%,12.88,,unmatched,,none,UNMATCHED,
kashi se ayodhya ki duri,info,1,362,0.28%,7.94,/en/ayodhya-varanasi-prayagraj-group-tour-package,inferred_content_match,,low,tokens (2/3),/en/bus/kashi-prayagraj-ayodhya-south | /en/city/ayodhya/taxi/ayodhya-to-varanasi-taxi | /en/city/varanasi/taxi/ayodhya-to-varanasi-taxi-fare
banaras ki duri,info,0,351,0%,8.75,/hi/varanasi-to-vindhyachal-taxi,inferred_content_match,,low,all terms on page,/banaras-tour-package | /banaras-travel-agency | /bike-rentals-varanasi
sarnath temple timings,info,18,343,5.25%,4.03,/en/sarnath-timing-visit-guide,inferred_content_match,,high,title,/en/sarnath-buddhist-temple-guide | /en/sarnath-complete-guide | /en/ashoka-pillar-sarnath-guide
bodhgaya to varanasi distance,info,0,342,0%,7.69,/en/city/varanasi/taxi/bodhgaya-to-varanasi-taxi-fare,inferred_content_match,,medium,body,/en/city/bodhgaya/taxi/varanasi-to-bodhgaya-taxi | /en/city/varanasi/taxi/varanasi-to-bodhgaya-taxi-fare | /en/varanasi-to-bodhgaya-taxi-cost
ganga aarti time varanasi,info,1,341,0.29%,9.5,/en/city/varanasi/activities/ganga-aarti-timing-varanasi-2026,inferred_content_match,,medium,body,/en/city/varanasi/sightseeing/kashi-vishwanath-temple-ganga-aarti-spiritual-journey-2026 | /en/evening-boat-ride-varanasi-ganga-aarti | /en/kashi-vishwanath-darshan-ganga-aarti-package
suryast ka samay today,info,0,341,0%,10.2,/hi/city/varanasi/activities/ganga-aarti-samay-varanasi-2026,inferred_content_match,,low,tokens (1/3),/en/assi-ghat-aarti-timings-2026 | /bike-rentals-varanasi | /en/17-seater-tempo-traveller-varanasi
varanasi aarti time,info,2,338,0.59%,9.94,/en/city/varanasi/sightseeing/kashi-vishwanath-temple-ganga-aarti-spiritual-journey-2026,inferred_content_match,,medium,body,/en/assi-ghat-morning-aarti-time | /en/best-time-to-visit-varanasi | /en/city/varanasi/activities/ganga-aarti-timing-varanasi-2026
vindhyachal se banaras ki duri,info,4,335,1.19%,4.29,/hi/varanasi-to-vindhyachal-taxi,inferred_content_match,,low,all terms on page,/en/city/varanasi/taxi/varanasi-airport-to-mirzapur-vindhyachal-taxi | /en/city/varanasi/taxi/varanasi-to-vindhyachal-taxi-fare | /en/city/varanasi/taxi/vindhyachal-to-varanasi-taxi-fare
varanasi to prayagraj distance,info,0,332,0%,8.23,/en/varanasi-to-prayagraj-taxi,inferred_content_match,,high,title,/en/city/varanasi/taxi/varanasi-to-prayagraj-taxi-fare | /en/services/varanasi-prayagraj-tour-package | /en/varanasi-to-prayagraj-tempo-traveller
varanasi me kitne ghat hai,info,2,328,0.61%,5.64,/en/city/varanasi/activities/84-ghats-boat-tour-varanasi,inferred_content_match,,low,slug (all terms),/en/city/varanasi/sightseeing/namo-ghat-varanasi | /en/city/varanasi/taxi/varanasi-airport-to-assi-ghat-taxi | /en/city/varanasi/taxi/varanasi-airport-to-kedar-ghat-taxi
vindhyachal distance,info,0,323,0%,6.41,/en/city/varanasi/taxi/varanasi-airport-to-mirzapur-vindhyachal-taxi,inferred_content_match,,low,title,/en/varanasi-to-vindhyachal-taxi | /en/city/varanasi/taxi/varanasi-to-vindhyachal-taxi-fare | /en/city/varanasi/taxi/vindhyachal-to-varanasi-taxi-fare
assi ghat to manikarnika ghat distance,info,0,319,0%,8.89,/en/city/varanasi/taxi/manikarnika-ghat-cremation-guide,inferred_content_match,,low,all terms on page,/en/manikarnika-ghat-sacred-cremation-grounds | /en/city/varanasi/sightseeing/namo-ghat-varanasi | /en/city/varanasi/taxi/kedar-harishchandra-ghat-taxi-service
varanasi railway station to varanasi airport distance,info,3,318,0.94%,4.15,/en/city/varanasi/taxi/varanasi-airport-to-varanasi-junction-taxi,inferred_content_match,,low,body,/en/city/varanasi/taxi/varanasi-airport-to-banaras-railway-station-taxi | /en/city/varanasi/taxi/varanasi-railway-station-taxi-service | /en/services/hotels-near-varanasi-railway-station-cantt
varanasi to naimisharanya distance,info,1,318,0.31%,10.4,/en/varanasi-to-naimisharanya-tempo-traveller,inferred_content_match,,medium,body,/en/city/naimisharanya/taxi/varanasi-to-naimisharanya-taxi | /en/9-vs-12-vs-17-seater-tempo-traveller-varanasi | /en/city/lucknow/taxi/varanasi-to-lucknow-taxi
varanasi ganga aarti time today,info,0,317,0%,8.92,/en/city/varanasi/activities/ganga-aarti-timing-varanasi-2026,inferred_content_match,,low,all terms on page,/en/city/varanasi/sightseeing/kashi-vishwanath-temple-ganga-aarti-spiritual-journey-2026 | /en/evening-boat-ride-varanasi-ganga-aarti | /en/kashi-vishwanath-darshan-ganga-aarti-package
mirzapur to vindhyachal distance,info,0,305,0%,10.65,/en/city/varanasi/taxi/varanasi-airport-to-mirzapur-vindhyachal-taxi,inferred_content_match,,low,all terms on page,/en/varanasi-to-vindhyachal-taxi | /en/city/varanasi/taxi/varanasi-to-vindhyachal-taxi-fare | /en/city/varanasi/taxi/vindhyachal-to-varanasi-taxi-fare
sarnath opening time,info,14,296,4.73%,1.51,/en/ashoka-pillar-sarnath-guide,inferred_content_match,,low,all terms on page,/en/sarnath-buddhist-temple-guide | /en/sarnath-complete-guide | /en/sarnath-timing-visit-guide
aaj suryast ka samay,info,0,287,0%,11.79,/hi/city/varanasi/activities/ganga-aarti-samay-varanasi-2026,inferred_content_match,,low,tokens (1/3),/hi/varanasi-tour-package
banaras se ayodhya kitni dur hai,info,0,286,0%,9.08,/en/ayodhya-varanasi-prayagraj-group-tour-package,inferred_content_match,,low,tokens (2/4),/en/bus/kashi-prayagraj-ayodhya-south | /en/city/ayodhya/taxi/ayodhya-to-varanasi-taxi | /en/city/varanasi/taxi/ayodhya-to-varanasi-taxi-fare
vindhyachal ki duri,info,1,280,0.36%,4.09,/hi/varanasi-to-vindhyachal-taxi,inferred_content_match,,medium,body,/en/city/varanasi/taxi/varanasi-airport-to-mirzapur-vindhyachal-taxi | /en/city/varanasi/taxi/varanasi-to-vindhyachal-taxi-fare | /en/city/varanasi/taxi/vindhyachal-to-varanasi-taxi-fare
aaj suryoday ka samay,info,0,280,0%,10.15,/hi/city/varanasi/activities/ganga-aarti-samay-varanasi-2026,inferred_content_match,,low,tokens (1/3),/hi/varanasi-tour-package
banaras mein kitne ghat hai,info,3,277,1.08%,6.99,/en/varanasi-kite-wars-tourist-guide-makar-sankranti-2026,inferred_content_match,,low,all terms on page,/en/dev-deepawali-boat-ride-pricing-guide-2026 | /en/city/varanasi/activities/84-ghats-boat-tour-varanasi | /en/city/varanasi/sightseeing/namo-ghat-varanasi
varanasi ganga aarti timings,info,1,274,0.36%,9.3,/en/city/varanasi/activities/ganga-aarti-timing-varanasi-2026,inferred_content_match,,high,slug (all terms),/en/city/varanasi/sightseeing/kashi-vishwanath-temple-ganga-aarti-spiritual-journey-2026 | /en/dashashwamedh-ghat-ganga-aarti-timing | /en/evening-boat-ride-varanasi-ganga-aarti
kashi to ayodhya distance by road,info,1,274,0.36%,9.44,/en/ayodhya-varanasi-prayagraj-group-tour-package,inferred_content_match,,low,all terms on page,/en/bus/kashi-prayagraj-ayodhya-south | /en/city/ayodhya/taxi/ayodhya-to-varanasi-taxi | /en/city/varanasi/taxi/ayodhya-to-varanasi-taxi-fare
banaras se ayodhya kitna dur hai,info,1,274,0.36%,9.74,/en/ayodhya-varanasi-prayagraj-group-tour-package,inferred_content_match,,low,tokens (2/3),/en/bus/kashi-prayagraj-ayodhya-south | /en/city/ayodhya/taxi/ayodhya-to-varanasi-taxi | /en/city/varanasi/taxi/ayodhya-to-varanasi-taxi-fare
ganga aarti time in varanasi,info,1,271,0.37%,9.37,/en/city/varanasi/activities/ganga-aarti-timing-varanasi-2026,inferred_content_match,,low,all terms on page,/en/city/varanasi/sightseeing/kashi-vishwanath-temple-ganga-aarti-spiritual-journey-2026 | /en/evening-boat-ride-varanasi-ganga-aarti | /en/kashi-vishwanath-darshan-ganga-aarti-package
sunrise time varanasi,info,0,268,0%,8.07,/hi/varanasi-sunrise-time,inferred_content_match,,high,slug (all terms),/en/varanasi-sunrise-boat-ride-timings | /en/best-time-to-visit-varanasi | /en/city/varanasi/activities/sunrise-yoga-varanasi-2026
kashi me kitne ghat hai,info,0,266,0%,5.97,/en/city/varanasi/activities/84-ghats-boat-tour-varanasi,inferred_content_match,,low,slug (all terms),/en/city/varanasi/sightseeing/namo-ghat-varanasi | /en/city/varanasi/taxi/varanasi-airport-to-assi-ghat-taxi | /en/city/varanasi/taxi/varanasi-airport-to-kedar-ghat-taxi
banaras mein kitne ghat hain,info,1,264,0.38%,5.72,/en/dev-deepawali-boat-ride-pricing-guide-2026,inferred_content_match,,low,all terms on page,/en/city/varanasi/activities/84-ghats-boat-tour-varanasi | /en/city/varanasi/sightseeing/namo-ghat-varanasi | /en/city/varanasi/taxi/varanasi-airport-to-assi-ghat-taxi
banaras se gorakhpur kitna kilometre hai,info,0,263,0%,8.21,/en/city/kushinagar/taxi/varanasi-to-kushinagar-taxi,inferred_content_match,,low,all terms on page,/en/varanasi-airport-taxi-price-guide | /en/city/gorakhpur/taxi/varanasi-to-gorakhpur-taxi | /en/city/varanasi/taxi/gorakhpur-to-varanasi-taxi-fare
varanasi to ddu station distance by road,info,0,263,0%,10.0,/en/city/varanasi/taxi/varanasi-railway-station-taxi-service,inferred_content_match,,low,all terms on page,/en/how-to-reach-varanasi | /en/services/varanasi-airport-to-city-cab | /en/city/varanasi/taxi/mughalsarai-to-varanasi-taxi-fare
sarnath temple varanasi timings,info,14,255,5.49%,1.75,/en/sarnath-buddhist-temple-guide,inferred_content_match,,low,all terms on page,/en/sarnath-timing-visit-guide | /en/city/varanasi/taxi/varanasi-to-sarnath-taxi | /en/varanasi-sunrise-boat-ride-timings
manikarnika ghat distance from my location,info,0,255,0%,7.15,/en/city/varanasi/taxi/shivala-ghat-taxi-service,inferred_content_match,,low,all terms on page,/bike-rentals-varanasi | /en/city/varanasi/food/varanasi-street-food-guide | /en/city/varanasi/sightseeing/varanasi-local-sightseeing-package
kashi to naimisharanya distance,info,0,255,0%,9.91,/en/city/naimisharanya/taxi/varanasi-to-naimisharanya-taxi,inferred_content_match,,low,all terms on page,/en/varanasi-to-naimisharanya-tempo-traveller | /en/9-vs-12-vs-17-seater-tempo-traveller-varanasi | /en/city/lucknow/taxi/varanasi-to-lucknow-taxi
varanasi to kashi vishwanath distance,info,0,254,0%,7.19,/en/city/varanasi/taxi/varanasi-airport-to-kashi-vishwanath-taxi,inferred_content_match,,low,all terms on page,/en/services/budget-hotels-near-kashi-vishwanath-godowlia | /en/services/dharamshala-near-kashi-vishwanath-temple-varanasi | /en/city/gaya/taxi/gaya-to-varanasi-taxi
rath yatra ka mela kab hai,info,1,249,0.4%,5.39,/en/jagannath-rath-yatra-varanasi-2026,inferred_content_match,,low,tokens (3/4),/en/bus/kashi-rameshwaram-twin-jyotirlinga-yatra | /en/bus/kashi-yatra-south-india-bus-package | /en/city/prayagraj/events/magh-mela-2026-travel-guide-varanasi
varanasi junction to varanasi airport distance,info,2,246,0.81%,4.68,/en/city/varanasi/taxi/varanasi-airport-to-varanasi-junction-taxi,inferred_content_match,,low,all terms on page,/en/city/varanasi/taxi/varanasi-airport-to-ddu-junction-taxi | /en/city/varanasi/taxi/varanasi-airport-to-jaunpur-taxi | /en/city/varanasi/taxi/varanasi-airport-to-patna-taxi
kashi vishwanath temple to manikarnika ghat distance,info,0,246,0%,8.17,/en/manikarnika-ghat-sacred-cremation-grounds,inferred_content_match,,low,all terms on page,/en/city/varanasi/taxi/manikarnika-ghat-cremation-guide | /en/guide-to-10-most-important-ghats-of-varanasi | /en/city/varanasi/events/kartik-purnima-ganga-snan-varanasi-2026
assi ghat distance from my location,info,0,241,0%,10.36,/en/city/varanasi/taxi/shivala-ghat-taxi-service,inferred_content_match,,low,all terms on page,/en/city/varanasi/events/chhath-puja-2026-varanasi-guide | /en/services/hotel-booking-in-varanasi | /en/services/varanasi-airport-to-city-cab
dashashwamedh ghat aarti time today,info,3,238,1.26%,3.43,/en/assi-ghat-aarti-timings-2026,inferred_content_match,,low,all terms on page,/en/assi-ghat-evening-aarti-time | /en/dashashwamedh-ghat-ganga-aarti-timing | /en/city/varanasi/activities/ganga-aarti-timing-varanasi-2026
distance between varanasi to vindhyachal,info,1,230,0.43%,5.9,/en/varanasi-to-vindhyachal-taxi,inferred_content_match,,medium,body,/en/travel-from-varanasi-to-vindhyachal | /bike-rentals-varanasi | /en/city/varanasi/taxi/varanasi-airport-transfer-guide
banaras mein kul kitne ghat hain,info,2,226,0.88%,6.08,/en/city/varanasi/activities/84-ghats-boat-tour-varanasi,inferred_content_match,,low,tokens (2/5),/en/city/varanasi/sightseeing/namo-ghat-varanasi | /en/city/varanasi/taxi/varanasi-airport-to-assi-ghat-taxi | /en/city/varanasi/taxi/varanasi-airport-to-kedar-ghat-taxi
varanasi to ayodhya ram mandir distance,info,0,223,0%,8.31,/en/city/varanasi/tour-packages/ayodhya-varanasi-tour,inferred_content_match,,low,all terms on page,/en/services/varanasi-ayodhya-tour-package | /en/varanasi-to-ayodhya-taxi | /en/city/ayodhya/taxi/ayodhya-to-varanasi-taxi
varanasi airport distance,info,0,222,0%,6.57,/en/assi-ghat-to-airport-taxi,inferred_content_match,,high,title,/en/city/varanasi/taxi/varanasi-airport-to-varanasi-junction-taxi | /en/city/varanasi/taxi/varanasi-airport-to-ghazipur-taxi | /en/city/varanasi/taxi/varanasi-airport-to-gorakhpur-taxi
varanasi to nepal distance by road,info,3,221,1.36%,3.32,/en/city/nepal/taxi/varanasi-to-nepal-taxi,inferred_content_match,,low,all terms on page,/en/city/bodhgaya/taxi/varanasi-to-bodhgaya-taxi | /en/how-to-reach-varanasi | /en/city/kathmandu/taxi/varanasi-to-kathmandu-taxi
sarnath museum timing,info,1,220,0.45%,4.21,/en/sarnath-timing-visit-guide,inferred_content_match,,low,body,/en/sarnath-complete-guide | /en/city/varanasi/taxi/varanasi-airport-to-sarnath-taxi | /en/varanasi-sightseeing-complete-guide
kedar ghat to kashi vishwanath temple distance,info,1,220,0.45%,4.36,/en/city/varanasi/taxi/kedar-harishchandra-ghat-taxi-service,inferred_content_match,,low,all terms on page,/en/guide-to-10-most-important-ghats-of-varanasi | /en/city/varanasi/events/kartik-purnima-ganga-snan-varanasi-2026 | /en/city/varanasi/taxi/varanasi-airport-to-varanasi-city-station-taxi
varanasi airport to varanasi junction distance,info,0,220,0%,3.87,/en/city/varanasi/taxi/varanasi-airport-to-varanasi-junction-taxi,inferred_content_match,,high,title,/en/city/varanasi/taxi/varanasi-airport-to-ddu-junction-taxi | /en/city/varanasi/taxi/varanasi-airport-to-jaunpur-taxi | /en/city/varanasi/taxi/varanasi-airport-to-patna-taxi
kashi vishwanath temple distance,info,0,219,0%,9.22,/en/city/varanasi/taxi/varanasi-airport-to-kashi-vishwanath-taxi,inferred_content_match,,low,body,/en/services/dharamshala-near-kashi-vishwanath-temple-varanasi | /en/city/varanasi/events/banaras-lit-fest-2026-venue-guide-hotels-logistics | /en/services/varanasi-airport-to-city-cab
morning ganga aarti timing in varanasi,info,4,218,1.83%,4.6,/en/city/varanasi/activities/ganga-aarti-timing-varanasi-2026,inferred_content_match,,low,all terms on page,/en/city/varanasi/sightseeing/kashi-vishwanath-temple-ganga-aarti-spiritual-journey-2026 | /en/dashashwamedh-ghat-ganga-aarti-timing | /en/kashi-vishwanath-darshan-ganga-aarti-package
aaj ka suryast,info,0,216,0%,11.31,,unmatched,,none,UNMATCHED,
sarnath closing time,info,3,215,1.4%,1.86,/en/ashoka-pillar-sarnath-guide,inferred_content_match,,low,all terms on page,/en/sarnath-complete-guide | /en/sarnath-timing-visit-guide | /en/city/varanasi/events/banaras-lit-fest-2026-venue-guide-hotels-logistics
banaras me ganga aarti kab hoti hai,info,0,215,0%,7.22,/en/city/varanasi/activities/ganga-aarti-timing-varanasi-2026,inferred_content_match,,low,tokens (3/5),/en/city/varanasi/sightseeing/kashi-vishwanath-temple-ganga-aarti-spiritual-journey-2026 | /en/evening-boat-ride-varanasi-ganga-aarti | /en/kashi-vishwanath-darshan-ganga-aarti-package
vindhyachal to varanasi distance by road,info,0,213,0%,6.77,/en/city/varanasi/taxi/varanasi-airport-to-mirzapur-vindhyachal-taxi,inferred_content_match,,low,all terms on page,/en/varanasi-to-vindhyachal-taxi | /en/city/varanasi/taxi/varanasi-to-vindhyachal-taxi-fare | /en/city/varanasi/taxi/vindhyachal-to-varanasi-taxi-fare
sarnath varanasi timings,info,10,211,4.74%,2.79,/en/city/varanasi/taxi/varanasi-to-sarnath-taxi,inferred_content_match,,low,all terms on page,/en/sarnath-timing-visit-guide | /en/varanasi-sunrise-boat-ride-timings | /en/varanasi-to-sarnath-tempo-traveller
varanasi to prayagraj to ayodhya distance,info,0,207,0%,5.86,/en/ayodhya-varanasi-prayagraj-group-tour-package,inferred_content_match,,low,all terms on page,/en/bus/kashi-prayagraj-ayodhya-south | /en/services/varanasi-ayodhya-prayagraj-pilgrimage-taxi | /en/varanasi-to-prayagraj-taxi
suryoday ka samay,info,0,204,0%,9.88,/hi/city/varanasi/activities/ganga-aarti-samay-varanasi-2026,inferred_content_match,,low,tokens (1/2),/hi/varanasi-tour-package
varanasi to vindhyavasini temple distance,info,8,203,3.94%,2.75,/en/varanasi-to-vindhyachal-taxi,inferred_content_match,,medium,body,/en/city/varanasi/taxi/varanasi-airport-to-mirzapur-vindhyachal-taxi | /en/city/chitrakoot/taxi/varanasi-to-chitrakoot-taxi | /en/city/varanasi/taxi/varanasi-airport-transfer-guide
varanasi to vindhyachal temple distance,info,8,201,3.98%,3.09,/en/varanasi-to-vindhyachal-taxi,inferred_content_match,,medium,body,/en/city/varanasi/taxi/varanasi-airport-to-mirzapur-vindhyachal-taxi | /en/city/varanasi/taxi/varanasi-to-vindhyachal-taxi-fare | /en/city/varanasi/taxi/vindhyachal-to-varanasi-taxi-fare
vindhyachal mandir kitna kilometre hai,info,0,200,0%,5.92,/en/varanasi-airport-taxi-price-guide,inferred_content_match,,low,all terms on page,/en/services/where-to-stay-in-vindhyachal | /en/varanasi-to-vindhyachal-taxi | /en/city/varanasi/taxi/varanasi-airport-to-mirzapur-vindhyachal-taxi
80 ghat aarti time,info,3,198,1.52%,3.51,/en/assi-ghat-aarti-timings-2026,inferred_content_match,,low,all terms on page,/en/city/varanasi/sightseeing/dashashwamedh-ghat-boat-ride-ganga-aarti-guide | /en/dashashwamedh-ghat-ganga-aarti-timing | /hi/assi-ghat-aarti-timings-2026
best time to visit varanasi,info,0,196,0%,7.97,/en/best-time-to-visit-varanasi,inferred_content_match,,medium,title,/hi/best-time-to-visit-varanasi | /en/holi-2026-varanasi-guide | /en/varanasi-weather-guide
ganga aarti time,info,0,191,0%,9.16,/en/city/varanasi/activities/ganga-aarti-timing-varanasi-2026,inferred_content_match,,low,body,/en/city/varanasi/sightseeing/kashi-vishwanath-temple-ganga-aarti-spiritual-journey-2026 | /en/city/varanasi/sightseeing/dashashwamedh-ghat-boat-ride-ganga-aarti-guide | /en/city/varanasi/sightseeing/namo-ghat-varanasi
banaras se ayodhya kitne kilometre hai,info,0,190,0%,6.64,/en/bus/kashi-yatra-south-india-bus-package,inferred_content_match,,low,all terms on page,/en/city/varanasi/taxi/one-way-taxi-varanasi | /en/varanasi-airport-taxi-price-guide | /en/ramnagar-ramlila-moving-stages-guide
kashi vishwanath distance,info,0,188,0%,8.6,/en/city/ayodhya/taxi/ayodhya-to-varanasi-taxi,inferred_content_match,,low,body,/en/services/varanasi-airport-to-city-cab | /en/varanasi-airport-taxi-price-guide | /en/city/varanasi/taxi/airport-taxi-service-varanasi
ganga aarti varanasi timing,info,2,187,1.07%,8.43,/en/city/varanasi/activities/ganga-aarti-timing-varanasi-2026,inferred_content_match,,high,slug (all terms),/en/city/varanasi/sightseeing/kashi-vishwanath-temple-ganga-aarti-spiritual-journey-2026 | /en/dashashwamedh-ghat-ganga-aarti-timing | /en/evening-boat-ride-varanasi-ganga-aarti
assi ghat evening aarti time,info,0,187,0%,5.33,/en/assi-ghat-evening-aarti-time,inferred_content_match,,high,slug,/en/assi-ghat-morning-aarti-time | /en/assi-ghat-aarti-timings-2026 | /en/city/varanasi/taxi/varanasi-airport-to-assi-ghat-taxi
manikarnika ghat to kashi vishwanath temple distance,info,0,187,0%,8.53,/en/manikarnika-ghat-sacred-cremation-grounds,inferred_content_match,,low,all terms on page,/en/city/varanasi/taxi/manikarnika-ghat-cremation-guide | /en/guide-to-10-most-important-ghats-of-varanasi | /en/city/varanasi/events/kartik-purnima-ganga-snan-varanasi-2026
varanasi to vindhyachal temple distance by road,info,4,183,2.19%,3.24,/en/city/varanasi/taxi/varanasi-airport-to-mirzapur-vindhyachal-taxi,inferred_content_match,,low,all terms on page,/en/varanasi-to-vindhyachal-taxi | /en/city/varanasi/taxi/varanasi-to-vindhyachal-taxi-fare | /en/city/varanasi/taxi/vindhyachal-to-varanasi-taxi-fare
varanasi weather in september 2026,info,0,183,0%,6.97,/en/varanasi-in-monsoon-july-september-2026,inferred_content_match,,low,all terms on page,/en/varanasi-in-october-2026 | /en/varanasi-weather-guide | /en/city/varanasi/activities/ganga-aarti-timing-varanasi-2026
banaras se vindhyachal kitna kilometre hai,info,3,182,1.65%,2.94,/en/city/varanasi/taxi/one-way-taxi-varanasi,inferred_content_match,,low,all terms on page,/en/varanasi-airport-taxi-price-guide | /en/city/varanasi/taxi/varanasi-airport-to-mirzapur-vindhyachal-taxi | /en/city/varanasi/taxi/varanasi-to-vindhyachal-taxi-fare
banaras to kashi vishwanath distance,info,0,182,0%,7.75,/en/city/varanasi/taxi/varanasi-airport-to-kashi-vishwanath-taxi,inferred_content_match,,low,all terms on page,/en/services/budget-hotels-near-kashi-vishwanath-godowlia | /en/services/dharamshala-near-kashi-vishwanath-temple-varanasi | /en/city/gaya/taxi/gaya-to-varanasi-taxi
varanasi distance,info,0,181,0%,8.1,/en/varanasi-to-vindhyachal-taxi,inferred_content_match,,low,body,/en/city/varanasi/events/banaras-lit-fest-2026-venue-guide-hotels-logistics | /en/city/varanasi/taxi/ayodhya-to-varanasi-taxi-fare | /en/city/varanasi/taxi/azamgarh-to-varanasi-taxi-fare
banaras me kul kitne ghat hai,info,1,180,0.56%,5.23,/en/city/varanasi/activities/84-ghats-boat-tour-varanasi,inferred_content_match,,low,tokens (2/3),/en/city/varanasi/sightseeing/namo-ghat-varanasi | /en/city/varanasi/taxi/varanasi-airport-to-assi-ghat-taxi | /en/city/varanasi/taxi/varanasi-airport-to-kedar-ghat-taxi
november 2026 mein ganga snan kab hai,info,2,177,1.13%,2.93,/en/city/varanasi/events/kartik-purnima-ganga-snan-varanasi-2026,inferred_content_match,,low,tokens (4/6),/en/city/varanasi/events/mauni-amavasya-ganga-snan-varanasi-2026 | /en/city/varanasi/events/makar-sankranti-ganga-snan-varanasi-2026 | /en/ganga-mahotsav-2026-classical-festival-varanasi
aaj ka suryoday ka samay,info,0,176,0%,11.48,/hi/city/varanasi/activities/ganga-aarti-samay-varanasi-2026,inferred_content_match,,low,tokens (1/3),/hi/varanasi-tour-package
banaras se prayagraj ki duri,info,0,175,0%,9.75,/hi/varanasi-to-vindhyachal-taxi,inferred_content_match,,low,all terms on page,/en/ayodhya-varanasi-prayagraj-group-tour-package | /en/bus/kashi-prayagraj-ayodhya-south | /en/city/prayagraj/events/varanasi-to-prayagraj-magh-mela-taxi-booking
vindhyachal station to vindhyachal mandir distance,info,0,173,0%,3.54,/en/varanasi-to-vindhyachal-taxi,inferred_content_match,,low,all terms on page,/en/services/where-to-stay-in-vindhyachal | /en/city/varanasi/taxi/varanasi-airport-transfer-guide | /en/varanasi-group-tour-package
varanasi ki duri,info,0,173,0%,6.73,/hi/varanasi-to-vindhyachal-taxi,inferred_content_match,,low,all terms on page,/banaras-tour-package | /banaras-travel-agency | /bike-rentals-varanasi
kashi vishwanath to prayagraj distance,info,0,173,0%,8.39,/en/varanasi-to-prayagraj-taxi,inferred_content_match,,low,all terms on page,/en/ayodhya-varanasi-prayagraj-group-tour-package | /en/bus/kashi-prayagraj-ayodhya-south | /en/city/prayagraj/taxi/prayagraj-to-varanasi-taxi
varanasi to pashupatinath temple nepal distance,info,0,172,0%,8.32,/en/city/nepal/taxi/varanasi-to-nepal-taxi,inferred_content_match,,low,all terms on page,/en/city/gorakhpur/taxi/varanasi-to-gorakhpur-taxi | /en/city/kathmandu/taxi/varanasi-to-kathmandu-taxi | /en/services/dharamshala-near-kashi-vishwanath-temple-varanasi
varanasi city to kashi vishwanath temple distance,info,0,172,0%,8.97,/en/services/dharamshala-near-kashi-vishwanath-temple-varanasi,inferred_content_match,,low,all terms on page,/en/city/varanasi/taxi/how-to-reach-tent-city-varanasi | /en/city/varanasi/taxi/varanasi-airport-to-kashi-vishwanath-taxi | /en/city/varanasi/taxi/varanasi-airport-to-varanasi-city-station-taxi
kashi vishwanath se ayodhya ki duri,info,0,171,0%,8.3,/en/city/varanasi/tour-packages/ayodhya-varanasi-3-day-tour,inferred_content_match,,low,tokens (3/4),/en/ayodhya-varanasi-prayagraj-group-tour-package | /en/bus/kashi-prayagraj-ayodhya-south | /en/city/ayodhya/taxi/ayodhya-to-varanasi-taxi
varanasi junction to airport distance,info,0,170,0%,3.45,/en/city/varanasi/taxi/varanasi-airport-to-varanasi-junction-taxi,inferred_content_match,,low,all terms on page,/en/city/varanasi/taxi/varanasi-airport-to-ddu-junction-taxi | /en/city/varanasi/taxi/varanasi-airport-to-jaunpur-taxi | /en/city/varanasi/taxi/varanasi-airport-to-patna-taxi
varanasi to airport distance,info,1,168,0.6%,3.4,/en/city/varanasi/taxi/varanasi-airport-to-ghazipur-taxi,inferred_content_match,,low,all terms on page,/en/city/varanasi/taxi/varanasi-airport-to-gorakhpur-taxi | /en/city/varanasi/taxi/varanasi-airport-to-jalalpur-taxi | /en/city/varanasi/taxi/varanasi-airport-to-jaunpur-taxi
weather in varanasi in september 2026,info,0,167,0%,7.02,/en/varanasi-in-monsoon-july-september-2026,inferred_content_match,,low,all terms on page,/en/varanasi-in-october-2026 | /en/varanasi-weather-guide | /en/city/varanasi/activities/ganga-aarti-timing-varanasi-2026
varanasi airport to kashi distance,info,2,166,1.2%,4.27,/en/city/varanasi/taxi/airport-taxi-service-varanasi,inferred_content_match,,low,body,/en/city/varanasi/taxi/varanasi-airport-to-ghazipur-taxi | /en/city/varanasi/taxi/varanasi-airport-to-gorakhpur-taxi | /en/city/varanasi/taxi/varanasi-airport-to-jalalpur-taxi
varanasi se gorakhpur ki duri,info,0,166,0%,9.83,/en/city/gorakhpur/taxi/varanasi-to-gorakhpur-taxi,inferred_content_match,,low,tokens (2/3),/en/city/varanasi/taxi/gorakhpur-to-varanasi-taxi-fare | /en/city/varanasi/taxi/varanasi-airport-to-gorakhpur-taxi | /en/city/varanasi/taxi/varanasi-to-gorakhpur-taxi-fare
banaras se vindhyachal kitna dur hai,info,8,164,4.88%,2.87,/en/city/varanasi/taxi/varanasi-airport-to-mirzapur-vindhyachal-taxi,inferred_content_match,,low,tokens (2/3),/en/city/varanasi/taxi/varanasi-to-vindhyachal-taxi-fare | /en/city/varanasi/taxi/vindhyachal-to-varanasi-taxi-fare | /en/navratri-pilgrimage-vindhyachal-from-varanasi-guide
sarnath mandir timing,info,7,163,4.29%,10.09,/en/sarnath-buddhist-temple-guide,inferred_content_match,,low,all terms on page,/en/sarnath-complete-guide | /en/city/varanasi/activities/84-ghats-boat-tour-varanasi | /en/city/varanasi/events/makar-sankranti-ganga-snan-varanasi-2026
vindhyachal mandir mirzapur to varanasi distance,info,3,162,1.85%,2.33,/en/varanasi-to-vindhyachal-taxi,inferred_content_match,,medium,all terms on page,/en/city/varanasi/taxi/varanasi-airport-transfer-guide | /en/services/where-to-stay-in-vindhyachal | /en/city/varanasi/taxi/varanasi-airport-to-mirzapur-vindhyachal-taxi
varanasi airport to railway station distance,info,5,159,3.14%,2.8,/en/city/varanasi/taxi/varanasi-airport-to-varanasi-junction-taxi,inferred_content_match,,low,body,/en/city/varanasi/taxi/varanasi-airport-to-banaras-railway-station-taxi | /en/city/varanasi/taxi/airport-taxi-service-varanasi | /en/city/varanasi/taxi/varanasi-railway-station-taxi-service
vindhyachal distance from varanasi,info,1,157,0.64%,4.98,/en/city/varanasi/taxi/varanasi-airport-to-mirzapur-vindhyachal-taxi,inferred_content_match,,low,all terms on page,/en/varanasi-to-vindhyachal-taxi | /en/city/varanasi/taxi/varanasi-to-vindhyachal-taxi-fare | /en/city/varanasi/taxi/vindhyachal-to-varanasi-taxi-fare
vindhyachal mandir to varanasi distance,info,2,154,1.3%,3.22,/en/varanasi-to-vindhyachal-taxi,inferred_content_match,,medium,all terms on page,/en/city/jaunpur/taxi/varanasi-to-jaunpur-taxi | /en/city/varanasi/sightseeing/varanasi-local-sightseeing-package | /en/city/varanasi/taxi/varanasi-airport-transfer-guide
morning ganga aarti time in varanasi,info,2,154,1.3%,7.03,/en/city/varanasi/activities/ganga-aarti-timing-varanasi-2026,inferred_content_match,,low,all terms on page,/en/city/varanasi/sightseeing/kashi-vishwanath-temple-ganga-aarti-spiritual-journey-2026 | /en/kashi-vishwanath-darshan-ganga-aarti-package | /en/best-time-to-visit-varanasi
banaras ganga aarti time,info,1,154,0.65%,7.59,/en/city/varanasi/activities/ganga-aarti-timing-varanasi-2026,inferred_content_match,,low,all terms on page,/en/city/varanasi/sightseeing/kashi-vishwanath-temple-ganga-aarti-spiritual-journey-2026 | /en/evening-boat-ride-varanasi-ganga-aarti | /en/kashi-vishwanath-darshan-ganga-aarti-package
assi ghat aarti time morning,info,5,151,3.31%,1.87,/en/assi-ghat-morning-aarti-time,inferred_content_match,,high,slug (all terms),/en/assi-ghat-aarti-timings-2026 | /en/assi-ghat-evening-aarti-time | /en/city/varanasi/taxi/varanasi-airport-to-assi-ghat-taxi
ayodhya se kashi vishwanath ki duri,info,1,148,0.68%,9.22,/en/city/varanasi/tour-packages/ayodhya-varanasi-3-day-tour,inferred_content_match,,low,tokens (3/4),/en/ayodhya-varanasi-prayagraj-group-tour-package | /en/bus/kashi-prayagraj-ayodhya-south | /en/city/ayodhya/taxi/ayodhya-to-varanasi-taxi
varanasi city to airport distance,info,1,147,0.68%,4.43,/en/city/varanasi/taxi/varanasi-airport-to-varanasi-city-station-taxi,inferred_content_match,,low,all terms on page,/en/services/varanasi-airport-to-city-cab | /en/city/varanasi/taxi/how-to-reach-tent-city-varanasi | /en/city/varanasi/taxi/taxi-for-tent-city-varanasi
varanasi to vindhyachal mandir distance,info,4,146,2.74%,3.95,/en/varanasi-to-vindhyachal-taxi,inferred_content_match,,medium,all terms on page,/en/city/jaunpur/taxi/varanasi-to-jaunpur-taxi | /en/city/varanasi/sightseeing/varanasi-local-sightseeing-package | /en/city/varanasi/taxi/varanasi-airport-transfer-guide
varanasi airport to kashi vishwanath distance,info,1,146,0.68%,3.95,/en/varanasi-airport-taxi-price-guide,inferred_content_match,,low,body,/en/city/varanasi/taxi/varanasi-airport-to-kashi-vishwanath-taxi | /en/city/varanasi/taxi/varanasi-airport-to-varanasi-junction-taxi | /en/city/varanasi/taxi/varanasi-airport-to-varanasi-city-station-taxi
vindhyachal to kashi vishwanath distance,info,1,145,0.69%,8.53,/en/varanasi-to-vindhyachal-taxi,inferred_content_match,,low,all terms on page,/en/city/varanasi/taxi/vindhyachal-to-varanasi-taxi-fare | /en/services/hotel-booking-in-varanasi | /en/varanasi-to-prayagraj-taxi
ayodhya se kashi ki duri,info,1,145,0.69%,9.12,/en/ayodhya-varanasi-prayagraj-group-tour-package,inferred_content_match,,low,tokens (2/3),/en/bus/kashi-prayagraj-ayodhya-south | /en/city/ayodhya/taxi/ayodhya-to-varanasi-taxi | /en/city/varanasi/taxi/ayodhya-to-varanasi-taxi-fare
kashi to prayagraj distance by road,info,1,141,0.71%,4.86,/en/varanasi-to-prayagraj-taxi,inferred_content_match,,low,all terms on page,/en/ayodhya-varanasi-prayagraj-group-tour-package | /en/bus/kashi-prayagraj-ayodhya-south | /en/city/prayagraj/taxi/prayagraj-to-varanasi-taxi
varanasi airport to temple distance,info,3,140,2.14%,2.33,/en/city/varanasi/taxi/varanasi-airport-to-ghazipur-taxi,inferred_content_match,,low,all terms on page,/en/city/varanasi/taxi/varanasi-airport-to-gorakhpur-taxi | /en/city/varanasi/taxi/varanasi-airport-to-jaunpur-taxi | /en/city/varanasi/taxi/varanasi-airport-to-kedar-ghat-taxi
banaras se ayodhya kitna kilometre hai,info,1,140,0.71%,8.82,/en/bus/kashi-yatra-south-india-bus-package,inferred_content_match,,low,all terms on page,/en/city/varanasi/taxi/one-way-taxi-varanasi | /en/varanasi-airport-taxi-price-guide | /en/ramnagar-ramlila-moving-stages-guide
varanasi me ganga aarti kitne baje hota hai,info,1,135,0.74%,6.61,/en/city/varanasi/activities/ganga-aarti-timing-varanasi-2026,inferred_content_match,,low,tokens (3/5),/en/city/varanasi/sightseeing/kashi-vishwanath-temple-ganga-aarti-spiritual-journey-2026 | /en/evening-boat-ride-varanasi-ganga-aarti | /en/kashi-vishwanath-darshan-ganga-aarti-package
dashashwamedh ghat ganga aarti time,info,1,132,0.76%,4.85,/en/city/varanasi/sightseeing/dashashwamedh-ghat-boat-ride-ganga-aarti-guide,inferred_content_match,,low,all terms on page,/en/dashashwamedh-ghat-ganga-aarti-timing | /en/assi-ghat-evening-aarti-time | /en/assi-ghat-aarti-timings-2026
varanasi junction to namo ghat distance,info,1,132,0.76%,9.16,/en/city/varanasi/sightseeing/namo-ghat-varanasi,inferred_content_match,,medium,all terms on page,/en/city/varanasi/events/chhath-puja-2026-varanasi-guide | /en/city/varanasi/taxi/varanasi-airport-to-dashashwamedh-taxi | /en/services/varanasi-airport-to-city-cab
banaras mein ganga aarti kitne baje hoti hai,info,1,129,0.78%,5.54,/en/city/varanasi/activities/ganga-aarti-timing-varanasi-2026,inferred_content_match,,low,tokens (3/6),/en/city/varanasi/sightseeing/kashi-vishwanath-temple-ganga-aarti-spiritual-journey-2026 | /en/evening-boat-ride-varanasi-ganga-aarti | /en/kashi-vishwanath-darshan-ganga-aarti-package
ayodhya to varanasi distance,info,1,128,0.78%,2.8,/en/city/varanasi/taxi/ayodhya-to-varanasi-taxi-fare,inferred_content_match,,medium,body,/en/ayodhya-varanasi-prayagraj-group-tour-package | /en/bus/kashi-prayagraj-ayodhya-south | /en/city/ayodhya/taxi/ayodhya-to-varanasi-taxi
vindhyachal temple distance,info,1,128,0.78%,9.81,/en/varanasi-to-vindhyachal-taxi,inferred_content_match,,medium,body,/en/city/varanasi/taxi/varanasi-airport-to-mirzapur-vindhyachal-taxi | /en/city/varanasi/taxi/varanasi-to-vindhyachal-taxi-fare | /en/city/varanasi/taxi/vindhyachal-to-varanasi-taxi-fare
varanasi me rath yatra kab hai,info,4,127,3.15%,7.67,/en/jagannath-rath-yatra-varanasi-2026,inferred_content_match,,low,tokens (3/4),/en/bus/kashi-rameshwaram-twin-jyotirlinga-yatra | /en/bus/kashi-yatra-south-india-bus-package | /en/kanwar-yatra-varanasi-2026-traffic-guide
is varanasi safe for women,info,5,126,3.97%,3.85,/en/is-varanasi-safe-for-solo-female-travellers,inferred_content_match,,low,all terms on page,/en/services/varanasi-safest-taxi-for-women | /pink-taxi-varanasi | /hi/is-varanasi-safe-for-solo-female-travellers
assi ghat ganga aarti time,info,1,124,0.81%,3.09,/en/assi-ghat-evening-aarti-time,inferred_content_match,,low,all terms on page,/en/assi-ghat-aarti-timings-2026 | /en/city/varanasi/sightseeing/dashashwamedh-ghat-boat-ride-ganga-aarti-guide | /en/dashashwamedh-ghat-ganga-aarti-timing
sarnath mandir varanasi timings,info,5,122,4.1%,1.77,/en/city/varanasi/activities/84-ghats-boat-tour-varanasi,inferred_content_match,,low,all terms on page,/en/city/varanasi/events/makar-sankranti-ganga-snan-varanasi-2026 | /en/city/varanasi/tour-packages/ayodhya-varanasi-tour | /en/sarnath-buddhist-temple-guide
dashashwamedh ghat aarti timings,info,2,122,1.64%,5.75,/en/dashashwamedh-ghat-ganga-aarti-timing,inferred_content_match,,low,slug (all terms),/hi/dashashwamedh-ghat-ganga-aarti-timing | /en/assi-ghat-aarti-timings-2026 | /en/city/varanasi/sightseeing/dashashwamedh-ghat-boat-ride-ganga-aarti-guide
varanasi railway station to airport distance,info,3,121,2.48%,2.43,/en/city/varanasi/taxi/varanasi-airport-to-banaras-railway-station-taxi,inferred_content_match,,low,all terms on page,/en/city/varanasi/taxi/varanasi-railway-station-taxi-service | /en/services/hotels-near-varanasi-railway-station-cantt | /en/city/varanasi/taxi/varanasi-airport-to-gorakhpur-taxi
morning aarti at assi ghat timing,info,1,117,0.85%,4.15,/en/assi-ghat-aarti-timings-2026,inferred_content_match,,low,all terms on page,/en/assi-ghat-morning-aarti-time | /en/assi-ghat-evening-aarti-time | /en/dashashwamedh-ghat-ganga-aarti-timing
lolark kund snan 2026 kab hai,info,10,114,8.77%,3.53,/en/lolark-shashti-lolark-kund-varanasi-guide,inferred_content_match,,low,tokens (3/5),/en/city/varanasi/events/kartik-purnima-ganga-snan-varanasi-2026 | /en/city/varanasi/events/makar-sankranti-ganga-snan-varanasi-2026 | /en/city/varanasi/events/mauni-amavasya-ganga-snan-varanasi-2026
kedar ghat distance,info,1,114,0.88%,7.2,/en/city/varanasi/taxi/varanasi-airport-to-kedar-ghat-taxi,inferred_content_match,,high,title,/en/city/varanasi/taxi/kedar-harishchandra-ghat-taxi-service | /en/city/varanasi/taxi/varanasi-airport-to-tulsi-ghat-taxi | /en/guide-to-10-most-important-ghats-of-varanasi
sarnath timings,info,8,113,7.08%,6.47,/en/sarnath-timing-visit-guide,inferred_content_match,,low,slug (all terms),/hi/sarnath-timing-visit-guide | /en/sarnath-complete-guide | /en/sarnath-buddhist-temple-guide
sunauli border to nepal distance,info,1,108,0.93%,5.65,/en/city/nepal/taxi/varanasi-to-nepal-taxi,inferred_content_match,,low,all terms on page,/en/city/kathmandu/taxi/varanasi-to-kathmandu-taxi | /en/city/gorakhpur/taxi/varanasi-to-gorakhpur-taxi | /en/how-to-reach-varanasi
varanasi to mirzapur vindhyachal distance,info,1,106,0.94%,5.27,/en/city/varanasi/taxi/varanasi-airport-to-mirzapur-vindhyachal-taxi,inferred_content_match,,low,all terms on page,/en/varanasi-to-vindhyachal-taxi | /en/city/varanasi/taxi/varanasi-to-vindhyachal-taxi-fare | /en/city/varanasi/taxi/vindhyachal-to-varanasi-taxi-fare
banaras mein kitna ghat hai,info,3,105,2.86%,7.18,/en/varanasi-kite-wars-tourist-guide-makar-sankranti-2026,inferred_content_match,,low,all terms on page,/en/dev-deepawali-boat-ride-pricing-guide-2026 | /en/city/varanasi/activities/84-ghats-boat-tour-varanasi | /en/city/varanasi/sightseeing/namo-ghat-varanasi
varanasi ganga aarti time morning,info,1,104,0.96%,6.12,/en/city/varanasi/activities/ganga-aarti-timing-varanasi-2026,inferred_content_match,,low,all terms on page,/en/city/varanasi/sightseeing/kashi-vishwanath-temple-ganga-aarti-spiritual-journey-2026 | /en/kashi-vishwanath-darshan-ganga-aarti-package | /en/best-time-to-visit-varanasi
aarti time at assi ghat,info,5,103,4.85%,1.71,/en/assi-ghat-evening-aarti-time,inferred_content_match,,low,slug (all terms),/en/assi-ghat-morning-aarti-time | /en/assi-ghat-aarti-timings-2026 | /en/city/varanasi/taxi/varanasi-airport-to-assi-ghat-taxi
ganga aarti assi ghat timing,info,1,103,0.97%,4.14,/en/assi-ghat-aarti-timings-2026,inferred_content_match,,low,all terms on page,/en/dashashwamedh-ghat-ganga-aarti-timing | /en/assi-ghat-evening-aarti-time | /en/assi-ghat-timings
varanasi to vindhyavasini distance,info,4,102,3.92%,3.84,/en/varanasi-to-vindhyachal-taxi,inferred_content_match,,medium,body,/en/city/varanasi/taxi/varanasi-airport-to-mirzapur-vindhyachal-taxi | /en/city/chitrakoot/taxi/varanasi-to-chitrakoot-taxi | /en/city/jaunpur/taxi/varanasi-to-jaunpur-taxi
varanasi ganga aarti timings morning,info,2,101,1.98%,7.51,/en/city/varanasi/activities/ganga-aarti-timing-varanasi-2026,inferred_content_match,,low,all terms on page,/en/city/varanasi/sightseeing/kashi-vishwanath-temple-ganga-aarti-spiritual-journey-2026 | /en/dashashwamedh-ghat-ganga-aarti-timing | /en/kashi-vishwanath-darshan-ganga-aarti-package
kashi to kathmandu distance,info,1,100,1%,8.46,/en/city/kathmandu/taxi/varanasi-to-kathmandu-taxi,inferred_content_match,,low,all terms on page,/en/city/nepal/taxi/varanasi-to-nepal-taxi | /en/city/gorakhpur/taxi/varanasi-to-gorakhpur-taxi | /en/how-to-reach-varanasi
sarnath opening and closing time,info,2,99,2.02%,1.29,/en/ashoka-pillar-sarnath-guide,inferred_content_match,,low,all terms on page,/en/sarnath-complete-guide | /en/sarnath-timing-visit-guide | /en/city/varanasi/events/banaras-lit-fest-2026-venue-guide-hotels-logistics
varanasi se mirzapur ki duri,info,1,98,1.02%,9.08,/en/city/varanasi/taxi/varanasi-airport-to-mirzapur-vindhyachal-taxi,inferred_content_match,,low,tokens (2/3),/hi/city/varanasi/taxi/varanasi-airport-to-mirzapur-vindhyachal-taxi | /en/city/chitrakoot/taxi/varanasi-to-chitrakoot-taxi | /en/city/prayagraj/taxi/prayagraj-to-varanasi-taxi
kedar ghat to assi ghat distance,info,1,97,1.03%,2.63,/en/city/varanasi/taxi/varanasi-airport-to-kedar-ghat-taxi,inferred_content_match,,low,all terms on page,/en/city/varanasi/taxi/kedar-harishchandra-ghat-taxi-service | /en/city/varanasi/taxi/varanasi-airport-to-tulsi-ghat-taxi | /en/guide-to-10-most-important-ghats-of-varanasi
ayodhya se banaras ki duri,info,1,97,1.03%,4.01,/en/ayodhya-varanasi-prayagraj-group-tour-package,inferred_content_match,,low,tokens (2/3),/en/bus/kashi-prayagraj-ayodhya-south | /en/city/ayodhya/taxi/ayodhya-to-varanasi-taxi | /en/city/varanasi/taxi/ayodhya-to-varanasi-taxi-fare
varanasi temple to airport distance,info,1,95,1.05%,3.04,/en/city/varanasi/taxi/varanasi-airport-to-ghazipur-taxi,inferred_content_match,,low,all terms on page,/en/city/varanasi/taxi/varanasi-airport-to-gorakhpur-taxi | /en/city/varanasi/taxi/varanasi-airport-to-jaunpur-taxi | /en/city/varanasi/taxi/varanasi-airport-to-kedar-ghat-taxi
varanasi weather in july 2026,info,1,95,1.05%,3.29,/en/varanasi-in-monsoon-july-september-2026,inferred_content_match,,low,all terms on page,/en/varanasi-weather-guide | /en/city/varanasi/activities/ganga-aarti-timing-varanasi-2026 | /en/jagannath-rath-yatra-varanasi-2026
distance between varanasi to ayodhya by road,info,1,93,1.08%,10.18,/en/ayodhya-varanasi-prayagraj-group-tour-package,inferred_content_match,,low,all terms on page,/en/city/varanasi/tour-packages/ayodhya-varanasi-3-day-tour | /en/city/varanasi/tour-packages/ayodhya-varanasi-tour | /en/how-to-reach-varanasi
varanasi to lumbini distance,info,1,88,1.14%,6.02,/en/city/bodhgaya/taxi/varanasi-to-bodhgaya-taxi,inferred_content_match,,low,all terms on page,/en/city/nepal/taxi/varanasi-to-nepal-taxi | /en/city/varanasi/taxi/varanasi-airport-to-gorakhpur-taxi | /en/varanasi-to-bodhgaya-taxi-cost
varanasi to banaras station distance,info,1,88,1.14%,10.57,/en/city/varanasi/taxi/taxi-service-varanasi-cantt-station,inferred_content_match,,low,all terms on page,/en/city/varanasi/taxi/varanasi-airport-to-banaras-railway-station-taxi | /en/city/varanasi/taxi/varanasi-airport-to-varanasi-city-station-taxi | /en/city/varanasi/taxi/varanasi-railway-station-taxi-service
assi ghat aarti timing,info,2,87,2.3%,3.99,/en/assi-ghat-timings,inferred_content_match,,low,title,/en/assi-ghat-aarti-timings-2026 | /hi/assi-ghat-aarti-timings-2026 | /en/assi-ghat-evening-aarti-time
varanasi airport to assi ghat distance,info,1,87,1.15%,4.13,/en/assi-ghat-to-airport-taxi,inferred_content_match,,low,body,/en/city/varanasi/taxi/varanasi-airport-to-assi-ghat-taxi | /en/city/varanasi/taxi/varanasi-airport-to-kedar-ghat-taxi | /en/city/varanasi/taxi/varanasi-airport-to-tulsi-ghat-taxi
ganga aarti dashashwamedh ghat timing,info,1,87,1.15%,5.28,/en/dashashwamedh-ghat-ganga-aarti-timing,inferred_content_match,,medium,slug (all terms),/hi/dashashwamedh-ghat-ganga-aarti-timing | /en/city/varanasi/sightseeing/dashashwamedh-ghat-boat-ride-ganga-aarti-guide | /en/city/varanasi/activities/ganga-aarti-timing-varanasi-2026
kashi vishwanath ganga aarti time,info,1,86,1.16%,11.52,/en/city/varanasi/sightseeing/kashi-vishwanath-temple-ganga-aarti-spiritual-journey-2026,inferred_content_match,,low,all terms on page,/en/kashi-vishwanath-darshan-ganga-aarti-package | /en/city/varanasi/activities/ganga-aarti-timing-varanasi-2026 | /en/services/kashi-vishwanath-aarti-timings-booking
dashashwamedh ghat morning aarti time,info,2,85,2.35%,5.04,/en/assi-ghat-aarti-timings-2026,inferred_content_match,,low,all terms on page,/en/assi-ghat-evening-aarti-time | /en/city/varanasi/sightseeing/dashashwamedh-ghat-boat-ride-ganga-aarti-guide | /en/dashashwamedh-ghat-ganga-aarti-timing
varanasi rathyatra mela kab hai,info,2,84,2.38%,7.2,/en/city/prayagraj/events/magh-mela-2026-travel-guide-varanasi,inferred_content_match,,low,tokens (2/4),/en/city/prayagraj/events/varanasi-to-prayagraj-magh-mela-taxi-booking | /en/jagannath-rath-yatra-varanasi-2026 | /en/city/varanasi/events/siberian-birds-winter-events-varanasi
ganga snan 2026 november mein kab hai,info,2,83,2.41%,1.37,/en/city/varanasi/events/kartik-purnima-ganga-snan-varanasi-2026,inferred_content_match,,low,tokens (4/6),/en/city/varanasi/events/mauni-amavasya-ganga-snan-varanasi-2026 | /en/city/varanasi/events/makar-sankranti-ganga-snan-varanasi-2026 | /en/ganga-mahotsav-2026-classical-festival-varanasi
is varanasi safe,info,2,83,2.41%,5.41,/en/is-varanasi-safe-for-solo-female-travellers,inferred_content_match,,medium,title,/hi/is-varanasi-safe-for-solo-female-travellers | /en/best-time-to-visit-varanasi | /en/city/varanasi/taxi/airport-to-taj-gateway-varanasi
dashashwamedh ghat aarti time morning,info,3,81,3.7%,3.72,/en/assi-ghat-aarti-timings-2026,inferred_content_match,,low,all terms on page,/en/assi-ghat-evening-aarti-time | /en/city/varanasi/sightseeing/dashashwamedh-ghat-boat-ride-ganga-aarti-guide | /en/dashashwamedh-ghat-ganga-aarti-timing
banaras me ganga aarti time,info,3,80,3.75%,6.22,/en/city/varanasi/activities/ganga-aarti-timing-varanasi-2026,inferred_content_match,,low,all terms on page,/en/city/varanasi/sightseeing/kashi-vishwanath-temple-ganga-aarti-spiritual-journey-2026 | /en/evening-boat-ride-varanasi-ganga-aarti | /en/kashi-vishwanath-darshan-ganga-aarti-package
kashi temple to varanasi airport distance,info,1,80,1.25%,4.65,/en/city/varanasi/taxi/varanasi-airport-to-ghazipur-taxi,inferred_content_match,,low,all terms on page,/en/city/varanasi/taxi/varanasi-airport-to-gorakhpur-taxi | /en/city/varanasi/taxi/varanasi-airport-to-jaunpur-taxi | /en/city/varanasi/taxi/varanasi-airport-to-kedar-ghat-taxi
sarnath opening and closing time today,info,1,79,1.27%,1.63,/en/ashoka-pillar-sarnath-guide,inferred_content_match,,low,all terms on page,/en/sarnath-timing-visit-guide | /en/sarnath-complete-guide | /en/sarnath-attractions-guide
varanasi to vindhyavasini distance by road,info,1,79,1.27%,2.95,/en/city/varanasi/taxi/varanasi-airport-to-mirzapur-vindhyachal-taxi,inferred_content_match,,low,all terms on page,/en/varanasi-to-vindhyachal-taxi | /en/city/chitrakoot/taxi/varanasi-to-chitrakoot-taxi | /en/city/jaunpur/taxi/varanasi-to-jaunpur-taxi
dashmesh ghat ganga aarti time,info,2,77,2.6%,6.55,/en/assi-ghat-evening-aarti-time,inferred_content_match,,low,tokens (4/5),/en/city/varanasi/sightseeing/dashashwamedh-ghat-boat-ride-ganga-aarti-guide | /en/dashashwamedh-ghat-ganga-aarti-timing | /en/assi-ghat-morning-aarti-time
banaras ki ganga aarti kitne baje hoti hai,info,2,75,2.67%,6.08,/en/city/varanasi/activities/ganga-aarti-timing-varanasi-2026,inferred_content_match,,low,tokens (3/5),/en/city/varanasi/sightseeing/kashi-vishwanath-temple-ganga-aarti-spiritual-journey-2026 | /en/evening-boat-ride-varanasi-ganga-aarti | /en/kashi-vishwanath-darshan-ganga-aarti-package
kartik ganga snan kab hai 2026,info,1,75,1.33%,3.92,/en/city/varanasi/events/kartik-purnima-ganga-snan-varanasi-2026,inferred_content_match,,low,tokens (4/5),/hi/city/varanasi/events/kartik-purnima-ganga-snan-varanasi-2026 | /en/city/varanasi/events/mauni-amavasya-ganga-snan-varanasi-2026 | /en/city/varanasi/events/makar-sankranti-ganga-snan-varanasi-2026
weather varanasi,info,1,74,1.35%,2.97,/en/varanasi-january-weather-travel-guide,inferred_content_match,,low,slug (all terms),/en/varanasi-weather-guide | /hi/varanasi-weather-guide | /en/city/jaunpur/taxi/varanasi-to-jaunpur-taxi
assi ghat aarti timings today,info,1,74,1.35%,5.46,/en/assi-ghat-aarti-timings-2026,inferred_content_match,,low,all terms on page,/en/assi-ghat-evening-aarti-time | /en/dashashwamedh-ghat-ganga-aarti-timing | /en/city/varanasi/activities/ganga-aarti-timing-varanasi-2026
distance between varanasi airport to kashi vishwanath temple,info,2,71,2.82%,4.24,/en/city/varanasi/taxi/varanasi-airport-transfer-guide,inferred_content_match,,low,all terms on page,/en/city/varanasi/taxi/how-to-reach-tent-city-varanasi | /en/city/varanasi/tour-packages/ayodhya-varanasi-3-day-tour | /en/services/hotel-booking-in-varanasi
weather in varanasi in october 2026,info,1,71,1.41%,4.62,/en/varanasi-in-october-2026,inferred_content_match,,low,all terms on page,/en/varanasi-weather-guide | /en/city/varanasi/activities/ganga-aarti-timing-varanasi-2026 | /en/city/varanasi/events/chhath-puja-2026-varanasi-guide
lal bahadur shastri airport to kashi vishwanath temple distance,info,1,71,1.41%,5.97,/en/city/varanasi/taxi/varanasi-airport-transfer-directory,inferred_content_match,,low,all terms on page,/en/city/varanasi/taxi/varanasi-airport-transfer-guide | /en/services/varanasi-airport-to-city-cab | /en/varanasi-airport-taxi-guide
kedar ghat to dashashwamedh ghat distance,info,1,71,1.41%,9.28,/en/city/varanasi/taxi/varanasi-airport-to-kedar-ghat-taxi,inferred_content_match,,medium,all terms on page,/en/guide-to-10-most-important-ghats-of-varanasi | /en/guide-to-ghats-of-varanasi | /en/shradh-tarpan-tulsi-ghat-varanasi-guide
varanasi se vindhyachal ki duri kitni hai,info,2,70,2.86%,2.77,/en/city/varanasi/taxi/varanasi-airport-to-mirzapur-vindhyachal-taxi,inferred_content_match,,low,tokens (2/4),/en/city/varanasi/taxi/varanasi-to-vindhyachal-taxi-fare | /en/city/varanasi/taxi/vindhyachal-to-varanasi-taxi-fare | /en/navratri-pilgrimage-vindhyachal-from-varanasi-guide
banaras se vindhyachal kitni dur hai,info,1,70,1.43%,2.89,/en/city/varanasi/taxi/varanasi-airport-to-mirzapur-vindhyachal-taxi,inferred_content_match,,low,tokens (2/4),/en/city/varanasi/taxi/varanasi-to-vindhyachal-taxi-fare | /en/city/varanasi/taxi/vindhyachal-to-varanasi-taxi-fare | /en/navratri-pilgrimage-vindhyachal-from-varanasi-guide
banaras ghat aarti time,info,1,70,1.43%,5.81,/en/assi-ghat-morning-aarti-time,inferred_content_match,,low,all terms on page,/en/assi-ghat-evening-aarti-time | /en/assi-ghat-aarti-timings-2026 | /en/city/varanasi/sightseeing/namo-ghat-varanasi
dashashwamedh ghat ganga aarti timings morning,info,2,69,2.9%,3.55,/en/dashashwamedh-ghat-ganga-aarti-timing,inferred_content_match,,low,all terms on page,/en/city/varanasi/sightseeing/dashashwamedh-ghat-boat-ride-ganga-aarti-guide | /en/assi-ghat-aarti-timings-2026 | /en/city/varanasi/activities/ganga-aarti-timing-varanasi-2026
sarnath visiting time,info,4,68,5.88%,1.54,/en/ashoka-pillar-sarnath-guide,inferred_content_match,,low,all terms on page,/en/best-time-to-visit-varanasi | /en/is-varanasi-worth-visiting | /en/sarnath-attractions-guide
sarnath stupa timings,info,1,68,1.47%,6.76,/en/sarnath-timing-visit-guide,inferred_content_match,,low,all terms on page,/en/sarnath-complete-guide | /en/city/varanasi/taxi/varanasi-airport-to-sarnath-taxi | /en/sarnath-attractions-guide
ganga aarti timing assi ghat,info,4,67,5.97%,1.72,/en/assi-ghat-aarti-timings-2026,inferred_content_match,,low,all terms on page,/en/dashashwamedh-ghat-ganga-aarti-timing | /en/kashi-vishwanath-darshan-ganga-aarti-package | /en/assi-ghat-evening-aarti-time
sarnath timings varanasi,info,3,65,4.62%,1.51,/en/city/varanasi/taxi/varanasi-to-sarnath-taxi,inferred_content_match,,low,all terms on page,/en/sarnath-timing-visit-guide | /en/varanasi-sunrise-boat-ride-timings | /en/varanasi-to-sarnath-tempo-traveller
ganga aarti timing in varanasi morning,info,1,65,1.54%,5.37,/en/city/varanasi/activities/ganga-aarti-timing-varanasi-2026,inferred_content_match,,low,all terms on page,/en/city/varanasi/sightseeing/kashi-vishwanath-temple-ganga-aarti-spiritual-journey-2026 | /en/dashashwamedh-ghat-ganga-aarti-timing | /en/kashi-vishwanath-darshan-ganga-aarti-package
banaras mein total kitne ghat hain,info,1,65,1.54%,6.12,/en/dev-deepawali-boat-ride-pricing-guide-2026,inferred_content_match,,low,all terms on page,/en/city/varanasi/activities/84-ghats-boat-tour-varanasi | /en/city/varanasi/sightseeing/namo-ghat-varanasi | /en/city/varanasi/taxi/varanasi-airport-to-assi-ghat-taxi
varanasi se sarnath ki duri,info,1,65,1.54%,8.09,/en/city/varanasi/taxi/varanasi-to-sarnath-taxi,inferred_content_match,,low,tokens (2/3),/en/varanasi-to-sarnath-tempo-traveller | /en/city/varanasi/taxi/varanasi-airport-to-sarnath-taxi | /hi/city/varanasi/taxi/varanasi-airport-to-sarnath-taxi
sarnath timing varanasi,info,5,64,7.81%,1.47,/en/city/varanasi/taxi/varanasi-to-sarnath-taxi,inferred_content_match,,low,all terms on page,/en/sarnath-timing-visit-guide | /en/varanasi-sunrise-boat-ride-timings | /en/varanasi-to-sarnath-tempo-traveller
varanasi airport to manikarnika ghat distance,info,3,64,4.69%,2.91,/en/city/varanasi/taxi/varanasi-airport-to-manikarnika-taxi,inferred_content_match,,medium,body,/en/city/varanasi/taxi/varanasi-airport-to-panchganga-ghat-taxi | /en/city/varanasi/taxi/varanasi-airport-to-scindia-ghat-taxi | /en/manikarnika-ghat-sacred-cremation-grounds
ganga aarti time dashashwamedh ghat today,info,2,64,3.12%,2.41,/en/dashashwamedh-ghat-ganga-aarti-timing,inferred_content_match,,low,all terms on page,/en/assi-ghat-aarti-timings-2026 | /en/assi-ghat-evening-aarti-time | /en/city/varanasi/activities/ganga-aarti-timing-varanasi-2026
kashi ganga aarti timing,info,2,64,3.12%,8.31,/en/city/varanasi/activities/ganga-aarti-timing-varanasi-2026,inferred_content_match,,high,slug (all terms),/en/city/varanasi/sightseeing/kashi-vishwanath-temple-ganga-aarti-spiritual-journey-2026 | /en/dashashwamedh-ghat-ganga-aarti-timing | /en/evening-boat-ride-varanasi-ganga-aarti
varanasi se vindhyachal kitna kilometre hai,info,1,64,1.56%,2.75,/en/city/varanasi/taxi/one-way-taxi-varanasi,inferred_content_match,,low,all terms on page,/en/varanasi-airport-taxi-price-guide | /en/city/varanasi/taxi/varanasi-airport-to-mirzapur-vindhyachal-taxi | /en/city/varanasi/taxi/varanasi-to-vindhyachal-taxi-fare
banaras se vindhyachal kitne kilometre hai,info,1,64,1.56%,3.03,/en/city/varanasi/taxi/one-way-taxi-varanasi,inferred_content_match,,low,all terms on page,/en/varanasi-airport-taxi-price-guide | /en/city/varanasi/taxi/varanasi-airport-to-mirzapur-vindhyachal-taxi | /en/city/varanasi/taxi/varanasi-to-vindhyachal-taxi-fare
kashi to buddh gaya distance,info,1,64,1.56%,6.73,/en/city/gaya/taxi/gaya-to-varanasi-taxi,inferred_content_match,,low,tokens (3/4),/en/city/gaya/taxi/varanasi-to-gaya-taxi | /en/city/varanasi/taxi/gaya-to-varanasi-taxi-fare | /en/city/varanasi/taxi/varanasi-to-gaya-taxi-fare
varanasi me ganga aarti time,info,1,61,1.64%,5.34,/en/city/varanasi/activities/ganga-aarti-timing-varanasi-2026,inferred_content_match,,low,all terms on page,/en/city/varanasi/sightseeing/kashi-vishwanath-temple-ganga-aarti-spiritual-journey-2026 | /en/evening-boat-ride-varanasi-ganga-aarti | /en/kashi-vishwanath-darshan-ganga-aarti-package
varanasi to ayodhya via prayagraj distance by road,info,1,61,1.64%,5.54,/en/ayodhya-varanasi-prayagraj-group-tour-package,inferred_content_match,,low,all terms on page,/en/services/varanasi-ayodhya-prayagraj-pilgrimage-taxi | /en/varanasi-to-prayagraj-taxi | /en/city/ayodhya/taxi/ayodhya-to-varanasi-taxi
varanasi to prayagraj distance by road,info,1,60,1.67%,4.87,/en/varanasi-to-prayagraj-taxi,inferred_content_match,,low,all terms on page,/en/ayodhya-varanasi-prayagraj-group-tour-package | /en/bus/kashi-prayagraj-ayodhya-south | /en/city/prayagraj/taxi/prayagraj-to-varanasi-taxi
banaras kitna kilometre hai,info,1,60,1.67%,9.73,/en/bus/kashi-yatra-south-india-bus-package,inferred_content_match,,low,all terms on page,/en/city/kushinagar/taxi/varanasi-to-kushinagar-taxi | /en/city/mathura/taxi/varanasi-to-mathura-vrindavan-taxi | /en/city/varanasi/taxi/one-way-taxi-varanasi
varanasi assi ghat ganga aarti time,info,3,59,5.08%,2.36,/en/assi-ghat-evening-aarti-time,inferred_content_match,,low,all terms on page,/en/assi-ghat-aarti-timings-2026 | /en/city/varanasi/activities/ganga-aarti-timing-varanasi-2026 | /en/city/varanasi/sightseeing/kashi-vishwanath-temple-ganga-aarti-spiritual-journey-2026
banaras m kitne ghat h,info,1,58,1.72%,5.53,/en/shradh-tarpan-tulsi-ghat-varanasi-guide,inferred_content_match,,low,all terms on page,/en/city/varanasi/events/chhath-puja-2026-varanasi-guide | /en/city/varanasi/taxi/taxi-for-tent-city-varanasi | /en/nag-nathaiya-festival-varanasi-2026
kashi vishwanath me kitne ghat hai,info,2,57,3.51%,3.7,/en/city/varanasi/activities/84-ghats-boat-tour-varanasi,inferred_content_match,,low,all terms on page,/en/city/varanasi/sightseeing/kashi-vishwanath-temple-ganga-aarti-spiritual-journey-2026 | /en/city/varanasi/taxi/varanasi-airport-to-kashi-vishwanath-taxi | /en/guide-to-10-most-important-ghats-of-varanasi
kashi vishwanath temple to vindhyachal temple distance,info,1,56,1.79%,2.52,/en/varanasi-to-vindhyachal-taxi,inferred_content_match,,low,all terms on page,/en/city/varanasi/taxi/vindhyachal-to-varanasi-taxi-fare | /en/services/hotel-booking-in-varanasi | /en/varanasi-to-prayagraj-taxi
varanasi vindhyachal distance,info,1,56,1.79%,4.59,/en/city/varanasi/taxi/varanasi-airport-to-mirzapur-vindhyachal-taxi,inferred_content_match,,low,all terms on page,/en/varanasi-to-vindhyachal-taxi | /en/city/varanasi/taxi/varanasi-to-vindhyachal-taxi-fare | /en/city/varanasi/taxi/vindhyachal-to-varanasi-taxi-fare
ganga aarti time at assi ghat,info,1,55,1.82%,2.09,/en/assi-ghat-evening-aarti-time,inferred_content_match,,low,all terms on page,/en/assi-ghat-aarti-timings-2026 | /en/city/varanasi/sightseeing/dashashwamedh-ghat-boat-ride-ganga-aarti-guide | /en/dashashwamedh-ghat-ganga-aarti-timing
weather in varanasi,info,1,55,1.82%,2.33,/en/varanasi-january-weather-travel-guide,inferred_content_match,,low,slug (all terms),/en/varanasi-weather-guide | /hi/varanasi-weather-guide | /en/city/varanasi/travel-guide/varanasi-in-january-2026
varanasi crime rate,info,1,55,1.82%,5.44,/en/city/nepal/taxi/varanasi-to-nepal-taxi,inferred_content_match,,low,all terms on page,/en/is-varanasi-safe-for-solo-female-travellers | /en/safety-and-security-in-varanasi-guide-for-solo-travellar | /en/varanasi-scams-to-avoid-2026
assi ghat arti time,info,2,54,3.7%,6.2,/en/assi-ghat-evening-aarti-time,inferred_content_match,,low,tokens (3/4),/en/assi-ghat-morning-aarti-time | /en/assi-ghat-aarti-timings-2026 | /en/assi-ghat-to-airport-taxi
ganga aarti time in varanasi dashashwamedh ghat,info,1,54,1.85%,4.19,/en/city/varanasi/sightseeing/dashashwamedh-ghat-boat-ride-ganga-aarti-guide,inferred_content_match,,low,all terms on page,/en/dashashwamedh-ghat-ganga-aarti-timing | /en/city/varanasi/activities/ganga-aarti-timing-varanasi-2026 | /en/city/varanasi/sightseeing/kashi-vishwanath-temple-ganga-aarti-spiritual-journey-2026
distance of vindhyachal from varanasi,info,1,53,1.89%,4.36,/en/city/varanasi/taxi/varanasi-airport-to-mirzapur-vindhyachal-taxi,inferred_content_match,,low,all terms on page,/en/varanasi-to-vindhyachal-taxi | /en/city/varanasi/taxi/varanasi-to-vindhyachal-taxi-fare | /en/city/varanasi/taxi/vindhyachal-to-varanasi-taxi-fare
varanasi mein kitne ghat hain,info,1,53,1.89%,5.96,/en/dev-deepawali-boat-ride-pricing-guide-2026,inferred_content_match,,low,all terms on page,/en/city/varanasi/activities/84-ghats-boat-tour-varanasi | /en/city/varanasi/sightseeing/namo-ghat-varanasi | /en/city/varanasi/taxi/varanasi-airport-to-assi-ghat-taxi
sarnath opening time today,info,5,52,9.62%,2.13,/en/ashoka-pillar-sarnath-guide,inferred_content_match,,low,all terms on page,/en/sarnath-timing-visit-guide | /en/kasi-tour-package | /en/sarnath-attractions-guide
is it safe to visit varanasi now,info,1,52,1.92%,2.69,/en/best-time-to-visit-varanasi,inferred_content_match,,low,all terms on page,/en/city/kanpur/taxi/kanpur-to-varanasi-taxi | /en/city/khajuraho/taxi/varanasi-to-khajuraho-taxi | /en/city/varanasi/events/chhath-puja-2026-varanasi-guide
sarnath distance from varanasi,info,1,52,1.92%,9.29,/en/city/varanasi/taxi/varanasi-to-sarnath-taxi,inferred_content_match,,low,all terms on page,/en/city/varanasi/taxi/varanasi-airport-to-sarnath-taxi | /en/city/bodhgaya/taxi/varanasi-to-bodhgaya-taxi | /en/city/varanasi/taxi/varanasi-airport-to-raj-ghat-taxi
varanasi rath yatra mela kab hai,info,1,51,1.96%,7.27,/en/jagannath-rath-yatra-varanasi-2026,inferred_content_match,,low,tokens (4/5),/en/bus/kashi-rameshwaram-twin-jyotirlinga-yatra | /en/bus/kashi-yatra-south-india-bus-package | /en/city/prayagraj/events/magh-mela-2026-travel-guide-varanasi
assi ghat to kedar ghat distance,info,1,50,2%,3.48,/en/city/varanasi/taxi/varanasi-airport-to-kedar-ghat-taxi,inferred_content_match,,low,all terms on page,/en/city/varanasi/taxi/kedar-harishchandra-ghat-taxi-service | /en/city/varanasi/taxi/varanasi-airport-to-tulsi-ghat-taxi | /en/guide-to-10-most-important-ghats-of-varanasi
varanasi to bodhgaya distance by road,info,1,49,2.04%,3.98,/en/city/bodhgaya/taxi/varanasi-to-bodhgaya-taxi,inferred_content_match,,low,all terms on page,/en/city/varanasi/taxi/bodhgaya-to-varanasi-taxi-fare | /en/city/varanasi/taxi/varanasi-to-bodhgaya-taxi-fare | /en/varanasi-to-bodhgaya-taxi-cost
banaras arti time,info,1,49,2.04%,7.88,/en/bharat-milap-nati-imli,inferred_content_match,,low,all terms on page,/en/best-time-to-visit-varanasi | /en/city/varanasi/taxi/varanasi-airport-to-ghazipur-taxi | /en/city/varanasi/taxi/varanasi-airport-to-gorakhpur-taxi
varanasi to naimisharanya via ayodhya distance,info,1,49,2.04%,8.65,/en/city/naimisharanya/taxi/varanasi-to-naimisharanya-taxi,inferred_content_match,,low,all terms on page,/en/varanasi-to-ayodhya-taxi | /en/varanasi-to-naimisharanya-tempo-traveller | /en/city/lucknow/taxi/varanasi-to-lucknow-taxi
banaras se vindhyachal distance,info,1,48,2.08%,3.15,/en/city/varanasi/taxi/varanasi-airport-to-mirzapur-vindhyachal-taxi,inferred_content_match,,low,all terms on page,/en/varanasi-to-vindhyachal-taxi | /en/city/varanasi/taxi/varanasi-to-vindhyachal-taxi-fare | /en/city/varanasi/taxi/vindhyachal-to-varanasi-taxi-fare
varanasi to bindhyabasini temple distance,info,1,48,2.08%,3.25,/en/services/dharamshala-near-kashi-vishwanath-temple-varanasi,inferred_content_match,,low,tokens (3/4),/en/city/varanasi/sightseeing/kashi-vishwanath-temple-ganga-aarti-spiritual-journey-2026 | /en/services/kashi-vishwanath-temple-dress-code-rules | /en/city/bodhgaya/taxi/varanasi-to-bodhgaya-taxi
shivala ghat to kashi vishwanath temple distance,info,1,48,2.08%,3.33,/en/city/varanasi/taxi/shivala-ghat-taxi-service,inferred_content_match,,low,all terms on page,/en/city/varanasi/events/chhath-puja-2026-varanasi-guide | /en/city/varanasi/events/kartik-purnima-ganga-snan-varanasi-2026 | /en/city/varanasi/food/varanasi-street-food-guide
banaras mai kitne ghat hai,info,1,48,2.08%,4.35,/en/city/varanasi/activities/84-ghats-boat-tour-varanasi,inferred_content_match,,low,tokens (2/3),/en/city/varanasi/sightseeing/namo-ghat-varanasi | /en/city/varanasi/taxi/varanasi-airport-to-assi-ghat-taxi | /en/city/varanasi/taxi/varanasi-airport-to-kedar-ghat-taxi
vindhyachal ki duri kitni hai,info,1,48,2.08%,5.0,/hi/varanasi-to-vindhyachal-taxi,inferred_content_match,,low,tokens (2/3),/en/city/varanasi/taxi/varanasi-airport-to-mirzapur-vindhyachal-taxi | /en/city/varanasi/taxi/varanasi-to-vindhyachal-taxi-fare | /en/city/varanasi/taxi/vindhyachal-to-varanasi-taxi-fare
kashi to vindhyavasini distance,info,2,47,4.26%,3.87,/en/city/varanasi/taxi/varanasi-airport-to-mirzapur-vindhyachal-taxi,inferred_content_match,,low,all terms on page,/en/varanasi-to-vindhyachal-taxi | /en/city/chitrakoot/taxi/varanasi-to-chitrakoot-taxi | /en/city/jaunpur/taxi/varanasi-to-jaunpur-taxi
banaras mein ganga aarti kab hota hai,info,1,47,2.13%,7.85,/en/city/varanasi/activities/ganga-aarti-timing-varanasi-2026,inferred_content_match,,low,tokens (3/6),/en/city/varanasi/sightseeing/kashi-vishwanath-temple-ganga-aarti-spiritual-journey-2026 | /en/evening-boat-ride-varanasi-ganga-aarti | /en/kashi-vishwanath-darshan-ganga-aarti-package
ganga aarti timing assi ghat today,info,1,46,2.17%,2.63,/en/assi-ghat-aarti-timings-2026,inferred_content_match,,low,all terms on page,/en/dashashwamedh-ghat-ganga-aarti-timing | /en/assi-ghat-evening-aarti-time | /en/city/varanasi/activities/ganga-aarti-timing-varanasi-2026
distance between varanasi airport to varanasi railway station,info,1,46,2.17%,3.7,/en/city/varanasi/taxi/varanasi-railway-station-taxi-service,inferred_content_match,,low,all terms on page,/en/city/varanasi/taxi/varanasi-airport-to-varanasi-junction-taxi | /en/city/varanasi/taxi/varanasi-airport-to-prayagraj-taxi | /en/city/varanasi/taxi/varanasi-airport-transfer-guide
vindhyavasini temple distance from varanasi,info,1,46,2.17%,3.83,/en/city/varanasi/taxi/varanasi-airport-to-mirzapur-vindhyachal-taxi,inferred_content_match,,low,all terms on page,/en/varanasi-to-vindhyachal-taxi | /en/city/chitrakoot/taxi/varanasi-to-chitrakoot-taxi | /en/city/varanasi/taxi/varanasi-airport-transfer-guide
prayagraj to kashi to ayodhya distance,info,1,46,2.17%,5.0,/en/ayodhya-varanasi-prayagraj-group-tour-package,inferred_content_match,,low,all terms on page,/en/bus/kashi-prayagraj-ayodhya-south | /en/services/varanasi-ayodhya-prayagraj-pilgrimage-taxi | /en/varanasi-to-prayagraj-taxi
varanasi to vindhyachal mandir distance by road,info,1,45,2.22%,4.27,/en/varanasi-to-vindhyachal-taxi,inferred_content_match,,low,all terms on page,/en/city/varanasi/sightseeing/varanasi-local-sightseeing-package | /en/city/jaunpur/taxi/varanasi-to-jaunpur-taxi | /en/city/varanasi/taxi/varanasi-airport-transfer-guide
triveni sangam to kashi vishwanath temple distance,info,1,45,2.22%,5.13,/en/city/prayagraj/taxi/prayagraj-to-varanasi-taxi,inferred_content_match,,low,all terms on page,/en/city/gaya/taxi/gaya-to-varanasi-taxi | /en/services/varanasi-prayagraj-tour-package | /en/varanasi-to-prayagraj-taxi
varanasi ganga aarti timings today assi ghat,info,2,44,4.55%,1.48,/en/assi-ghat-aarti-timings-2026,inferred_content_match,,low,all terms on page,/en/city/varanasi/activities/ganga-aarti-timing-varanasi-2026 | /en/dashashwamedh-ghat-ganga-aarti-timing | /en/assi-ghat-evening-aarti-time
dasaswamedh ghat aarti time today,info,2,44,4.55%,2.32,/en/services/varanasi-airport-to-city-cab,inferred_content_match,,low,all terms on page,/en/assi-ghat-aarti-timings-2026 | /en/assi-ghat-evening-aarti-time | /en/assi-ghat-morning-aarti-time
banaras airport to banaras railway station distance,info,1,44,2.27%,3.0,/en/city/varanasi/taxi/varanasi-airport-to-banaras-railway-station-taxi,inferred_content_match,,low,all terms on page,/en/city/varanasi/taxi/varanasi-railway-station-taxi-service | /en/services/hotels-near-varanasi-railway-station-cantt | /en/city/varanasi/taxi/varanasi-airport-to-gorakhpur-taxi
kashi vishwanath temple to airport distance,info,1,43,2.33%,2.33,/en/city/varanasi/taxi/varanasi-airport-to-kashi-vishwanath-taxi,inferred_content_match,,low,all terms on page,/en/services/dharamshala-near-kashi-vishwanath-temple-varanasi | /en/city/varanasi/taxi/varanasi-airport-to-varanasi-city-station-taxi | /en/city/varanasi/taxi/varanasi-airport-transfer-directory
kashi to prayagraj to ayodhya distance by road,info,1,43,2.33%,4.23,/en/services/varanasi-ayodhya-prayagraj-pilgrimage-taxi,inferred_content_match,,medium,body,/en/ayodhya-varanasi-prayagraj-group-tour-package | /en/bus/kashi-prayagraj-ayodhya-south | /en/varanasi-to-prayagraj-taxi
vindhyachal mandir to kali khoh distance,info,1,43,2.33%,6.91,/en/varanasi-to-vindhyachal-taxi,inferred_content_match,,low,all terms on page,/en/services/where-to-stay-in-vindhyachal | /en/city/varanasi/taxi/varanasi-airport-transfer-guide | /en/city/varanasi/taxi/varanasi-airport-to-mirzapur-vindhyachal-taxi
today ganga aarti time,info,1,43,2.33%,7.26,/en/city/varanasi/activities/ganga-aarti-timing-varanasi-2026,inferred_content_match,,low,all terms on page,/en/city/varanasi/sightseeing/kashi-vishwanath-temple-ganga-aarti-spiritual-journey-2026 | /en/dashashwamedh-ghat-ganga-aarti-timing | /en/evening-boat-ride-varanasi-ganga-aarti
sarnath temple distance,info,1,41,2.44%,6.56,/en/sarnath-buddhist-temple-guide,inferred_content_match,,low,all terms on page,/en/sarnath-timing-visit-guide | /en/ashoka-pillar-sarnath-guide | /en/city/varanasi/taxi/varanasi-airport-to-sarnath-taxi
ayodhya se kashi kitni dur hai,info,1,41,2.44%,9.63,/en/ayodhya-varanasi-prayagraj-group-tour-package,inferred_content_match,,low,tokens (2/4),/en/bus/kashi-prayagraj-ayodhya-south | /en/city/ayodhya/taxi/ayodhya-to-varanasi-taxi | /en/city/varanasi/taxi/ayodhya-to-varanasi-taxi-fare
assi ghat ki aarti kitne baje hoti hai,info,2,40,5%,1.98,/en/assi-ghat-aarti-timings-2026,inferred_content_match,,low,tokens (3/5),/en/assi-ghat-evening-aarti-time | /en/assi-ghat-morning-aarti-time | /en/assi-ghat-timings
varanasi mein rath yatra ka mela kab hai,info,2,40,5%,9.07,/en/jagannath-rath-yatra-varanasi-2026,inferred_content_match,,low,tokens (4/6),/en/bus/kashi-rameshwaram-twin-jyotirlinga-yatra | /en/bus/kashi-yatra-south-india-bus-package | /en/city/prayagraj/events/magh-mela-2026-travel-guide-varanasi
kashi vishwanath mein kitne ghat hai,info,1,40,2.5%,4.05,/en/city/varanasi/activities/84-ghats-boat-tour-varanasi,inferred_content_match,,low,tokens (3/4),/en/city/varanasi/sightseeing/kashi-vishwanath-temple-ganga-aarti-spiritual-journey-2026 | /en/city/varanasi/taxi/varanasi-airport-to-kashi-vishwanath-taxi | /en/guide-to-10-most-important-ghats-of-varanasi
kashi weather in september,info,1,40,2.5%,7.7,/en/varanasi-weather-guide,inferred_content_match,,low,all terms on page,/en/varanasi-in-monsoon-july-september-2026 | /en/best-time-to-visit-varanasi | /en/varanasi-in-october-2026
banaras kitne ghat hai,info,1,38,2.63%,5.63,/en/city/varanasi/activities/84-ghats-boat-tour-varanasi,inferred_content_match,,low,slug (all terms),/en/city/varanasi/sightseeing/namo-ghat-varanasi | /en/city/varanasi/taxi/varanasi-airport-to-assi-ghat-taxi | /en/city/varanasi/taxi/varanasi-airport-to-kedar-ghat-taxi
is varanasi safe for a woman,info,1,36,2.78%,3.11,/en/is-varanasi-safe-for-solo-female-travellers,inferred_content_match,,low,all terms on page,/en/city/prayagraj/events/safe-taxi-magh-mela-seniors-families | /en/city/varanasi/events/kashi-tamil-sangamam-2026-varanasi | /en/safety-and-security-in-varanasi-guide-for-solo-travellar
aarti time dashashwamedh ghat,info,1,36,2.78%,3.53,/en/assi-ghat-evening-aarti-time,inferred_content_match,,low,all terms on page,/en/city/varanasi/sightseeing/dashashwamedh-ghat-boat-ride-ganga-aarti-guide | /en/dashashwamedh-ghat-ganga-aarti-timing | /en/assi-ghat-aarti-timings-2026
varanasi airport to varanasi city railway station distance,info,1,36,2.78%,3.75,/en/city/varanasi/taxi/varanasi-airport-to-banaras-railway-station-taxi,inferred_content_match,,low,all terms on page,/en/city/varanasi/taxi/varanasi-railway-station-taxi-service | /en/services/varanasi-airport-to-city-cab | /en/services/hotels-near-varanasi-railway-station-cantt
assi ghat pe ganga aarti time,info,2,35,5.71%,1.74,/en/assi-ghat-evening-aarti-time,inferred_content_match,,low,tokens (5/6),/en/assi-ghat-morning-aarti-time | /en/assi-ghat-aarti-timings-2026 | /en/city/varanasi/sightseeing/dashashwamedh-ghat-boat-ride-ganga-aarti-guide
banaras me kitne ghat hai total,info,2,35,5.71%,6.17,/en/city/varanasi/activities/84-ghats-boat-tour-varanasi,inferred_content_match,,low,all terms on page,/en/city/varanasi/sightseeing/namo-ghat-varanasi | /en/city/varanasi/events/kartik-purnima-ganga-snan-varanasi-2026 | /en/city/varanasi/taxi/taxi-for-tent-city-varanasi
lolark shashthi kab hai 2026,info,1,35,2.86%,2.57,/en/lolark-shashti-lolark-kund-varanasi-guide,inferred_content_match,,low,tokens (2/4),/en/packages/lolark-shashti-darshan-package-varanasi | /en/sawan-somwar-kashi-vishwanath-darshan-guide-2026 | /hi/lolark-shashti-lolark-kund-varanasi-guide
banaras se ayodhya ki duri kya hai,info,1,34,2.94%,6.74,/en/ayodhya-varanasi-prayagraj-group-tour-package,inferred_content_match,,low,tokens (2/4),/en/bus/kashi-prayagraj-ayodhya-south | /en/city/ayodhya/taxi/ayodhya-to-varanasi-taxi | /en/city/varanasi/taxi/ayodhya-to-varanasi-taxi-fare
ganga aarti timing at dashashwamedh ghat,info,2,33,6.06%,2.0,/en/dashashwamedh-ghat-ganga-aarti-timing,inferred_content_match,,medium,slug (all terms),/hi/dashashwamedh-ghat-ganga-aarti-timing | /en/city/varanasi/sightseeing/dashashwamedh-ghat-boat-ride-ganga-aarti-guide | /en/city/varanasi/activities/ganga-aarti-timing-varanasi-2026
sarnath time,info,1,33,3.03%,1.7,/en/midday-in-varanasi-what-to-do,inferred_content_match,,low,body,/en/ashoka-pillar-sarnath-guide | /en/best-time-to-visit-varanasi | /en/city/varanasi/taxi/varanasi-airport-to-sarnath-taxi
sarnath open time,info,1,33,3.03%,1.85,/en/ashoka-pillar-sarnath-guide,inferred_content_match,,low,all terms on page,/en/city/varanasi/taxi/varanasi-to-sarnath-taxi | /en/sarnath-attractions-guide | /en/sarnath-buddhist-temple-guide
sarnath museum opening time,info,1,33,3.03%,3.3,/en/sarnath-timing-visit-guide,inferred_content_match,,low,all terms on page,/en/ashoka-pillar-sarnath-guide | /en/sarnath-buddhist-temple-guide | /en/sarnath-complete-guide
sarnath closing time today,info,2,32,6.25%,1.72,/en/ashoka-pillar-sarnath-guide,inferred_content_match,,low,all terms on page,/en/sarnath-timing-visit-guide | /en/city/varanasi/tour-packages/same-day-varanasi-tour | /en/sarnath-attractions-guide
sarnath temple opening time,info,1,32,3.12%,2.28,/en/sarnath-buddhist-temple-guide,inferred_content_match,,low,all terms on page,/en/sarnath-timing-visit-guide | /en/ashoka-pillar-sarnath-guide | /en/sarnath-complete-guide
varanasi to vindhyachal mata mandir distance,info,1,32,3.12%,4.28,/en/services/where-to-stay-in-vindhyachal,inferred_content_match,,low,all terms on page,/en/varanasi-sightseeing-complete-guide | /en/varanasi-to-vindhyachal-taxi | /en/city/varanasi/taxi/varanasi-airport-to-mirzapur-vindhyachal-taxi
varanasi ghat map,info,1,31,3.23%,1.1,/en/city/varanasi/taxi/varanasi-airport-to-assi-ghat-taxi,inferred_content_match,,low,all terms on page,/en/city/varanasi/taxi/varanasi-airport-to-kedar-ghat-taxi | /en/city/varanasi/taxi/varanasi-airport-to-namo-ghat-taxi | /en/city/varanasi/taxi/varanasi-airport-to-panchganga-ghat-taxi
aarti time in dasaswamedh ghat,info,1,31,3.23%,3.29,/en/city/varanasi/sightseeing/dashashwamedh-ghat-boat-ride-ganga-aarti-guide,inferred_content_match,,medium,all terms on page,/en/services/varanasi-airport-to-city-cab | /en/varanasi-in-october-2026 | /en/assi-ghat-evening-aarti-time
varanasi to vindhyachal mandir mirzapur distance,info,1,31,3.23%,4.1,/en/varanasi-to-vindhyachal-taxi,inferred_content_match,,medium,all terms on page,/en/city/varanasi/taxi/varanasi-airport-transfer-guide | /en/services/where-to-stay-in-vindhyachal | /en/city/varanasi/taxi/varanasi-airport-to-mirzapur-vindhyachal-taxi
varanasi is safe for girls,info,1,30,3.33%,2.4,/en/is-varanasi-safe-for-solo-female-travellers,inferred_content_match,,low,all terms on page,/en/what-to-wear-in-varanasi | /en/sarnath-complete-guide | /en/shiv-baraat-viewing-guide-varanasi
subah e banaras aarti timing,info,1,29,3.45%,5.69,/en/city/varanasi/activities/ganga-aarti-timing-varanasi-2026,inferred_content_match,,low,all terms on page,/en/assi-ghat-morning-aarti-time | /en/assi-ghat-aarti-timings-2026 | /en/city/varanasi/taxi/varanasi-airport-to-assi-ghat-taxi
mirzapur to varanasi airport distance,info,1,29,3.45%,5.86,/en/city/varanasi/taxi/varanasi-airport-to-mirzapur-vindhyachal-taxi,inferred_content_match,,medium,all terms on page,/en/city/varanasi/taxi/varanasi-airport-transfer-directory | /en/city/varanasi/taxi/varanasi-airport-transfer-guide | /en/varanasi-to-prayagraj-taxi
sarnath varanasi opening time,info,4,28,14.29%,1.5,/en/ashoka-pillar-sarnath-guide,inferred_content_match,,low,all terms on page,/en/city/varanasi/events/banaras-lit-fest-2026-venue-guide-hotels-logistics | /en/city/varanasi/events/kashi-tamil-sangamam-2026-varanasi | /en/city/varanasi/tour-packages/varanasi-gaya-prayagraj-tour-package-elderly
rathyatra mela varanasi kab hai,info,3,28,10.71%,7.57,/en/city/prayagraj/events/magh-mela-2026-travel-guide-varanasi,inferred_content_match,,low,tokens (2/4),/en/city/prayagraj/events/varanasi-to-prayagraj-magh-mela-taxi-booking | /en/jagannath-rath-yatra-varanasi-2026 | /en/city/varanasi/events/siberian-birds-winter-events-varanasi
varanasi to maa vindhyavasini temple distance,info,2,28,7.14%,3.14,/en/city/varanasi/taxi/varanasi-airport-to-mirzapur-vindhyachal-taxi,inferred_content_match,,low,all terms on page,/en/varanasi-to-vindhyachal-taxi | /en/city/varanasi/taxi/varanasi-airport-transfer-guide | /en/city/varanasi/taxi/varanasi-to-vindhyachal-taxi-fare
varanasi to vindhyachal distance by car,info,2,28,7.14%,3.96,/en/varanasi-to-vindhyachal-taxi,inferred_content_match,,low,all terms on page,/en/city/varanasi/taxi/varanasi-to-vindhyachal-taxi-fare | /en/city/varanasi/taxi/vindhyachal-to-varanasi-taxi-fare | /en/city/varanasi/sightseeing/varanasi-local-sightseeing-package
ganga aarti time dashashwamedh ghat,info,1,28,3.57%,4.25,/en/city/varanasi/sightseeing/dashashwamedh-ghat-boat-ride-ganga-aarti-guide,inferred_content_match,,low,all terms on page,/en/dashashwamedh-ghat-ganga-aarti-timing | /en/assi-ghat-evening-aarti-time | /en/assi-ghat-aarti-timings-2026
ganga aarti timing in varanasi today morning,info,1,28,3.57%,6.07,/en/city/varanasi/activities/ganga-aarti-timing-varanasi-2026,inferred_content_match,,low,all terms on page,/en/city/varanasi/sightseeing/kashi-vishwanath-temple-ganga-aarti-spiritual-journey-2026 | /en/dashashwamedh-ghat-ganga-aarti-timing | /en/kashi-vishwanath-darshan-ganga-aarti-package
kashi mein ganga aarti kitne baje hoti hai,info,1,28,3.57%,6.07,/en/city/varanasi/activities/ganga-aarti-timing-varanasi-2026,inferred_content_match,,low,tokens (3/6),/en/city/varanasi/sightseeing/kashi-vishwanath-temple-ganga-aarti-spiritual-journey-2026 | /en/evening-boat-ride-varanasi-ganga-aarti | /en/kashi-vishwanath-darshan-ganga-aarti-package
varanasi junction se airport ki duri,info,3,27,11.11%,1.85,/en/city/varanasi/taxi/varanasi-airport-to-ddu-junction-taxi,inferred_content_match,,low,tokens (3/4),/en/city/varanasi/taxi/varanasi-airport-to-varanasi-junction-taxi | /hi/city/varanasi/taxi/varanasi-airport-to-ddu-junction-taxi | /hi/city/varanasi/taxi/varanasi-airport-to-varanasi-junction-taxi
varanasi to prayagraj to ayodhya distance by road,info,2,27,7.41%,3.74,/en/ayodhya-varanasi-prayagraj-group-tour-package,inferred_content_match,,low,all terms on page,/en/bus/kashi-prayagraj-ayodhya-south | /en/services/varanasi-ayodhya-prayagraj-pilgrimage-taxi | /en/varanasi-to-prayagraj-taxi
varanasi assi ghat aarti time,info,1,27,3.7%,1.93,/en/assi-ghat-morning-aarti-time,inferred_content_match,,low,all terms on page,/en/assi-ghat-evening-aarti-time | /en/assi-ghat-aarti-timings-2026 | /en/city/varanasi/taxi/varanasi-airport-to-assi-ghat-taxi
weather in varanasi in february,info,1,27,3.7%,5.41,/en/varanasi-in-february-2026,inferred_content_match,,medium,body,/en/varanasi-weather-guide | /en/best-time-to-visit-varanasi | /en/city/varanasi/travel-guide/varanasi-in-january-2026
varanasi ka rath yatra mela kab hai,info,1,27,3.7%,6.56,/en/jagannath-rath-yatra-varanasi-2026,inferred_content_match,,low,tokens (4/5),/en/bus/kashi-rameshwaram-twin-jyotirlinga-yatra | /en/bus/kashi-yatra-south-india-bus-package | /en/city/prayagraj/events/magh-mela-2026-travel-guide-varanasi
ganga aarti varanasi timing evening today assi ghat,info,2,26,7.69%,2.58,/en/assi-ghat-aarti-timings-2026,inferred_content_match,,low,all terms on page,/en/assi-ghat-evening-aarti-time | /en/city/varanasi/activities/ganga-aarti-timing-varanasi-2026 | /en/dashashwamedh-ghat-ganga-aarti-timing
dasaswamedh ghat aarti time morning,info,1,26,3.85%,2.0,/en/city/varanasi/sightseeing/dashashwamedh-ghat-boat-ride-ganga-aarti-guide,inferred_content_match,,medium,all terms on page,/en/assi-ghat-morning-aarti-time | /en/assi-ghat-aarti-timings-2026 | /en/assi-ghat-evening-aarti-time
assi ghat par aarti kab hota hai,info,1,26,3.85%,2.15,/en/assi-ghat-aarti-timings-2026,inferred_content_match,,low,tokens (3/6),/en/assi-ghat-evening-aarti-time | /en/assi-ghat-morning-aarti-time | /en/assi-ghat-timings
banaras station to airport distance,info,1,26,3.85%,2.15,/en/city/varanasi/taxi/varanasi-airport-to-banaras-railway-station-taxi,inferred_content_match,,low,all terms on page,/en/city/varanasi/taxi/varanasi-airport-to-varanasi-city-station-taxi | /en/city/varanasi/taxi/varanasi-airport-to-gorakhpur-taxi | /en/city/varanasi/taxi/varanasi-airport-to-patna-taxi
banaras se vindhyachal mandir kitna dur hai,info,1,26,3.85%,2.88,/en/varanasi-to-vindhyachal-taxi,inferred_content_match,,low,tokens (3/4),/en/city/varanasi/taxi/varanasi-airport-to-mirzapur-vindhyachal-taxi | /en/city/varanasi/taxi/varanasi-to-vindhyachal-taxi-fare | /en/city/varanasi/taxi/vindhyachal-to-varanasi-taxi-fare
ganga snan kab hai 2026,info,1,26,3.85%,9.88,/en/city/varanasi/events/kartik-purnima-ganga-snan-varanasi-2026,inferred_content_match,,low,tokens (3/4),/en/city/varanasi/events/mauni-amavasya-ganga-snan-varanasi-2026 | /en/city/varanasi/events/makar-sankranti-ganga-snan-varanasi-2026 | /hi/city/varanasi/events/kartik-purnima-ganga-snan-varanasi-2026
aarti time in assi ghat,info,3,25,12%,1.76,/en/assi-ghat-evening-aarti-time,inferred_content_match,,low,slug (all terms),/en/assi-ghat-morning-aarti-time | /en/assi-ghat-aarti-timings-2026 | /en/city/varanasi/taxi/varanasi-airport-to-assi-ghat-taxi
ganga aarti timing in varanasi assi ghat,info,2,25,8%,2.28,/en/city/varanasi/activities/ganga-aarti-timing-varanasi-2026,inferred_content_match,,low,all terms on page,/en/assi-ghat-aarti-timings-2026 | /en/dashashwamedh-ghat-ganga-aarti-timing | /en/assi-ghat-evening-aarti-time
banaras me kitna ghat hai,info,2,25,8%,5.36,/en/city/varanasi/activities/84-ghats-boat-tour-varanasi,inferred_content_match,,low,slug (all terms),/en/city/varanasi/sightseeing/namo-ghat-varanasi | /en/city/varanasi/taxi/varanasi-airport-to-assi-ghat-taxi | /en/city/varanasi/taxi/varanasi-airport-to-kedar-ghat-taxi
sarnath temple closing time,info,1,25,4%,1.52,/en/sarnath-timing-visit-guide,inferred_content_match,,low,all terms on page,/en/ashoka-pillar-sarnath-guide | /en/sarnath-complete-guide | /en/city/varanasi/events/banaras-lit-fest-2026-venue-guide-hotels-logistics
assi ghat me aarti time,info,1,25,4%,1.8,/en/assi-ghat-evening-aarti-time,inferred_content_match,,low,slug (all terms),/en/assi-ghat-morning-aarti-time | /en/assi-ghat-aarti-timings-2026 | /en/city/varanasi/taxi/varanasi-airport-to-assi-ghat-taxi
varanasi city se airport ki duri,info,1,25,4%,2.84,/en/city/varanasi/taxi/varanasi-airport-to-varanasi-city-station-taxi,inferred_content_match,,low,tokens (3/4),/en/services/varanasi-airport-to-city-cab | /en/city/varanasi/taxi/how-to-reach-tent-city-varanasi | /en/city/varanasi/taxi/taxi-for-tent-city-varanasi
varanasi se vindhyachal mandir ki duri,info,1,24,4.17%,2.88,/en/varanasi-to-vindhyachal-taxi,inferred_content_match,,low,tokens (3/4),/en/city/varanasi/taxi/varanasi-airport-to-mirzapur-vindhyachal-taxi | /en/city/varanasi/taxi/varanasi-to-vindhyachal-taxi-fare | /en/city/varanasi/taxi/vindhyachal-to-varanasi-taxi-fare
varanasi airport to mirzapur distance,info,1,24,4.17%,5.88,/en/city/varanasi/taxi/varanasi-airport-to-mirzapur-vindhyachal-taxi,inferred_content_match,,medium,all terms on page,/en/city/varanasi/taxi/varanasi-airport-transfer-directory | /en/city/varanasi/taxi/varanasi-airport-transfer-guide | /en/varanasi-to-prayagraj-taxi
assi ghat par ganga aarti kab hoti hai,info,3,23,13.04%,1.26,/en/assi-ghat-aarti-timings-2026,inferred_content_match,,low,tokens (4/7),/en/assi-ghat-evening-aarti-time | /en/assi-ghat-morning-aarti-time | /en/city/varanasi/sightseeing/dashashwamedh-ghat-boat-ride-ganga-aarti-guide
aarti timing at dashashwamedh ghat,info,2,23,8.7%,2.61,/en/dashashwamedh-ghat-ganga-aarti-timing,inferred_content_match,,low,slug (all terms),/hi/dashashwamedh-ghat-ganga-aarti-timing | /en/assi-ghat-aarti-timings-2026 | /en/city/varanasi/sightseeing/dashashwamedh-ghat-boat-ride-ganga-aarti-guide
map of ghats in varanasi,info,1,23,4.35%,1.0,/en/city/varanasi/taxi/varanasi-airport-to-assi-ghat-taxi,inferred_content_match,,low,all terms on page,/en/city/varanasi/taxi/varanasi-airport-to-kedar-ghat-taxi | /en/city/varanasi/taxi/varanasi-airport-to-namo-ghat-taxi | /en/city/varanasi/taxi/varanasi-airport-to-panchganga-ghat-taxi
weather in varanasi 10 days,info,1,23,4.35%,2.13,/en/family-tour-varanasi-3-days-parents,inferred_content_match,,low,all terms on page,/en/varanasi-january-weather-travel-guide | /en/city/varanasi/tour-packages/ayodhya-varanasi-tour | /en/city/varanasi/tour-packages/same-day-varanasi-tour
varanasi weather november,info,1,23,4.35%,3.87,/en/varanasi-in-november-2026-insider-guide,inferred_content_match,,low,all terms on page,/en/varanasi-weather-guide | /en/best-time-to-visit-varanasi | /en/city/varanasi/travel-guide/varanasi-in-january-2026
is varanasi safe for tourists,info,1,23,4.35%,4.13,/en/is-varanasi-safe-for-solo-female-travellers,inferred_content_match,,low,all terms on page,/en/tourist-spots-varanasi | /en/varanasi-kite-wars-tourist-guide-makar-sankranti-2026 | /en/shiv-baraat-viewing-guide-varanasi
kashi jane ka kharcha kitna hai,info,1,23,4.35%,7.7,/banaras-tour-package,inferred_content_match,,low,tokens (1/3),/banaras-travel-agency | /bike-rentals-varanasi | /en/12-seater-tempo-traveller-varanasi
sarnath kitne baje tak khula rahata hai,info,2,22,9.09%,2.5,/en/ashoka-pillar-sarnath-guide,inferred_content_match,,low,tokens (1/5),/en/city/varanasi/taxi/varanasi-airport-to-sarnath-taxi | /en/city/varanasi/taxi/varanasi-to-sarnath-taxi | /en/sarnath-attractions-guide
sarnath time table,info,2,22,9.09%,2.95,/en/best-time-to-visit-varanasi,inferred_content_match,,low,all terms on page,/en/city/varanasi/taxi/varanasi-airport-to-varanasi-junction-taxi | /en/varanasi-sunrise-boat-ride-timings | /bike-rentals-varanasi
timing of ganga aarti at dashashwamedh ghat,info,1,22,4.55%,1.77,/en/dashashwamedh-ghat-ganga-aarti-timing,inferred_content_match,,medium,slug (all terms),/hi/dashashwamedh-ghat-ganga-aarti-timing | /en/city/varanasi/sightseeing/dashashwamedh-ghat-boat-ride-ganga-aarti-guide | /en/city/varanasi/activities/ganga-aarti-timing-varanasi-2026
sarnath temple varanasi opening time,info,1,22,4.55%,1.95,/en/sarnath-buddhist-temple-guide,inferred_content_match,,low,all terms on page,/en/sarnath-timing-visit-guide | /en/ashoka-pillar-sarnath-guide | /en/city/varanasi/events/banaras-lit-fest-2026-venue-guide-hotels-logistics
vindhyachal se banaras kitni dur hai,info,1,22,4.55%,3.91,/en/city/varanasi/taxi/varanasi-airport-to-mirzapur-vindhyachal-taxi,inferred_content_match,,low,tokens (2/4),/en/city/varanasi/taxi/varanasi-to-vindhyachal-taxi-fare | /en/city/varanasi/taxi/vindhyachal-to-varanasi-taxi-fare | /en/navratri-pilgrimage-vindhyachal-from-varanasi-guide
assi ghat arti timing,info,1,22,4.55%,4.0,/en/assi-ghat-aarti-timings-2026,inferred_content_match,,low,tokens (3/4),/en/assi-ghat-timings | /en/assi-ghat-evening-aarti-time | /en/assi-ghat-morning-aarti-time
varanasi to pashupatinath temple distance,info,1,22,4.55%,8.45,/en/city/gorakhpur/taxi/varanasi-to-gorakhpur-taxi,inferred_content_match,,low,all terms on page,/en/city/kathmandu/taxi/varanasi-to-kathmandu-taxi | /en/city/nepal/taxi/varanasi-to-nepal-taxi | /en/services/dharamshala-near-kashi-vishwanath-temple-varanasi
varanasi to vindhyachal devi distance,info,1,21,4.76%,3.0,/en/varanasi-to-vindhyachal-taxi,inferred_content_match,,low,all terms on page,/en/navratri-pilgrimage-vindhyachal-from-varanasi-guide | /en/travel-from-varanasi-to-vindhyachal | /en/varanasi-to-prayagraj-taxi
banaras me subah ki ganga aarti time,info,1,21,4.76%,3.76,/en/city/varanasi/activities/ganga-aarti-timing-varanasi-2026,inferred_content_match,,medium,all terms on page,/en/assi-ghat-evening-aarti-time | /en/city/varanasi/tour-packages/ayodhya-varanasi-tour | /en/city/varanasi/tour-packages/varanasi-2-day-tour
kashi temple to airport distance,info,2,20,10%,1.65,/en/city/varanasi/taxi/varanasi-airport-to-ghazipur-taxi,inferred_content_match,,low,all terms on page,/en/city/varanasi/taxi/varanasi-airport-to-gorakhpur-taxi | /en/city/varanasi/taxi/varanasi-airport-to-jaunpur-taxi | /en/city/varanasi/taxi/varanasi-airport-to-kedar-ghat-taxi
vindhyavasini temple to varanasi distance,info,1,20,5%,2.7,/en/city/varanasi/taxi/varanasi-airport-to-mirzapur-vindhyachal-taxi,inferred_content_match,,low,all terms on page,/en/varanasi-to-vindhyachal-taxi | /en/city/chitrakoot/taxi/varanasi-to-chitrakoot-taxi | /en/city/varanasi/taxi/varanasi-airport-transfer-guide
varanasi to ayodhya via prayagraj distance,info,1,20,5%,3.2,/en/ayodhya-varanasi-prayagraj-group-tour-package,inferred_content_match,,low,all terms on page,/en/services/varanasi-ayodhya-prayagraj-pilgrimage-taxi | /en/varanasi-to-prayagraj-taxi | /en/city/ayodhya/taxi/ayodhya-to-varanasi-taxi
vindhyachal mandir to varanasi distance by road,info,1,20,5%,3.35,/en/varanasi-to-vindhyachal-taxi,inferred_content_match,,low,all terms on page,/en/city/varanasi/sightseeing/varanasi-local-sightseeing-package | /en/city/jaunpur/taxi/varanasi-to-jaunpur-taxi | /en/city/varanasi/taxi/varanasi-airport-transfer-guide
timings,info,1,20,5%,3.45,/en/assi-ghat-aarti-timings-2026,inferred_content_match,,low,title,/en/assi-ghat-timings | /en/sarnath-timing-visit-guide | /en/services/kashi-vishwanath-aarti-timings-booking
kashi morning aarti time,info,1,20,5%,5.95,/en/assi-ghat-morning-aarti-time,inferred_content_match,,low,all terms on page,/en/best-time-to-visit-varanasi | /en/city/varanasi/activities/ganga-aarti-timing-varanasi-2026 | /en/city/varanasi/sightseeing/kashi-vishwanath-temple-ganga-aarti-spiritual-journey-2026
sigra to godowlia distance,info,1,20,5%,6.1,/en/city/varanasi/taxi/taxi-service-in-sigra-varanasi,inferred_content_match,,low,all terms on page,/bike-rentals-varanasi | /en/city/varanasi/events/chhath-puja-2026-varanasi-guide | /en/city/varanasi/food/varanasi-street-food-guide
distance from varanasi to sarnath by road,info,1,20,5%,6.85,/en/city/varanasi/taxi/varanasi-to-sarnath-taxi,inferred_content_match,,low,all terms on page,/en/city/varanasi/taxi/varanasi-airport-to-sarnath-taxi | /en/city/bodhgaya/taxi/varanasi-to-bodhgaya-taxi | /en/city/varanasi/sightseeing/varanasi-local-sightseeing-package
distance from varanasi to vindhyavasini temple,info,1,19,5.26%,2.21,/en/city/varanasi/taxi/varanasi-airport-to-mirzapur-vindhyachal-taxi,inferred_content_match,,low,all terms on page,/en/varanasi-to-vindhyachal-taxi | /en/city/chitrakoot/taxi/varanasi-to-chitrakoot-taxi | /en/city/varanasi/taxi/varanasi-airport-transfer-guide
vindhyachal mandir timing,info,1,19,5.26%,2.95,/en/services/where-to-stay-in-vindhyachal,inferred_content_match,,low,all terms on page,/en/varanasi-to-vindhyachal-taxi | / | /en/city/jaunpur/taxi/varanasi-to-jaunpur-taxi
varanasi airport to ghazipur distance,info,1,19,5.26%,4.68,/en/city/varanasi/taxi/varanasi-airport-to-ghazipur-taxi,inferred_content_match,,high,title,/en/city/varanasi/taxi/ghazipur-to-varanasi-taxi-fare | /en/city/varanasi/taxi/varanasi-airport-to-deoria-taxi | /en/city/varanasi/taxi/varanasi-airport-transfer-directory
banaras me ganga aarti ka time,info,1,19,5.26%,6.53,/en/city/varanasi/activities/ganga-aarti-timing-varanasi-2026,inferred_content_match,,low,all terms on page,/en/city/varanasi/sightseeing/kashi-vishwanath-temple-ganga-aarti-spiritual-journey-2026 | /en/evening-boat-ride-varanasi-ganga-aarti | /en/kashi-vishwanath-darshan-ganga-aarti-package
kashi vishwanath se ayodhya ki duri kitni hai,info,1,19,5.26%,7.74,/en/city/varanasi/tour-packages/ayodhya-varanasi-3-day-tour,inferred_content_match,,low,tokens (3/5),/en/ayodhya-varanasi-prayagraj-group-tour-package | /en/bus/kashi-prayagraj-ayodhya-south | /en/city/ayodhya/taxi/ayodhya-to-varanasi-taxi
kashi vishwanath to varanasi airport distance,info,2,18,11.11%,4.06,/en/city/varanasi/taxi/varanasi-airport-to-kashi-vishwanath-taxi,inferred_content_match,,low,all terms on page,/en/city/varanasi/taxi/varanasi-airport-to-varanasi-junction-taxi | /en/city/varanasi/taxi/varanasi-airport-to-varanasi-city-station-taxi | /en/city/varanasi/taxi/varanasi-airport-transfer-directory
banaras me sham ki aarti time,info,1,18,5.56%,2.06,/en/assi-ghat-morning-aarti-time,inferred_content_match,,low,tokens (3/4),/en/best-time-to-visit-varanasi | /en/city/varanasi/activities/ganga-aarti-timing-varanasi-2026 | /en/city/varanasi/sightseeing/kashi-vishwanath-temple-ganga-aarti-spiritual-journey-2026
distance varanasi to vindhyachal,info,1,18,5.56%,4.22,/en/varanasi-to-vindhyachal-taxi,inferred_content_match,,medium,body,/en/city/varanasi/taxi/varanasi-airport-to-mirzapur-vindhyachal-taxi | /en/city/varanasi/taxi/varanasi-to-vindhyachal-taxi-fare | /en/city/varanasi/taxi/vindhyachal-to-varanasi-taxi-fare
varanasi to ayodhya car distance,info,1,18,5.56%,5.28,/en/bus/kashi-prayagraj-ayodhya-south,inferred_content_match,,low,all terms on page,/en/city/ayodhya/taxi/ayodhya-to-varanasi-taxi | /en/city/varanasi/taxi/ayodhya-to-varanasi-taxi-fare | /en/city/varanasi/taxi/varanasi-to-ayodhya-taxi-fare
banaras mein kul kitna ghat hai,info,1,18,5.56%,5.5,/en/city/varanasi/activities/84-ghats-boat-tour-varanasi,inferred_content_match,,low,tokens (2/4),/en/city/varanasi/sightseeing/namo-ghat-varanasi | /en/city/varanasi/taxi/varanasi-airport-to-assi-ghat-taxi | /en/city/varanasi/taxi/varanasi-airport-to-kedar-ghat-taxi
varanasi ghat kitne hai,info,1,18,5.56%,7.28,/en/city/varanasi/activities/84-ghats-boat-tour-varanasi,inferred_content_match,,low,slug (all terms),/en/city/varanasi/sightseeing/namo-ghat-varanasi | /en/city/varanasi/taxi/varanasi-airport-to-assi-ghat-taxi | /en/city/varanasi/taxi/varanasi-airport-to-kedar-ghat-taxi
assi ghat morning aarti time tomorrow,info,2,17,11.76%,2.76,/en/city/varanasi/events/mauni-amavasya-ganga-snan-varanasi-2026,inferred_content_match,,low,all terms on page,/en/city/varanasi/tour-packages/ayodhya-varanasi-3-day-tour | /en/holi-2026-varanasi-guide | /en/assi-ghat-morning-aarti-time
varanasi visiting time,info,2,17,11.76%,3.06,/en/best-time-to-visit-varanasi,inferred_content_match,,low,all terms on page,/en/is-varanasi-worth-visiting | /en/city/agra/taxi/varanasi-to-agra-taxi | /en/city/allahabad/taxi/varanasi-to-allahabad-taxi
sarnath kab band hota hai,info,1,17,5.88%,1.82,/en/sarnath-attractions-guide,inferred_content_match,,low,tokens (2/4),/en/sarnath-complete-guide | /en/ashoka-pillar-sarnath-guide | /en/city/varanasi/taxi/varanasi-airport-to-sarnath-taxi
assi ghat pe aarti kab hoti hai,info,1,17,5.88%,2.12,/en/assi-ghat-aarti-timings-2026,inferred_content_match,,low,tokens (3/6),/en/assi-ghat-evening-aarti-time | /en/assi-ghat-morning-aarti-time | /en/assi-ghat-timings
sarnath distance from my location,info,1,17,5.88%,2.29,/en/ashoka-pillar-sarnath-guide,inferred_content_match,,low,all terms on page,/en/sarnath-complete-guide | /bike-rentals-varanasi | /en/city/patna/taxi/varanasi-to-patna-taxi
banaras se vindhyachal ki duri by road,info,1,17,5.88%,2.76,/en/city/varanasi/taxi/varanasi-airport-to-mirzapur-vindhyachal-taxi,inferred_content_match,,low,tokens (4/5),/en/city/varanasi/taxi/varanasi-to-vindhyachal-taxi-fare | /en/city/varanasi/taxi/vindhyachal-to-varanasi-taxi-fare | /en/navratri-pilgrimage-vindhyachal-from-varanasi-guide
ganga aarti time at dashashwamedh ghat,info,1,17,5.88%,2.76,/en/city/varanasi/sightseeing/dashashwamedh-ghat-boat-ride-ganga-aarti-guide,inferred_content_match,,low,all terms on page,/en/dashashwamedh-ghat-ganga-aarti-timing | /en/assi-ghat-evening-aarti-time | /en/assi-ghat-aarti-timings-2026
ganga aarti in assi ghat timing,info,1,17,5.88%,3.06,/en/assi-ghat-aarti-timings-2026,inferred_content_match,,low,all terms on page,/en/dashashwamedh-ghat-ganga-aarti-timing | /en/assi-ghat-evening-aarti-time | /en/assi-ghat-timings
subah ganga aarti time varanasi,info,1,17,5.88%,4.94,/en/city/varanasi/activities/ganga-aarti-timing-varanasi-2026,inferred_content_match,,medium,all terms on page,/en/assi-ghat-evening-aarti-time | /en/city/varanasi/tour-packages/ayodhya-varanasi-tour | /en/city/varanasi/tour-packages/varanasi-2-day-tour
varanasi jane me kitna kharcha aata hai,info,1,17,5.88%,5.24,/banaras-tour-package,inferred_content_match,,low,tokens (1/4),/banaras-travel-agency | /bike-rentals-varanasi | /en/12-seater-tempo-traveller-varanasi
rath yatra mela kab hai 2026,info,1,17,5.88%,6.06,/en/jagannath-rath-yatra-varanasi-2026,inferred_content_match,,low,tokens (4/5),/en/city/prayagraj/events/magh-mela-2026-travel-guide-varanasi | /en/kanwar-yatra-varanasi-2026-traffic-guide | /hi/city/prayagraj/events/magh-mela-2026-travel-guide-varanasi
varanasi me ghat kitne hai,info,1,17,5.88%,6.24,/en/city/varanasi/activities/84-ghats-boat-tour-varanasi,inferred_content_match,,low,slug (all terms),/en/city/varanasi/sightseeing/namo-ghat-varanasi | /en/city/varanasi/taxi/varanasi-airport-to-assi-ghat-taxi | /en/city/varanasi/taxi/varanasi-airport-to-kedar-ghat-taxi
banaras se kashi vishwanath ki duri,info,1,17,5.88%,9.88,/en/city/varanasi/sightseeing/kashi-vishwanath-temple-ganga-aarti-spiritual-journey-2026,inferred_content_match,,low,tokens (2/3),/en/city/varanasi/taxi/varanasi-airport-to-kashi-vishwanath-taxi | /en/kashi-vishwanath-darshan-ganga-aarti-package | /en/kashi-vishwanath-shivaratri-crowd-survival-guide
sarnath buddhist temple timings,info,1,16,6.25%,1.81,/en/sarnath-buddhist-temple-guide,inferred_content_match,,low,all terms on page,/en/sarnath-complete-guide | /en/sarnath-timing-visit-guide | /en/varanasi-to-sarnath-tempo-traveller
namo ghat aarti time today,info,1,16,6.25%,4.5,/en/services/varanasi-airport-to-city-cab,inferred_content_match,,low,all terms on page,/en/city/varanasi/tour-packages/same-day-varanasi-tour | /en/tourist-spots-varanasi | /en/assi-ghat-aarti-timings-2026
kasi tamil sangam registration 2026 tamilnadu online last date and time,info,2,15,13.33%,2.67,/en/city/varanasi/events/kashi-tamil-sangamam-2026-varanasi,inferred_content_match,,low,tokens (10/11),/en/city/prayagraj/events/magh-mela-2026-travel-guide-varanasi | /en/city/varanasi/events/kartik-purnima-ganga-snan-varanasi-2026 | /hi/city/varanasi/events/kashi-tamil-sangamam-2026-varanasi
banaras se airport kitna dur hai,info,1,15,6.67%,2.0,/en/city/varanasi/taxi/airport-to-taj-gateway-varanasi,inferred_content_match,,low,tokens (2/3),/en/city/varanasi/taxi/varanasi-airport-to-banaras-railway-station-taxi | /en/city/varanasi/taxi/varanasi-airport-to-dashashwamedh-taxi | /en/city/varanasi/taxi/varanasi-airport-to-ddu-junction-taxi
sarnath kab tak khula rahata hai,info,1,15,6.67%,2.53,/en/ashoka-pillar-sarnath-guide,inferred_content_match,,low,tokens (1/5),/en/city/varanasi/taxi/varanasi-airport-to-sarnath-taxi | /en/city/varanasi/taxi/varanasi-to-sarnath-taxi | /en/sarnath-attractions-guide
sarnath visit timings,info,1,15,6.67%,4.53,/en/sarnath-timing-visit-guide,inferred_content_match,,low,slug (all terms),/hi/sarnath-timing-visit-guide | /en/sarnath-buddhist-temple-guide | /en/sarnath-complete-guide
dasaswamedh ghat aarti time evening,info,1,15,6.67%,4.6,/en/city/varanasi/sightseeing/dashashwamedh-ghat-boat-ride-ganga-aarti-guide,inferred_content_match,,medium,all terms on page,/en/services/varanasi-airport-to-city-cab | /en/varanasi-in-october-2026 | /en/assi-ghat-evening-aarti-time
prayagraj to ayodhya to kashi distance,info,1,15,6.67%,5.0,/en/ayodhya-varanasi-prayagraj-group-tour-package,inferred_content_match,,low,all terms on page,/en/bus/kashi-prayagraj-ayodhya-south | /en/services/varanasi-ayodhya-prayagraj-pilgrimage-taxi | /en/varanasi-to-prayagraj-taxi
sarnath varanasi timing,info,2,14,14.29%,2.43,/en/city/varanasi/taxi/varanasi-to-sarnath-taxi,inferred_content_match,,low,all terms on page,/en/sarnath-timing-visit-guide | /en/varanasi-sunrise-boat-ride-timings | /en/varanasi-to-sarnath-tempo-traveller
banaras se vindhyachal mandir kitni dur hai,info,2,14,14.29%,2.5,/en/varanasi-to-vindhyachal-taxi,inferred_content_match,,low,tokens (3/5),/en/city/varanasi/taxi/varanasi-airport-to-mirzapur-vindhyachal-taxi | /en/city/varanasi/taxi/varanasi-to-vindhyachal-taxi-fare | /en/city/varanasi/taxi/vindhyachal-to-varanasi-taxi-fare
sarnath kitne baje khulta hai,info,1,14,7.14%,1.79,/en/ashoka-pillar-sarnath-guide,inferred_content_match,,low,tokens (1/3),/en/city/varanasi/taxi/varanasi-airport-to-sarnath-taxi | /en/city/varanasi/taxi/varanasi-to-sarnath-taxi | /en/sarnath-attractions-guide
assi ghat to varanasi airport distance,info,1,14,7.14%,3.14,/en/assi-ghat-to-airport-taxi,inferred_content_match,,high,title,/en/city/varanasi/taxi/varanasi-airport-to-assi-ghat-taxi | /en/city/varanasi/taxi/varanasi-airport-to-kedar-ghat-taxi | /en/city/varanasi/taxi/varanasi-airport-to-tulsi-ghat-taxi
varanasi station se namo ghat ki duri,info,1,14,7.14%,3.29,/en/city/varanasi/sightseeing/namo-ghat-varanasi,inferred_content_match,,low,tokens (4/5),/en/city/varanasi/taxi/varanasi-airport-to-namo-ghat-taxi | /hi/city/varanasi/taxi/varanasi-airport-to-namo-ghat-taxi | /en/city/varanasi/taxi/varanasi-airport-to-varanasi-city-station-taxi
how much time it takes to visit sarnath,info,1,13,7.69%,1.0,/en/how-many-days-in-varanasi,inferred_content_match,,low,all terms on page,/en/how-to-reach-varanasi | /bike-rentals-varanasi | /en/city/varanasi/events/makar-sankranti-ganga-snan-varanasi-2026
vindhyachal ke kilometre hai,info,1,13,7.69%,2.23,/en/city/varanasi/taxi/one-way-taxi-varanasi,inferred_content_match,,low,all terms on page,/en/varanasi-airport-taxi-price-guide | /en/city/varanasi/taxi/varanasi-airport-to-mirzapur-vindhyachal-taxi | /en/city/varanasi/taxi/varanasi-to-vindhyachal-taxi-fare
vindhyachal kitni duri per hai,info,1,13,7.69%,5.15,/en/navratri-in-vindhyachal-practical-guide,inferred_content_match,,low,tokens (2/4),/en/navratri-pilgrimage-vindhyachal-from-varanasi-guide | /en/services/where-to-stay-in-vindhyachal | /en/travel-from-varanasi-to-vindhyachal
lolark shashthi kab hai,info,1,13,7.69%,5.85,/en/lolark-shashti-lolark-kund-varanasi-guide,inferred_content_match,,low,tokens (1/3),/en/packages/lolark-shashti-darshan-package-varanasi | /hi/lolark-shashti-lolark-kund-varanasi-guide | /hi/packages/lolark-shashti-darshan-package-varanasi
ganga snan kab hai november mein 2026,info,1,12,8.33%,1.25,/en/city/varanasi/events/kartik-purnima-ganga-snan-varanasi-2026,inferred_content_match,,low,tokens (4/6),/en/city/varanasi/events/mauni-amavasya-ganga-snan-varanasi-2026 | /en/city/varanasi/events/makar-sankranti-ganga-snan-varanasi-2026 | /en/ganga-mahotsav-2026-classical-festival-varanasi
kashi vishwanath to sarnath distance,info,1,12,8.33%,2.75,/en/city/varanasi/taxi/varanasi-airport-to-kashi-vishwanath-taxi,inferred_content_match,,low,all terms on page,/en/city/varanasi/taxi/varanasi-airport-to-varanasi-junction-taxi | /en/city/varanasi/tour-packages/ayodhya-varanasi-3-day-tour | /en/services/hotel-booking-in-varanasi
varanasi airport to kashi vishwanath temple distance by road,info,1,12,8.33%,4.42,/en/city/varanasi/taxi/varanasi-airport-to-kashi-vishwanath-taxi,inferred_content_match,,low,all terms on page,/en/city/varanasi/taxi/varanasi-airport-transfer-guide | /en/services/varanasi-airport-to-city-cab | /en/varanasi-airport-taxi-guide
kashi to sarnath distance,info,1,12,8.33%,5.33,/en/city/varanasi/taxi/varanasi-to-sarnath-taxi,inferred_content_match,,low,all terms on page,/en/city/varanasi/taxi/varanasi-airport-to-sarnath-taxi | /en/city/bodhgaya/taxi/varanasi-to-bodhgaya-taxi | /en/city/varanasi/taxi/varanasi-airport-to-raj-ghat-taxi
distance between vindhyachal and varanasi,info,1,12,8.33%,6.0,/en/varanasi-to-vindhyachal-taxi,inferred_content_match,,low,all terms on page,/en/travel-from-varanasi-to-vindhyachal | /en/services/where-to-stay-in-vindhyachal | /bike-rentals-varanasi
kashi se sarnath ki duri,info,1,12,8.33%,8.5,/en/city/varanasi/taxi/varanasi-to-sarnath-taxi,inferred_content_match,,low,tokens (2/3),/en/varanasi-to-sarnath-tempo-traveller | /en/city/varanasi/taxi/varanasi-airport-to-sarnath-taxi | /hi/city/varanasi/taxi/varanasi-airport-to-sarnath-taxi
kashi ganga ghat aarti time,info,1,12,8.33%,9.75,/en/city/varanasi/activities/ganga-aarti-timing-varanasi-2026,inferred_content_match,,low,all terms on page,/en/city/varanasi/sightseeing/kashi-vishwanath-temple-ganga-aarti-spiritual-journey-2026 | /en/evening-boat-ride-varanasi-ganga-aarti | /en/kashi-vishwanath-darshan-ganga-aarti-package
prayagraj to varanasi to ayodhya distance,info,1,11,9.09%,1.0,/en/ayodhya-varanasi-prayagraj-group-tour-package,inferred_content_match,,low,all terms on page,/en/bus/kashi-prayagraj-ayodhya-south | /en/services/varanasi-ayodhya-prayagraj-pilgrimage-taxi | /en/varanasi-to-prayagraj-taxi
manikarnika ghat timings,info,1,11,9.09%,5.45,/en/manikarnika-ghat-sacred-cremation-grounds,inferred_content_match,,low,all terms on page,/en/city/varanasi/activities/84-ghats-boat-tour-varanasi | /en/city/varanasi/sightseeing/namo-ghat-varanasi | /en/city/varanasi/sightseeing/dashashwamedh-ghat-boat-ride-ganga-aarti-guide
vindhyavasini temple mirzapur to varanasi distance,info,1,10,10%,2.3,/en/city/varanasi/taxi/varanasi-airport-to-mirzapur-vindhyachal-taxi,inferred_content_match,,low,all terms on page,/en/varanasi-to-vindhyachal-taxi | /en/city/chitrakoot/taxi/varanasi-to-chitrakoot-taxi | /en/city/varanasi/taxi/varanasi-airport-transfer-guide
namo ghat ganga aarti time,info,1,10,10%,3.6,/en/city/varanasi/sightseeing/namo-ghat-varanasi,inferred_content_match,,medium,body,/en/city/varanasi/activities/84-ghats-boat-tour-varanasi | /en/city/varanasi/events/chhath-puja-2026-varanasi-guide | /en/city/varanasi/taxi/varanasi-airport-to-dashashwamedh-taxi
varanasi junction to sarnath distance,info,1,10,10%,7.9,/en/city/varanasi/taxi/varanasi-airport-to-varanasi-junction-taxi,inferred_content_match,,low,all terms on page,/en/city/varanasi/taxi/varanasi-railway-station-taxi-service | /en/varanasi-to-prayagraj-taxi | /bike-rentals-varanasi
lolark chhath 2026 kab hai,info,3,9,33.33%,1.44,/en/city/varanasi/events/chhath-puja-2026-varanasi-guide,inferred_content_match,,low,tokens (2/4),/en/lolark-shashti-lolark-kund-varanasi-guide | /en/packages/lolark-shashti-darshan-package-varanasi | /en/sawan-somwar-kashi-vishwanath-darshan-guide-2026
ganga nahan kab hai 2026 november,info,2,9,22.22%,3.33,/en/ganga-mahotsav-2026-classical-festival-varanasi,inferred_content_match,,low,tokens (3/5),/en/city/varanasi/activities/ganga-aarti-timing-varanasi-2026 | /en/city/varanasi/events/kartik-purnima-ganga-snan-varanasi-2026 | /en/city/varanasi/sightseeing/kashi-vishwanath-temple-ganga-aarti-spiritual-journey-2026
maa vindhyavasini temple to varanasi distance,info,1,9,11.11%,2.89,/en/city/varanasi/taxi/varanasi-airport-to-mirzapur-vindhyachal-taxi,inferred_content_match,,low,all terms on page,/en/varanasi-to-vindhyachal-taxi | /en/city/varanasi/taxi/varanasi-airport-transfer-guide | /en/city/varanasi/taxi/varanasi-to-vindhyachal-taxi-fare
dashashwamedh ghat aarti time in morning,info,1,8,12.5%,1.75,/en/assi-ghat-aarti-timings-2026,inferred_content_match,,low,all terms on page,/en/assi-ghat-evening-aarti-time | /en/city/varanasi/sightseeing/dashashwamedh-ghat-boat-ride-ganga-aarti-guide | /en/dashashwamedh-ghat-ganga-aarti-timing
varanasi airport to banaras station distance,info,1,8,12.5%,2.62,/en/city/varanasi/taxi/varanasi-airport-to-banaras-railway-station-taxi,inferred_content_match,,low,all terms on page,/en/city/varanasi/taxi/varanasi-airport-to-varanasi-city-station-taxi | /en/city/varanasi/taxi/varanasi-airport-to-gorakhpur-taxi | /en/city/varanasi/taxi/varanasi-airport-to-patna-taxi
navratri 2026 weather,info,1,8,12.5%,3.38,/en/varanasi-in-october-2026,inferred_content_match,,low,all terms on page,/en/navratri-pilgrimage-vindhyachal-from-varanasi-guide | /en/tourist-spots-varanasi | /en/varanasi-sightseeing-complete-guide
dashashwamedh ghat ganga aarti timing evening,info,1,8,12.5%,3.5,/en/dashashwamedh-ghat-ganga-aarti-timing,inferred_content_match,,medium,body,/en/city/varanasi/sightseeing/dashashwamedh-ghat-boat-ride-ganga-aarti-guide | /en/assi-ghat-aarti-timings-2026 | /en/assi-ghat-evening-aarti-time
weather in varanasi in august 2026,info,1,8,12.5%,3.75,/en/city/varanasi/activities/ganga-aarti-timing-varanasi-2026,inferred_content_match,,low,all terms on page,/en/nag-nathaiya-festival-varanasi-2026 | /en/varanasi-in-monsoon-july-september-2026 | /en/best-time-to-visit-varanasi
banaras mein ganga aarti sham ko kitne baje hoti hai,info,1,8,12.5%,4.38,/en/city/varanasi/activities/ganga-aarti-timing-varanasi-2026,inferred_content_match,,low,tokens (3/8),/en/city/varanasi/sightseeing/kashi-vishwanath-temple-ganga-aarti-spiritual-journey-2026 | /en/evening-boat-ride-varanasi-ganga-aarti | /en/kashi-vishwanath-darshan-ganga-aarti-package
varanasi november weather,info,1,8,12.5%,5.12,/en/varanasi-in-november-2026-insider-guide,inferred_content_match,,low,all terms on page,/en/varanasi-weather-guide | /en/best-time-to-visit-varanasi | /en/city/varanasi/travel-guide/varanasi-in-january-2026
ayodhya to varanasi via prayagraj distance,info,2,6,33.33%,1.0,/en/ayodhya-varanasi-prayagraj-group-tour-package,inferred_content_match,,low,all terms on page,/en/services/varanasi-ayodhya-prayagraj-pilgrimage-taxi | /en/varanasi-to-prayagraj-taxi | /en/city/ayodhya/taxi/ayodhya-to-varanasi-taxi
namo ghat aarti time evening,info,1,6,16.67%,7.83,/en/city/varanasi/sightseeing/namo-ghat-varanasi,inferred_content_match,,medium,all terms on page,/en/city/varanasi/activities/84-ghats-boat-tour-varanasi | /en/city/varanasi/events/chhath-puja-2026-varanasi-guide | /en/city/varanasi/taxi/varanasi-airport-to-dashashwamedh-taxi
dindayal upadhyay junction to varanasi junction distance,info,1,5,20%,2.0,/en/city/varanasi/taxi/varanasi-airport-to-varanasi-junction-taxi,inferred_content_match,,low,tokens (3/5),/en/city/varanasi/taxi/varanasi-airport-to-ddu-junction-taxi | /hi/city/varanasi/taxi/varanasi-airport-to-ddu-junction-taxi | /hi/city/varanasi/taxi/varanasi-airport-to-varanasi-junction-taxi
vindhyachal se ayodhya ki duri,info,1,5,20%,2.0,/hi/varanasi-to-vindhyachal-taxi,inferred_content_match,,low,tokens (2/3),/en/ayodhya-varanasi-prayagraj-group-tour-package | /en/bus/kashi-prayagraj-ayodhya-south | /en/city/ayodhya/taxi/ayodhya-to-varanasi-taxi
vindhyachal kitna kilometer hai,info,1,5,20%,4.8,/en/navratri-pilgrimage-vindhyachal-from-varanasi-guide,inferred_content_match,,low,all terms on page,/en/travel-from-varanasi-to-vindhyachal | /en/trikon-parikrama-vindhyachal-complete-guide | /en/city/jaunpur/taxi/varanasi-to-jaunpur-taxi
ghat timings,info,1,5,20%,5.0,/en/assi-ghat-timings,inferred_content_match,,medium,slug,/en/assi-ghat-aarti-timings-2026 | /en/dashashwamedh-ghat-ganga-aarti-timing | /hi/assi-ghat-aarti-timings-2026
sunrise time tomorrow in varanasi,info,1,5,20%,5.4,/en/city/varanasi/events/mauni-amavasya-ganga-snan-varanasi-2026,inferred_content_match,,low,all terms on page,/en/city/varanasi/tour-packages/ayodhya-varanasi-3-day-tour | /en/holi-2026-varanasi-guide | /en/varanasi-sunrise-boat-ride-timings
assi ghat morning ganga aarti time,info,1,4,25%,1.0,/en/assi-ghat-aarti-timings-2026,inferred_content_match,,low,all terms on page,/en/assi-ghat-evening-aarti-time | /en/city/varanasi/sightseeing/dashashwamedh-ghat-boat-ride-ganga-aarti-guide | /en/dashashwamedh-ghat-ganga-aarti-timing
what is the time of ganga aarti in varanasi,info,1,4,25%,7.0,/en/city/varanasi/activities/ganga-aarti-timing-varanasi-2026,inferred_content_match,,low,all terms on page,/en/city/varanasi/sightseeing/kashi-vishwanath-temple-ganga-aarti-spiritual-journey-2026 | /en/evening-boat-ride-varanasi-ganga-aarti | /en/kashi-vishwanath-darshan-ganga-aarti-package
aaj kitne baje suryast hoga,info,1,4,25%,8.0,,unmatched,,none,UNMATCHED,
kashi vishwanath distance from ayodhya,info,1,4,25%,8.75,/en/city/varanasi/tour-packages/ayodhya-varanasi-3-day-tour,inferred_content_match,,low,all terms on page,/en/ayodhya-varanasi-prayagraj-group-tour-package | /en/bus/kashi-prayagraj-ayodhya-south | /en/city/ayodhya/taxi/ayodhya-to-varanasi-taxi
17 seater bus rate per km,info,1,4,25%,12.25,/en/17-seater-tempo-traveller-varanasi,inferred_content_match,,low,all terms on page,/en/9-vs-12-vs-17-seater-tempo-traveller-varanasi | /en/12-seater-tempo-traveller-varanasi | /en/tempo-traveller-vs-mini-bus-varanasi
varanasi to vindhyachal distance by train,info,1,3,33.33%,3.33,/en/varanasi-to-vindhyachal-taxi,inferred_content_match,,low,all terms on page,/en/city/varanasi/taxi/varanasi-to-vindhyachal-taxi-fare | /en/city/varanasi/taxi/vindhyachal-to-varanasi-taxi-fare | /en/navratri-pilgrimage-vindhyachal-from-varanasi-guide
ganga aarti banaras time,info,1,3,33.33%,4.67,/en/city/varanasi/activities/ganga-aarti-timing-varanasi-2026,inferred_content_match,,low,all terms on page,/en/city/varanasi/sightseeing/kashi-vishwanath-temple-ganga-aarti-spiritual-journey-2026 | /en/evening-boat-ride-varanasi-ganga-aarti | /en/kashi-vishwanath-darshan-ganga-aarti-package
varanasi se duri,info,1,3,33.33%,13.0,/hi/varanasi-to-vindhyachal-taxi,inferred_content_match,,low,all terms on page,/banaras-tour-package | /banaras-travel-agency | /bike-rentals-varanasi
varanasi ganga harathi timings,info,1,2,50%,1.0,/en/city/varanasi/activities/ganga-aarti-timing-varanasi-2026,inferred_content_match,,low,tokens (3/4),/en/city/varanasi/sightseeing/kashi-vishwanath-temple-ganga-aarti-spiritual-journey-2026 | /en/city/varanasi/events/kartik-purnima-ganga-snan-varanasi-2026 | /en/city/varanasi/events/makar-sankranti-ganga-snan-varanasi-2026
namo ghat to kal bhairav temple distance,info,1,2,50%,2.0,/en/city/varanasi/taxi/varanasi-airport-transfer-guide,inferred_content_match,,low,all terms on page,/en/tourist-spots-varanasi | /en/varanasi-with-friends-plan | /en/city/varanasi/sightseeing/namo-ghat-varanasi
sarnath tourist map,info,1,2,50%,4.5,/en/tourist-spots-varanasi,inferred_content_match,,low,all terms on page,/en/city/varanasi/food/varanasi-street-food-guide | /banaras-tour-package | /bike-rentals-varanasi
sigra to dlw distance,info,1,1,100%,1.0,/en/city/varanasi/events/chhath-puja-2026-varanasi-guide,inferred_content_match,,low,all terms on page,/en/city/varanasi/taxi/varanasi-airport-to-banaras-railway-station-taxi | /en/city/varanasi/taxi/taxi-service-in-sigra-varanasi | /en/varanasi-family-homestay-4bhk-sigra
siwan se vindhyachal ki duri,info,1,1,100%,1.0,/hi/varanasi-to-vindhyachal-taxi,inferred_content_match,,low,tokens (2/3),/en/city/varanasi/taxi/varanasi-airport-to-mirzapur-vindhyachal-taxi | /en/city/varanasi/taxi/varanasi-to-vindhyachal-taxi-fare | /en/city/varanasi/taxi/vindhyachal-to-varanasi-taxi-fare
namo ghat kab bana hai,info,1,1,100%,2.0,/en/city/varanasi/sightseeing/namo-ghat-varanasi,inferred_content_match,,low,tokens (2/4),/en/city/varanasi/taxi/varanasi-airport-to-namo-ghat-taxi | /hi/city/varanasi/sightseeing/namo-ghat-varanasi | /hi/city/varanasi/taxi/varanasi-airport-to-namo-ghat-taxi
sarnath varanasi to kashi vishwanath temple distance,info,1,1,100%,2.0,/en/city/varanasi/taxi/varanasi-airport-to-kashi-vishwanath-taxi,inferred_content_match,,low,all terms on page,/en/sarnath-buddhist-temple-guide | /en/city/varanasi/tour-packages/ayodhya-varanasi-3-day-tour | /en/sarnath-timing-visit-guide
varanasi time now,info,1,1,100%,2.0,/en/best-time-to-visit-varanasi,inferred_content_match,,low,all terms on page,/en/evening-boat-ride-varanasi-ganga-aarti | /banaras-tour-package | /en/9-vs-12-vs-17-seater-tempo-traveller-varanasi
weather kanpur,info,1,1,100%,2.0,/en/city/kanpur/taxi/kanpur-to-varanasi-taxi,inferred_content_match,,low,all terms on page,/en/city/prayagraj/taxi/prayagraj-to-varanasi-taxi | /en/varanasi-january-weather-travel-guide | /en/varanasi-weather-guide
jagannath mela kab hai 2026 mein,info,1,1,100%,7.0,/en/jagannath-rath-yatra-varanasi-2026,inferred_content_match,,low,tokens (3/5),/en/city/prayagraj/events/magh-mela-2026-travel-guide-varanasi | /hi/city/prayagraj/events/magh-mela-2026-travel-guide-varanasi | /en/city/prayagraj/events/varanasi-to-prayagraj-magh-mela-taxi-booking
abhi kitna pani hai,info,1,1,100%,8.0,/en/city/varanasi/food/varanasi-street-food-guide,inferred_content_match,,low,tokens (1/2),/en/is-varanasi-safe-for-solo-female-travellers | /hi/is-varanasi-safe-for-solo-female-travellers
varanasi weather in june 2026,info,1,1,100%,11.0,/en/varanasi-weather-guide,inferred_content_match,,low,all terms on page,/en/city/varanasi/activities/ganga-aarti-timing-varanasi-2026 | /en/langda-mango-season-varanasi-2026 | /en/nirjala-ekadashi-varanasi-2026
आज सूर्यास्त का समय,other,18,293783,0.01%,9.38,/hi/varanasi-sunrise-time,inferred_content_match,,low,all terms on page,/hi/city/varanasi/sightseeing/kashi-vishwanath-mandir-ganga-aarti-yatra-2026 | /hi/navratri-in-vindhyachal-practical-guide | /hi/city/varanasi/taxi/azamgarh-to-varanasi-taxi-fare
कल सूर्योदय का समय,other,10,71702,0.01%,9.51,/hi/varanasi-sunrise-time,inferred_content_match,,high,title,/hi/city/varanasi/events/mahindra-kabira-sunrise-music | /hi/city/varanasi/activities/sunrise-yoga-varanasi-2026 | /hi/city/varanasi/taxi/varanasi-airport-to-panchganga-ghat-taxi
आज का सूर्योदय और सूर्यास्त,other,3,37153,0.01%,10.04,/hi/varanasi-sunrise-time,inferred_content_match,,low,all terms on page,/hi/city/varanasi/sightseeing/kashi-vishwanath-mandir-ganga-aarti-yatra-2026 | /hi/dashashwamedh-ghat-ganga-aarti-timing | /hi/lolark-shashti-lolark-kund-varanasi-guide
आज सूर्योदय का समय,other,2,18330,0.01%,12.47,/hi/varanasi-sunrise-time,inferred_content_match,,low,all terms on page,/hi/city/varanasi/sightseeing/kashi-vishwanath-mandir-ganga-aarti-yatra-2026 | /hi/dashashwamedh-ghat-ganga-aarti-timing | /hi/assi-ghat-aarti-timings-2026
आज सूर्यास्त,other,1,8280,0.01%,9.56,/hi/navratri-in-vindhyachal-practical-guide,inferred_content_match,,low,all terms on page,/hi/navratri-pilgrimage-vindhyachal-from-varanasi-guide | /hi/varanasi-sunrise-time | /hi/city/varanasi/sightseeing/kashi-vishwanath-mandir-ganga-aarti-yatra-2026
सूर्योदय कल,other,4,6982,0.06%,6.83,/hi/city/varanasi/events/mahindra-kabira-sunrise-music,inferred_content_match,,low,all terms on page,/hi/varanasi-sunrise-time | /hi/city/varanasi/activities/sunrise-yoga-varanasi-2026 | /hi/varanasi-to-triveni-sangam-tempo-traveller
आज सूर्योदय,other,1,6098,0.02%,9.95,/hi/varanasi-sunrise-time,inferred_content_match,,high,title,/hi/navratri-pilgrimage-vindhyachal-from-varanasi-guide | /hi/city/varanasi/activities/ganga-aarti-samay-varanasi-2026 | /hi/city/varanasi/sightseeing/kashi-vishwanath-mandir-ganga-aarti-yatra-2026
कल का सूर्योदय और सूर्यास्त,other,0,5890,0%,9.52,/hi/city/varanasi/activities/sunrise-yoga-varanasi-2026,inferred_content_match,,low,all terms on page,/hi/city/varanasi/events/mahindra-kabira-sunrise-music | /hi/varanasi-sunrise-time | /hi/varanasi-to-gaya-bodh-gaya-tour-package
rathyatra mela 2026,other,52,5841,0.89%,4.06,/en/jagannath-rath-yatra-varanasi-2026,inferred_content_match,,low,all terms on page,/en/city/prayagraj/events/magh-mela-2026-travel-guide-varanasi | /hi/city/prayagraj/events/magh-mela-2026-travel-guide-varanasi | /en/city/prayagraj/events/varanasi-to-prayagraj-magh-mela-taxi-booking
कल सूर्यास्त का समय,other,0,5045,0%,8.18,/hi/city/varanasi/taxi/varanasi-airport-to-tulsi-ghat-taxi,inferred_content_match,,low,all terms on page,/hi/varanasi-sunrise-time | /hi/bus/kashi-rameshwaram-twin-jyotirlinga-yatra | /hi/bus/kashi-yatra-south-india-bus-package
आजचा सूर्योदय,other,0,4913,0%,6.26,/hi/city/varanasi/activities/sunrise-yoga-varanasi-2026,inferred_content_match,,low,tokens (4/5),/hi/city/varanasi/events/mahindra-kabira-sunrise-music | /hi/sunrise-boat-ride-ganges | /hi/varanasi-sunrise-time
आजचा सूर्यास्त,other,0,3761,0%,6.6,/hi/banaras-travel-agency,inferred_content_match,,low,tokens (4/5),/hi/bus/kashi-rameshwaram-twin-jyotirlinga-yatra | /hi/bus/kashi-yatra-south-india-bus-package | /hi/city/kolkata/taxi/varanasi-to-kolkata-taxi
sarnath mandir,other,1,3574,0.03%,4.81,/en/sarnath-buddhist-temple-guide,inferred_content_match,,medium,body,/en/sarnath-complete-guide | /en/city/varanasi/tour-packages/ayodhya-varanasi-tour | /en/varanasi-to-ayodhya-taxi
सूर्योदय का समय,other,2,2516,0.08%,11.58,/hi/varanasi-sunrise-time,inferred_content_match,,high,title,/hi/about | /hi/varanasi-sunrise-boat-ride-timings | /hi/city/agra/taxi/varanasi-to-agra-taxi
कल सूर्योदय कब होगा,other,0,1619,0%,5.04,/hi/city/varanasi/events/mahindra-kabira-sunrise-music,inferred_content_match,,low,all terms on page,/hi/city/varanasi/activities/sunrise-yoga-varanasi-2026 | /hi/city/varanasi/events/mahindra-kabira-festival-2026-varanasi | /hi/city/varanasi/shopping/banarasi-silk-saree-shopping-varanasi-2026
varanasi ghat,other,2,1616,0.12%,8.93,/en/city/varanasi/activities/84-ghats-boat-tour-varanasi,inferred_content_match,,low,slug (all terms),/en/city/varanasi/sightseeing/namo-ghat-varanasi | /en/city/varanasi/taxi/varanasi-airport-to-assi-ghat-taxi | /en/city/varanasi/taxi/varanasi-airport-to-kedar-ghat-taxi
rathyatra mela 2026 varanasi,other,24,1448,1.66%,3.41,/en/jagannath-rath-yatra-varanasi-2026,inferred_content_match,,medium,all terms on page,/en/city/prayagraj/events/magh-mela-2026-travel-guide-varanasi | /en/city/prayagraj/events/varanasi-to-prayagraj-magh-mela-taxi-booking | /en/nag-nathaiya-festival-varanasi-2026
rath mela 2026,other,0,1311,0%,8.38,/en/jagannath-rath-yatra-varanasi-2026,inferred_content_match,,medium,all terms on page,/en/city/prayagraj/events/magh-mela-2026-travel-guide-varanasi | /hi/city/prayagraj/events/magh-mela-2026-travel-guide-varanasi | /en/city/prayagraj/events/varanasi-to-prayagraj-magh-mela-taxi-booking
ganga snan 2026,other,4,1268,0.32%,3.08,/en/city/varanasi/events/kartik-purnima-ganga-snan-varanasi-2026,inferred_content_match,,low,slug (all terms),/en/city/varanasi/events/mauni-amavasya-ganga-snan-varanasi-2026 | /en/city/varanasi/events/makar-sankranti-ganga-snan-varanasi-2026 | /hi/city/varanasi/events/kartik-purnima-ganga-snan-varanasi-2026
आज सूर्यास्त कितने बजे,other,0,1033,0%,8.24,/hi/varanasi-sunrise-time,inferred_content_match,,low,all terms on page,/hi/navratri-in-vindhyachal-practical-guide | /hi/lolark-shashti-lolark-kund-varanasi-guide | /hi/city/varanasi/taxi/how-to-reach-tent-city-varanasi
sarnath temple,other,1,995,0.1%,7.38,/en/sarnath-timing-visit-guide,inferred_content_match,,high,title,/en/sarnath-buddhist-temple-guide | /hi/sarnath-buddhist-temple-guide | /en/sarnath-complete-guide
सूर्योदय,other,0,945,0%,3.99,/hi/city/varanasi/activities/sunrise-yoga-varanasi-2026,inferred_content_match,,low,title,/hi/city/varanasi/events/mahindra-kabira-sunrise-music | /hi/sunrise-boat-ride-ganges | /hi/varanasi-sunrise-time
kasi tamil sangam registration 2026 tamilnadu online apply last date,other,89,799,11.14%,2.65,/en/city/varanasi/events/kashi-tamil-sangamam-2026-varanasi,inferred_content_match,,low,tokens (9/10),/hi/city/varanasi/events/kashi-tamil-sangamam-2026-varanasi | /en/city/prayagraj/events/magh-mela-2026-travel-guide-varanasi | /en/city/varanasi/events/kartik-purnima-ganga-snan-varanasi-2026
varanasi,other,5,790,0.63%,3.35,/bike-rentals-varanasi,inferred_content_match,,low,title,/en/12-seater-tempo-traveller-varanasi | /en/17-seater-tempo-traveller-varanasi | /en/9-vs-12-vs-17-seater-tempo-traveller-varanasi
kasi tamil sangam registration 2026 tamilnadu online apply,other,60,744,8.06%,4.13,/en/city/varanasi/events/kashi-tamil-sangamam-2026-varanasi,inferred_content_match,,medium,body,/hi/city/varanasi/events/kashi-tamil-sangamam-2026-varanasi | /kasi-tour-package | /en/city/varanasi/events/mauni-amavasya-ganga-snan-varanasi-2026
बनारस से अयोध्या की दूरी,other,0,694,0%,7.98,/hi/city/ayodhya/tour-packages/ayodhya-2-day-tour,inferred_content_match,,low,all terms on page,/hi/banaras-tour-package | /hi/city/mathura/taxi/varanasi-to-mathura-vrindavan-taxi | /hi/varanasi-to-ayodhya-tempo-traveller
sarnath,other,14,641,2.18%,3.18,/en/ashoka-pillar-sarnath-guide,inferred_content_match,,low,title,/en/city/varanasi/taxi/varanasi-airport-to-sarnath-taxi | /en/city/varanasi/taxi/varanasi-to-sarnath-taxi | /en/sarnath-attractions-guide
आज का सूर्यास्त,other,0,627,0%,11.4,/hi/navratri-in-vindhyachal-practical-guide,inferred_content_match,,low,all terms on page,/hi/varanasi-sunrise-time | /hi/city/varanasi/sightseeing/kashi-vishwanath-mandir-ganga-aarti-yatra-2026 | /hi/city/varanasi/taxi/azamgarh-to-varanasi-taxi-fare
assi ghat aarti,other,0,572,0%,6.82,/en/assi-ghat-aarti-timings-2026,inferred_content_match,,low,title,/en/assi-ghat-timings | /hi/assi-ghat-aarti-timings-2026 | /en/assi-ghat-evening-aarti-time
सूर्यास्त का समय आज का वाराणसी,other,1,537,0.19%,10.32,/hi/varanasi-sunrise-time,inferred_content_match,,low,all terms on page,/hi/city/varanasi/sightseeing/kashi-vishwanath-mandir-ganga-aarti-yatra-2026 | /hi/city/varanasi/taxi/azamgarh-to-varanasi-taxi-fare | /hi/city/varanasi/taxi/varanasi-to-azamgarh-taxi-fare
वाराणसी से अयोध्या की दूरी,other,0,535,0%,8.45,/hi/city/ayodhya/taxi/ayodhya-to-varanasi-taxi,inferred_content_match,,low,all terms on page,/hi/services/ayodhya-ram-mandir-darshan-package-from-varanasi | /hi/varanasi-to-ayodhya-taxi | /hi/city/varanasi/tour-packages/ayodhya-varanasi-3-day-tour
rath yatra varanasi,other,6,528,1.14%,7.89,/en/jagannath-rath-yatra-varanasi-2026,inferred_content_match,,high,slug,/en/best-time-to-visit-varanasi | /en/city/varanasi/taxi/taxi-service-in-sigra-varanasi | /en/sawan-somwar-kashi-vishwanath-darshan-guide-2026
rathyatra varanasi,other,2,468,0.43%,8.99,/en/jagannath-rath-yatra-varanasi-2026,inferred_content_match,,low,all terms on page,/banaras-tour-package | /banaras-travel-agency | /bike-rentals-varanasi
आज सूर्योदय कितने बजे होगा,other,0,465,0%,11.22,/hi/varanasi-sunrise-time,inferred_content_match,,medium,all terms on page,/hi/lolark-shashti-lolark-kund-varanasi-guide | /hi/assi-ghat-aarti-timings-2026 | /hi/city/varanasi/activities/ganga-aarti-samay-varanasi-2026
varanasi airport to kashi vishwanath temple,other,5,457,1.09%,4.12,/en/city/varanasi/taxi/varanasi-airport-to-kashi-vishwanath-taxi,inferred_content_match,,low,body,/en/services/varanasi-airport-to-city-cab | /en/varanasi-airport-taxi-price-guide | /en/city/varanasi/sightseeing/kashi-vishwanath-temple-ganga-aarti-spiritual-journey-2026
kasi tamil sangam registration 2026 tamilnadu online,other,21,451,4.66%,4.18,/en/city/varanasi/events/kashi-tamil-sangamam-2026-varanasi,inferred_content_match,,medium,body,/hi/city/varanasi/events/kashi-tamil-sangamam-2026-varanasi | /kasi-tour-package | /en/city/varanasi/events/banaras-lit-fest-2026-venue-guide-hotels-logistics
ravan dahan 2026,other,2,447,0.45%,6.24,/en/dussehra-ravana-dahan-varanasi,inferred_content_match,,low,tokens (2/3),/en/holi-2026-varanasi-guide | /en/ultimate-guide-ramlila-dussehra-varanasi-2026 | /en/assi-ghat-aarti-timings-2026
कल सूर्यास्त कब होगा,other,0,405,0%,10.24,/hi/city/varanasi/events/mahindra-kabira-sunrise-music,inferred_content_match,,low,all terms on page,/hi/city/kolkata/taxi/varanasi-to-kolkata-taxi | /hi/city/varanasi/events/mahindra-kabira-festival-2026-varanasi | /hi/city/varanasi/taxi/staying-at-taj-ganges-need-taxi
सूर्यास्त का समय,other,0,401,0%,12.41,/hi/city/varanasi/sightseeing/namo-ghat-varanasi,inferred_content_match,,low,body,/hi/city/varanasi/tour-packages/same-day-varanasi-tour | /hi/city/varanasi/taxi/varanasi-airport-to-tulsi-ghat-taxi | /hi/sawan-somwar-kashi-vishwanath-darshan-guide-2026
सूर्योदय सूर्यास्त,other,0,396,0%,8.32,/hi/city/varanasi/activities/84-ghat-naav-tour-varanasi,inferred_content_match,,low,body,/hi/kashi-vishwanath-shivaratri-crowd-survival-guide | /hi/assi-ghat-aarti-timings-2026 | /hi/sunrise-boat-ride-ganges
आज सूर्य अस्त का समय,other,1,327,0.31%,10.31,/hi/varanasi-sunrise-time,inferred_content_match,,low,all terms on page,/hi/city/varanasi/sightseeing/kashi-vishwanath-mandir-ganga-aarti-yatra-2026 | /hi/navratri-in-vindhyachal-practical-guide | /hi/assi-ghat-aarti-timings-2026
varanasi airport to varanasi railway station,other,0,317,0%,4.66,/en/city/varanasi/taxi/varanasi-airport-to-banaras-railway-station-taxi,inferred_content_match,,low,slug (all terms),/hi/city/varanasi/taxi/varanasi-airport-to-banaras-railway-station-taxi | /en/city/varanasi/taxi/varanasi-airport-to-varanasi-junction-taxi | /en/city/varanasi/taxi/airport-taxi-service-varanasi
ganga snan 2026 november,other,2,309,0.65%,2.34,/en/city/varanasi/events/kartik-purnima-ganga-snan-varanasi-2026,inferred_content_match,,low,all terms on page,/en/city/varanasi/sightseeing/kashi-vishwanath-temple-ganga-aarti-spiritual-journey-2026 | /en/city/varanasi/tour-packages/varanasi-gaya-prayagraj-tour-package-elderly | /en/safety-and-security-in-varanasi-guide-for-solo-travellar
manikarnika ghat,other,1,307,0.33%,5.2,/en/city/varanasi/taxi/manikarnika-ghat-cremation-guide,inferred_content_match,,low,title,/en/manikarnika-ghat-sacred-cremation-grounds | /en/city/varanasi/taxi/varanasi-airport-to-manikarnika-taxi | /hi/city/varanasi/taxi/manikarnika-ghat-cremation-guide
कल सुबह का सूर्योदय,other,0,307,0%,7.72,/hi/city/varanasi/events/mahindra-kabira-sunrise-music,inferred_content_match,,low,all terms on page,/hi/varanasi-sunrise-time | /hi/city/varanasi/activities/sunrise-yoga-varanasi-2026 | /hi/bus/kashi-yatra-south-india-bus-package
बनारस की दूरी,other,0,305,0%,5.04,/hi/varanasi-to-vindhyachal-taxi,inferred_content_match,,low,body,/hi/banaras-travel-agency | /hi/banaras-tour-package | /hi/city/varanasi/activities/84-ghat-naav-tour-varanasi
आज का सूर्योदय का समय,other,0,296,0%,8.41,/hi/varanasi-sunrise-time,inferred_content_match,,low,all terms on page,/hi/city/varanasi/sightseeing/kashi-vishwanath-mandir-ganga-aarti-yatra-2026 | /hi/dashashwamedh-ghat-ganga-aarti-timing | /hi/assi-ghat-aarti-timings-2026
varanasi rath yatra,other,1,291,0.34%,8.03,/en/jagannath-rath-yatra-varanasi-2026,inferred_content_match,,high,slug (all terms),/en/best-time-to-visit-varanasi | /en/city/varanasi/taxi/taxi-service-in-sigra-varanasi | /en/sawan-somwar-kashi-vishwanath-darshan-guide-2026
ganga snan 2026 date november,other,6,280,2.14%,2.17,/en/city/varanasi/events/kartik-purnima-ganga-snan-varanasi-2026,inferred_content_match,,medium,all terms on page,/en/city/varanasi/sightseeing/kashi-vishwanath-temple-ganga-aarti-spiritual-journey-2026 | /en/city/varanasi/tour-packages/varanasi-gaya-prayagraj-tour-package-elderly | /en/safety-and-security-in-varanasi-guide-for-solo-travellar
sun rise in varanasi,other,0,280,0%,7.89,/en/ayodhya-varanasi-prayagraj-group-tour-package,inferred_content_match,,low,all terms on page,/en/best-time-to-visit-varanasi | /en/city/varanasi/activities/84-ghats-boat-tour-varanasi | /en/city/varanasi/events/makar-sankranti-ganga-snan-varanasi-2026
आज का सूर्योदय,other,0,275,0%,11.22,/hi/varanasi-sunrise-time,inferred_content_match,,low,all terms on page,/hi/city/varanasi/sightseeing/kashi-vishwanath-mandir-ganga-aarti-yatra-2026 | /hi/dashashwamedh-ghat-ganga-aarti-timing | /hi/lolark-shashti-lolark-kund-varanasi-guide
monsoon in varanasi 2026,other,12,264,4.55%,1.81,/en/varanasi-in-monsoon-july-september-2026,inferred_content_match,,low,slug (all terms),/hi/varanasi-in-monsoon-july-september-2026 | /en/city/varanasi/activities/ganga-aarti-timing-varanasi-2026 | /en/city/varanasi/events/chhath-puja-2026-varanasi-guide
jagannath mela 2026,other,0,261,0%,7.3,/en/jagannath-rath-yatra-varanasi-2026,inferred_content_match,,medium,all terms on page,/en/city/prayagraj/events/magh-mela-2026-travel-guide-varanasi | /hi/city/prayagraj/events/magh-mela-2026-travel-guide-varanasi | /en/city/prayagraj/events/varanasi-to-prayagraj-magh-mela-taxi-booking
yes,other,6,259,2.32%,5.84,/banaras-tour-package,inferred_content_match,,low,body,/banaras-travel-agency | /bike-rentals-varanasi | /en/12-seater-tempo-traveller-varanasi
dashashwamedh ghat aarti,other,0,252,0%,8.27,/en/city/varanasi/sightseeing/dashashwamedh-ghat-boat-ride-ganga-aarti-guide,inferred_content_match,,low,slug (all terms),/en/dashashwamedh-ghat-ganga-aarti-timing | /hi/city/varanasi/sightseeing/dashashwamedh-ghat-naav-ganga-aarti-guide | /hi/dashashwamedh-ghat-ganga-aarti
total ghats in varanasi,other,0,252,0%,10.8,/en/city/varanasi/activities/84-ghats-boat-tour-varanasi,inferred_content_match,,low,all terms on page,/en/city/varanasi/sightseeing/namo-ghat-varanasi | /en/city/varanasi/events/kartik-purnima-ganga-snan-varanasi-2026 | /en/city/varanasi/taxi/taxi-for-tent-city-varanasi
rathyatra mela varanasi,other,2,249,0.8%,7.1,/en/jagannath-rath-yatra-varanasi-2026,inferred_content_match,,low,all terms on page,/en/city/prayagraj/events/magh-mela-2026-travel-guide-varanasi | /en/city/prayagraj/events/varanasi-to-prayagraj-magh-mela-taxi-booking | /en/city/varanasi/events/siberian-birds-winter-events-varanasi
kashi tamil sangamam 2026,other,17,243,7%,3.07,/en/city/varanasi/events/kashi-tamil-sangamam-2026-varanasi,inferred_content_match,,medium,title,/hi/city/varanasi/events/kashi-tamil-sangamam-2026-varanasi | /en/city/varanasi/shopping/banarasi-silk-saree-shopping-varanasi-2026 | /en/varanasi-december-2026-experience-hub
सूर्योदय टाइम कल,other,0,229,0%,11.63,/hi/city/varanasi/events/mahindra-kabira-sunrise-music,inferred_content_match,,low,all terms on page,/hi/city/varanasi/activities/sunrise-yoga-varanasi-2026 | /hi/best-time-to-visit-varanasi | /hi/city/varanasi/sightseeing/namo-ghat-varanasi
sarnath pillar,other,0,226,0%,3.41,/en/ashoka-pillar-sarnath-guide,inferred_content_match,,low,slug (all terms),/hi/ashoka-pillar-sarnath-guide | /en/sarnath-attractions-guide | /en/sarnath-complete-guide
sarnath temple varanasi,other,2,218,0.92%,6.89,/en/city/varanasi/taxi/varanasi-to-sarnath-taxi,inferred_content_match,,low,all terms on page,/en/sarnath-buddhist-temple-guide | /en/varanasi-to-sarnath-tempo-traveller | /en/city/varanasi/taxi/varanasi-airport-to-sarnath-taxi
rath yatra mela 2026,other,1,218,0.46%,5.61,/en/jagannath-rath-yatra-varanasi-2026,inferred_content_match,,high,title,/en/city/prayagraj/events/magh-mela-2026-travel-guide-varanasi | /en/kanwar-yatra-varanasi-2026-traffic-guide | /hi/city/prayagraj/events/magh-mela-2026-travel-guide-varanasi
kartik snan 2026,other,0,216,0%,4.72,/en/city/varanasi/events/kartik-purnima-ganga-snan-varanasi-2026,inferred_content_match,,low,slug (all terms),/hi/city/varanasi/events/kartik-purnima-ganga-snan-varanasi-2026 | /en/city/varanasi/sightseeing/kashi-vishwanath-temple-ganga-aarti-spiritual-journey-2026 | /en/city/varanasi/taxi/varanasi-airport-to-panchganga-ghat-taxi
varanasi rathyatra mela 2026,other,7,215,3.26%,2.74,/en/jagannath-rath-yatra-varanasi-2026,inferred_content_match,,medium,all terms on page,/en/city/prayagraj/events/magh-mela-2026-travel-guide-varanasi | /en/city/prayagraj/events/varanasi-to-prayagraj-magh-mela-taxi-booking | /en/nag-nathaiya-festival-varanasi-2026
बनारस से विंध्याचल की दूरी,other,3,209,1.44%,2.95,/hi/varanasi-to-vindhyachal-taxi,inferred_content_match,,medium,body,/hi/travel-from-varanasi-to-vindhyachal | /hi/varanasi-to-vindhyachal-itinerary | /hi/trikon-parikrama-vindhyachal-complete-guide
kashi ghat name,other,0,207,0%,9.53,/en/city/varanasi/activities/84-ghats-boat-tour-varanasi,inferred_content_match,,low,all terms on page,/en/guide-to-ghats-of-varanasi | /en/shradh-tarpan-tulsi-ghat-varanasi-guide | /en/assi-ghat-to-airport-taxi
rathyatra mela varanasi 2026,other,3,203,1.48%,3.19,/en/jagannath-rath-yatra-varanasi-2026,inferred_content_match,,medium,all terms on page,/en/city/prayagraj/events/magh-mela-2026-travel-guide-varanasi | /en/city/prayagraj/events/varanasi-to-prayagraj-magh-mela-taxi-booking | /en/nag-nathaiya-festival-varanasi-2026
rath er mela 2026,other,1,202,0.5%,7.67,/en/jagannath-rath-yatra-varanasi-2026,inferred_content_match,,low,tokens (3/4),/en/city/prayagraj/events/magh-mela-2026-travel-guide-varanasi | /hi/city/prayagraj/events/magh-mela-2026-travel-guide-varanasi | /en/city/prayagraj/events/varanasi-to-prayagraj-magh-mela-taxi-booking
बनारस से अयोध्या कितने किलोमीटर है,other,0,197,0%,8.54,/hi/tempo-traveller-rates-varanasi,inferred_content_match,,low,all terms on page,/hi/varanasi-to-ayodhya-tempo-traveller | /hi/city/varanasi/taxi/taxi-service-varanasi | /hi/city/varanasi/taxi/varanasi-airport-transfer-guide
varanasi temperature in december,other,2,193,1.04%,7.6,/en/varanasi-in-december-2026,inferred_content_match,,low,all terms on page,/en/city/varanasi/activities/sunrise-yoga-varanasi-2026 | /en/city/varanasi/travel-guide/varanasi-in-january-2026 | /en/best-time-to-visit-varanasi
rath yatra 2026 varanasi,other,6,186,3.23%,1.95,/en/jagannath-rath-yatra-varanasi-2026,inferred_content_match,,high,slug (all terms),/en/sawan-somwar-kashi-vishwanath-darshan-guide-2026 | /en/varanasi-in-monsoon-july-september-2026 | /en/best-time-to-visit-varanasi
विंध्याचल से बनारस की दूरी,other,5,185,2.7%,2.58,/hi/varanasi-to-vindhyachal-taxi,inferred_content_match,,medium,body,/hi/travel-from-varanasi-to-vindhyachal | /hi/varanasi-to-vindhyachal-itinerary | /hi/trikon-parikrama-vindhyachal-complete-guide
बनारस से विंध्याचल कितना किलोमीटर है,other,5,180,2.78%,2.86,/hi/trikon-parikrama-vindhyachal-complete-guide,inferred_content_match,,low,all terms on page,/hi/varanasi-to-vindhyachal-taxi | /hi/city/varanasi/taxi/varanasi-airport-to-banaras-railway-station-taxi | /hi/navratri-pilgrimage-vindhyachal-from-varanasi-guide
बनारस में कितने घाट है,other,1,180,0.56%,5.33,/hi/how-many-days-in-varanasi,inferred_content_match,,low,all terms on page,/hi/city/varanasi/activities/84-ghat-naav-tour-varanasi | /hi/city/varanasi/taxi/varanasi-airport-to-banaras-railway-station-taxi | /hi/assi-ghat-aarti-timings-2026
urbania interior,other,0,180,0%,1.05,/en/force-urbania-hire-varanasi,inferred_content_match,,low,body,/en/17-seater-tempo-traveller-varanasi | /en/buddhist-circuit-tour-tempo-traveller-varanasi | /en/corporate-group-tempo-traveller-varanasi
"sarnath buddhist temple sarnath station road pandeypur sarnath varanasi 
uttar pradesh",other,1,175,0.57%,6.12,/en/sarnath-buddhist-temple-guide,inferred_content_match,,low,tokens (4/9),/en/varanasi-to-sarnath-tempo-traveller | /en/buddhist-circuit-tour-tempo-traveller-varanasi | /en/city/varanasi/taxi/varanasi-railway-station-taxi-service
कल सूर्योदय कितने बजे होगा,other,0,175,0%,10.95,/hi/varanasi-sunrise-time,inferred_content_match,,medium,all terms on page,/hi/services/varanasi-dormitory-budget-homestay-booking | /hi/varanasi-to-ayodhya-taxi | /hi/city/varanasi/food/malaiyo-varanasi-guide
कैंट स्टेशन वाराणसी,other,0,173,0%,10.58,/hi/city/chitrakoot/taxi/varanasi-to-chitrakoot-taxi,inferred_content_match,,low,all terms on page,/hi/city/varanasi/taxi/taxi-service-varanasi-cantt-station | /hi/city/varanasi/taxi/varanasi-airport-to-varanasi-city-station-taxi | /hi/city/varanasi/taxi/varanasi-airport-to-varanasi-junction-taxi
varanasi temperature,other,0,168,0%,2.15,/en/city/varanasi/travel-guide/varanasi-in-january-2026,inferred_content_match,,medium,body,/en/dev-deepawali-photography-guide-2026 | /en/best-time-to-visit-varanasi | /en/book-taxi-varanasi-ramlila-dussehra
varanasi to vindhyachal bus,other,1,161,0.62%,7.84,/en/travel-from-varanasi-to-vindhyachal,inferred_content_match,,low,all terms on page,/en/navratri-pilgrimage-vindhyachal-from-varanasi-guide | /en/varanasi-to-vindhyachal-taxi | /en/12-seater-tempo-traveller-varanasi
बनारस में घूमने के लिए कितने दिन चाहिए,other,1,149,0.67%,10.07,/hi/how-many-days-in-varanasi,inferred_content_match,,medium,all terms on page,/hi/tourist-spots-varanasi | /hi/shradh-tarpan-tulsi-ghat-varanasi-guide | /hi/city/varanasi/sightseeing/dashashwamedh-ghat-naav-ganga-aarti-guide
nati imli varanasi,other,1,147,0.68%,6.33,/en/bharat-milap-nati-imli,inferred_content_match,,medium,body,/en/book-taxi-varanasi-ramlila-dussehra | /en/dussehra-ravana-dahan-varanasi | /en/ultimate-guide-ramlila-dussehra-varanasi-2026
kashi vishwanath,other,1,144,0.69%,3.53,/en/city/varanasi/sightseeing/kashi-vishwanath-temple-ganga-aarti-spiritual-journey-2026,inferred_content_match,,low,title,/en/city/varanasi/taxi/varanasi-airport-to-kashi-vishwanath-taxi | /en/kashi-vishwanath-darshan-ganga-aarti-package | /en/kashi-vishwanath-shivaratri-crowd-survival-guide
varanasi rath yatra mela,other,4,141,2.84%,7.98,/en/jagannath-rath-yatra-varanasi-2026,inferred_content_match,,medium,all terms on page,/en/bus/kashi-rameshwaram-twin-jyotirlinga-yatra | /en/bus/kashi-yatra-south-india-bus-package | /en/city/prayagraj/events/magh-mela-2026-travel-guide-varanasi
kasi tamil sangam registration 2026 tamilnadu online apply form,other,8,138,5.8%,4.86,/en/city/varanasi/events/kashi-tamil-sangamam-2026-varanasi,inferred_content_match,,low,tokens (8/9),/hi/city/varanasi/events/kashi-tamil-sangamam-2026-varanasi | /kasi-tour-package | /en/city/varanasi/events/mauni-amavasya-ganga-snan-varanasi-2026
वाराणसी में कितने घाट है,other,1,137,0.73%,3.96,/hi/scindia-ghat-submerged-temple,inferred_content_match,,low,all terms on page,/hi/city/varanasi/taxi/shivala-ghat-taxi-service | /hi/city/varanasi/taxi/varanasi-railway-station-taxi-service | /hi/services/varanasi-dormitory-budget-homestay-booking
kasi tamil sangam registration 2026,other,14,134,10.45%,3.28,/en/city/varanasi/events/kashi-tamil-sangamam-2026-varanasi,inferred_content_match,,medium,body,/hi/city/varanasi/events/kashi-tamil-sangamam-2026-varanasi | /kasi-tour-package | /en/kasi-tour-package
jagannath rath yatra varanasi,other,2,132,1.52%,5.58,/en/jagannath-rath-yatra-varanasi-2026,inferred_content_match,,high,slug,/en/best-time-to-visit-varanasi | /en/varanasi-in-monsoon-july-september-2026 | /en/bus/kashi-rameshwaram-twin-jyotirlinga-yatra
varanasi to ayodhya,other,2,128,1.56%,4.79,/en/city/varanasi/taxi/varanasi-to-ayodhya-taxi-fare,inferred_content_match,,low,title,/en/services/varanasi-ayodhya-prayagraj-pilgrimage-taxi | /en/varanasi-to-ayodhya-12-seater-tempo-traveller | /en/varanasi-to-ayodhya-day-trip-tempo-traveller
बनारस से मिर्जापुर की दूरी,other,1,128,0.78%,9.16,/hi/banaras-travel-agency,inferred_content_match,,low,all terms on page,/hi/banaras-tour-package | /hi/city/ayodhya/tour-packages/ayodhya-2-day-tour | /hi/city/varanasi/shopping/banarasi-silk-saree-shopping-varanasi-2026
banaras ke ghat,other,1,119,0.84%,8.04,/en/city/varanasi/activities/84-ghats-boat-tour-varanasi,inferred_content_match,,low,slug (all terms),/en/city/varanasi/sightseeing/namo-ghat-varanasi | /en/city/varanasi/taxi/varanasi-airport-to-assi-ghat-taxi | /en/city/varanasi/taxi/varanasi-airport-to-kedar-ghat-taxi
rath yatra in varanasi,other,3,118,2.54%,4.93,/en/jagannath-rath-yatra-varanasi-2026,inferred_content_match,,high,slug (all terms),/en/best-time-to-visit-varanasi | /en/city/varanasi/taxi/taxi-service-in-sigra-varanasi | /en/sawan-somwar-kashi-vishwanath-darshan-guide-2026
varanasi se,other,1,117,0.85%,11.07,/bike-rentals-varanasi,inferred_content_match,,low,body,/en/12-seater-tempo-traveller-varanasi | /en/9-vs-12-vs-17-seater-tempo-traveller-varanasi | /en/city/agra/taxi/varanasi-to-agra-taxi
ganga snan november 2026,other,5,115,4.35%,1.68,/en/city/varanasi/events/kartik-purnima-ganga-snan-varanasi-2026,inferred_content_match,,low,all terms on page,/en/city/varanasi/sightseeing/kashi-vishwanath-temple-ganga-aarti-spiritual-journey-2026 | /en/city/varanasi/tour-packages/varanasi-gaya-prayagraj-tour-package-elderly | /en/safety-and-security-in-varanasi-guide-for-solo-travellar
बनारस से विन्ध्याचल की दूरी,other,3,114,2.63%,2.93,/hi/varanasi-to-vindhyachal-itinerary,inferred_content_match,,low,all terms on page,/hi/travel-from-varanasi-to-vindhyachal | /hi/varanasi-to-vindhyachal-taxi | /hi/trikon-parikrama-vindhyachal-complete-guide
sarnath varanasi,other,3,112,2.68%,7.91,/en/city/varanasi/taxi/varanasi-to-sarnath-taxi,inferred_content_match,,low,slug (all terms),/en/varanasi-to-sarnath-tempo-traveller | /en/city/varanasi/taxi/varanasi-airport-to-sarnath-taxi | /hi/city/varanasi/taxi/varanasi-airport-to-sarnath-taxi
लोलार्क कुंड का स्नान कब है 2026,other,1,110,0.91%,4.25,/hi/city/varanasi/shopping/banarasi-silk-saree-shopping-varanasi-2026,inferred_content_match,,low,all terms on page,/hi/city/varanasi/activities/sunrise-yoga-varanasi-2026 | /hi/city/varanasi/events/mahindra-kabira-festival-2026-varanasi | /hi/lolark-shashti-lolark-kund-varanasi-guide
rath yatra 2026 in varanasi,other,3,109,2.75%,1.93,/en/jagannath-rath-yatra-varanasi-2026,inferred_content_match,,high,slug (all terms),/en/sawan-somwar-kashi-vishwanath-darshan-guide-2026 | /en/varanasi-in-monsoon-july-september-2026 | /en/best-time-to-visit-varanasi
morning aarti at assi ghat,other,1,109,0.92%,5.71,/en/assi-ghat-morning-aarti-time,inferred_content_match,,high,slug (all terms),/en/assi-ghat-aarti-timings-2026 | /en/assi-ghat-evening-aarti-time | /en/city/varanasi/taxi/varanasi-airport-to-assi-ghat-taxi
sarnath museum,other,6,108,5.56%,2.06,/en/sarnath-attractions-guide,inferred_content_match,,low,body,/en/sarnath-timing-visit-guide | /en/ashoka-pillar-sarnath-guide | /en/city/varanasi/taxi/varanasi-airport-to-sarnath-taxi
rathyatra mela 2026 in varanasi,other,4,107,3.74%,3.41,/en/jagannath-rath-yatra-varanasi-2026,inferred_content_match,,medium,all terms on page,/en/city/prayagraj/events/magh-mela-2026-travel-guide-varanasi | /en/city/prayagraj/events/varanasi-to-prayagraj-magh-mela-taxi-booking | /en/nag-nathaiya-festival-varanasi-2026
kasi tamil sangam registration online tamilnadu login,other,1,105,0.95%,5.9,/en/city/varanasi/events/kashi-tamil-sangamam-2026-varanasi,inferred_content_match,,low,tokens (6/7),/kasi-tour-package | /en/kasi-tour-package | /en/varanasi-to-triveni-sangam-tempo-traveller
वाराणसी से गोरखपुर की दूरी,other,1,105,0.95%,9.46,/hi/city/gorakhpur/taxi/varanasi-to-gorakhpur-taxi,inferred_content_match,,low,all terms on page,/hi/city/varanasi/taxi/varanasi-airport-to-gorakhpur-taxi | /hi/city/varanasi/taxi/varanasi-airport-transfer-guide | /hi/city/varanasi/taxi/taxi-service-varanasi
rath yatra mela 2026 varanasi,other,8,104,7.69%,4.18,/en/jagannath-rath-yatra-varanasi-2026,inferred_content_match,,high,title,/en/city/prayagraj/events/magh-mela-2026-travel-guide-varanasi | /en/kanwar-yatra-varanasi-2026-traffic-guide | /en/city/prayagraj/events/varanasi-to-prayagraj-magh-mela-taxi-booking
गंगा आरती वाराणसी टाइमिंग,other,4,98,4.08%,5.98,/hi/city/varanasi/sightseeing/namo-ghat-varanasi,inferred_content_match,,low,all terms on page,/hi/best-time-to-visit-varanasi | /hi/city/varanasi/activities/ganga-aarti-samay-varanasi-2026 | /hi/evening-boat-ride-varanasi-ganga-aarti
kasi tamil sangam registration 2026 tamilnadu online last date,other,11,96,11.46%,2.77,/en/city/varanasi/events/kashi-tamil-sangamam-2026-varanasi,inferred_content_match,,low,tokens (8/9),/hi/city/varanasi/events/kashi-tamil-sangamam-2026-varanasi | /en/city/prayagraj/events/magh-mela-2026-travel-guide-varanasi | /en/city/varanasi/events/kartik-purnima-ganga-snan-varanasi-2026
वाराणसी से विंध्याचल की दूरी,other,3,92,3.26%,2.8,/hi/varanasi-to-vindhyachal-taxi,inferred_content_match,,medium,body,/hi/travel-from-varanasi-to-vindhyachal | /hi/varanasi-to-vindhyachal-itinerary | /hi/city/varanasi/taxi/varanasi-airport-to-dashashwamedh-taxi
sarnath tourist places,other,3,92,3.26%,5.68,/en/sarnath-complete-guide,inferred_content_match,,low,all terms on page,/en/sarnath-attractions-guide | /en/tourist-spots-varanasi | /bike-rentals-varanasi
jagannath rath yatra 2026 varanasi,other,1,92,1.09%,2.41,/en/jagannath-rath-yatra-varanasi-2026,inferred_content_match,,high,slug (all terms),/en/varanasi-in-monsoon-july-september-2026 | /en/best-time-to-visit-varanasi | /en/kanwar-yatra-varanasi-2026-traffic-guide
वाराणसी से विन्ध्याचल की दूरी,other,3,89,3.37%,2.91,/hi/varanasi-to-vindhyachal-itinerary,inferred_content_match,,low,all terms on page,/hi/travel-from-varanasi-to-vindhyachal | /hi/varanasi-to-vindhyachal-taxi | /hi/city/varanasi/taxi/varanasi-airport-to-dashashwamedh-taxi
बनारस से विंध्याचल कितना दूर है,other,1,89,1.12%,2.94,/hi/varanasi-to-vindhyachal-itinerary,inferred_content_match,,low,all terms on page,/hi/varanasi-to-vindhyachal-taxi | /hi/trikon-parikrama-vindhyachal-complete-guide | /hi/navratri-pilgrimage-vindhyachal-from-varanasi-guide
places to visit in sarnath,other,3,88,3.41%,2.27,/en/sarnath-complete-guide,inferred_content_match,,low,body,/en/sarnath-attractions-guide | /en/buddhist-circuit-tour-tempo-traveller-varanasi | /bike-rentals-varanasi
varanasi mela 2026,other,2,85,2.35%,3.49,/en/city/prayagraj/events/magh-mela-2026-travel-guide-varanasi,inferred_content_match,,low,slug (all terms),/hi/city/prayagraj/events/magh-mela-2026-travel-guide-varanasi | /en/city/prayagraj/events/varanasi-to-prayagraj-magh-mela-taxi-booking | /en/jagannath-rath-yatra-varanasi-2026
where is manikarnika ghat,other,1,85,1.18%,2.26,/en/manikarnika-ghat-sacred-cremation-grounds,inferred_content_match,,medium,body,/en/city/varanasi/activities/84-ghats-boat-tour-varanasi | /en/city/varanasi/sightseeing/namo-ghat-varanasi | /en/city/varanasi/taxi/kedar-harishchandra-ghat-taxi-service
dress code for kashi vishwanath temple,other,1,85,1.18%,8.54,/en/services/kashi-vishwanath-temple-dress-code-rules,inferred_content_match,,medium,slug (all terms),/hi/services/kashi-vishwanath-temple-dress-code-rules | /en/city/varanasi/sightseeing/kashi-vishwanath-temple-ganga-aarti-spiritual-journey-2026 | /en/safety-and-security-in-varanasi-guide-for-solo-travellar
jagannath rath yatra 2026 in varanasi,other,7,84,8.33%,2.52,/en/jagannath-rath-yatra-varanasi-2026,inferred_content_match,,high,slug (all terms),/en/varanasi-in-monsoon-july-september-2026 | /en/best-time-to-visit-varanasi | /en/kanwar-yatra-varanasi-2026-traffic-guide
रथयात्रा मेला 2026,other,1,82,1.22%,6.38,/hi/city/prayagraj/events/magh-mela-2026-travel-guide-varanasi,inferred_content_match,,low,tokens (5/6),/hi/varanasi-in-monsoon-july-september-2026 | /hi/varanasi-in-october-2026 | /hi/city/varanasi/events/kartik-purnima-ganga-snan-varanasi-2026
বেনারস ভ্রমণ খরচ,other,1,82,1.22%,9.55,,unmatched,,none,UNMATCHED,
বেনারস থেকে অযোধ্যা দূরত্ব,other,1,81,1.23%,5.77,,unmatched,,none,UNMATCHED,
वाराणसी से विंध्याचल मंदिर की दूरी,other,3,80,3.75%,2.7,/hi/travel-from-varanasi-to-vindhyachal,inferred_content_match,,low,all terms on page,/hi/varanasi-to-vindhyachal-taxi | /hi/services/ayodhya-ram-mandir-darshan-package-from-varanasi | /hi/varanasi-to-vindhyachal-itinerary
बनारस से गोरखपुर कितना किलोमीटर है,other,1,79,1.27%,8.09,/hi/city/varanasi/taxi/varanasi-airport-to-gorakhpur-taxi,inferred_content_match,,low,all terms on page,/hi/city/varanasi/taxi/varanasi-airport-transfer-guide | /hi/city/varanasi/taxi/taxi-service-varanasi | /hi/how-to-reach-varanasi
बनारस से सारनाथ की दूरी,other,1,76,1.32%,7.66,/hi/tourist-spots-varanasi,inferred_content_match,,low,all terms on page,/hi/city/varanasi/taxi/varanasi-to-sarnath-taxi | /hi/packages/sawan-darshan-package-varanasi | /hi/varanasi-tour-package
बनारस से अयोध्या की दूरी कितनी है,other,1,76,1.32%,8.08,/hi/varanasi-to-ayodhya-tempo-traveller,inferred_content_match,,low,all terms on page,/hi/city/varanasi/taxi/taxi-service-varanasi | /hi/city/varanasi/taxi/varanasi-airport-transfer-guide | /hi/tempo-traveller-rates-varanasi
rathyatra in varanasi,other,2,75,2.67%,6.08,/en/jagannath-rath-yatra-varanasi-2026,inferred_content_match,,low,all terms on page,/banaras-tour-package | /banaras-travel-agency | /bike-rentals-varanasi
jagannath rath yatra varanasi 2026,other,2,73,2.74%,3.73,/en/jagannath-rath-yatra-varanasi-2026,inferred_content_match,,high,slug,/en/varanasi-in-monsoon-july-september-2026 | /en/best-time-to-visit-varanasi | /en/kanwar-yatra-varanasi-2026-traffic-guide
rath yatra mela varanasi 2026,other,11,72,15.28%,3.61,/en/jagannath-rath-yatra-varanasi-2026,inferred_content_match,,medium,all terms on page,/en/city/prayagraj/events/magh-mela-2026-travel-guide-varanasi | /en/kanwar-yatra-varanasi-2026-traffic-guide | /en/city/prayagraj/events/varanasi-to-prayagraj-magh-mela-taxi-booking
sarnath places to visit,other,1,72,1.39%,1.81,/en/sarnath-complete-guide,inferred_content_match,,low,all terms on page,/en/sarnath-attractions-guide | /en/buddhist-circuit-tour-tempo-traveller-varanasi | /bike-rentals-varanasi
varanasi in october,other,1,72,1.39%,8.47,/en/varanasi-in-october-2026,inferred_content_match,,medium,title,/hi/varanasi-in-october-2026 | /en/best-time-to-visit-varanasi | /en/navratri-pilgrimage-vindhyachal-from-varanasi-guide
kashi dress code,other,1,71,1.41%,3.25,/en/services/kashi-vishwanath-temple-dress-code-rules,inferred_content_match,,low,slug (all terms),/hi/services/kashi-vishwanath-temple-dress-code-rules | /en/what-to-wear-in-varanasi | /en/city/ayodhya/taxi/ayodhya-to-varanasi-taxi
kasi tamil sangam registration,other,8,68,11.76%,5.4,/en/city/varanasi/events/kashi-tamil-sangamam-2026-varanasi,inferred_content_match,,medium,body,/kasi-tour-package | /en/kasi-tour-package | /en/varanasi-to-triveni-sangam-tempo-traveller
kasi tamil sangam registration online tamilnadu login app download,other,3,68,4.41%,4.68,/en/city/varanasi/events/kashi-tamil-sangamam-2026-varanasi,inferred_content_match,,low,tokens (8/9),/kasi-tour-package | /en/kasi-tour-package | /en/varanasi-to-triveni-sangam-tempo-traveller
varanasi main ghat name,other,1,65,1.54%,7.38,/en/city/varanasi/activities/84-ghats-boat-tour-varanasi,inferred_content_match,,low,all terms on page,/en/guide-to-ghats-of-varanasi | /en/shradh-tarpan-tulsi-ghat-varanasi-guide | /en/city/varanasi/events/chhath-puja-2026-varanasi-guide
kasi tamil sangam 2026,other,2,64,3.12%,3.02,/en/city/varanasi/events/kashi-tamil-sangamam-2026-varanasi,inferred_content_match,,medium,body,/en/kasi-tour-package | /hi/city/varanasi/events/kashi-tamil-sangamam-2026-varanasi | /kasi-tour-package
वाराणसी से मिर्जापुर की दूरी,other,1,62,1.61%,8.44,/hi/city/varanasi/tour-packages/same-day-varanasi-tour,inferred_content_match,,low,all terms on page,/hi/services/ayodhya-ram-mandir-darshan-package-from-varanasi | /hi/city/allahabad/taxi/varanasi-to-allahabad-taxi | /hi/city/jaunpur/taxi/varanasi-to-jaunpur-taxi
trikon parikrama vindhyachal,other,6,61,9.84%,1.54,/en/trikon-parikrama-vindhyachal-complete-guide,inferred_content_match,,low,slug,/hi/trikon-parikrama-vindhyachal-complete-guide | /en/navratri-pilgrimage-vindhyachal-from-varanasi-guide | /en/navratri-in-vindhyachal-practical-guide
लोलार्क कुंड स्नान 2026 कब है,other,2,61,3.28%,3.05,/hi/city/varanasi/shopping/banarasi-silk-saree-shopping-varanasi-2026,inferred_content_match,,low,all terms on page,/hi/city/varanasi/activities/sunrise-yoga-varanasi-2026 | /hi/city/varanasi/events/mahindra-kabira-festival-2026-varanasi | /hi/lolark-shashti-lolark-kund-varanasi-guide
varanasi to vindhyavasini,other,1,61,1.64%,4.3,/en/varanasi-to-vindhyachal-taxi,inferred_content_match,,medium,body,/en/city/chitrakoot/taxi/varanasi-to-chitrakoot-taxi | /en/city/jaunpur/taxi/varanasi-to-jaunpur-taxi | /en/city/varanasi/taxi/varanasi-airport-to-mirzapur-vindhyachal-taxi
varanasi festivals 2026,other,1,61,1.64%,4.77,/en/city/varanasi/events/mahindra-kabira-festival-2026-varanasi,inferred_content_match,,low,slug (all terms),/en/ganga-mahotsav-2026-classical-festival-varanasi | /en/nag-nathaiya-festival-varanasi-2026 | /en/makar-sankranti-2026-varanasi-kite-festival-guide
varanasi in december,other,1,61,1.64%,5.49,/en/varanasi-in-december-2026,inferred_content_match,,medium,title,/hi/varanasi-in-december-2026 | /en/varanasi-december-2026-experience-hub | /hi/varanasi-december-2026-experience-hub
காசி தமிழ் சங்கமம் 2026,other,16,60,26.67%,2.52,/en/city/varanasi/events/kashi-tamil-sangamam-2026-varanasi,inferred_content_match,,low,tokens (4/7),/en/assi-ghat-aarti-timings-2026 | /en/city/prayagraj/events/magh-mela-2026-travel-guide-varanasi | /en/city/varanasi/activities/ganga-aarti-timing-varanasi-2026
लोलार्क छठ कब है 2026,other,8,60,13.33%,1.03,/hi/varanasi-in-october-2026,inferred_content_match,,low,tokens (5/7),/hi/city/varanasi/activities/sunrise-yoga-varanasi-2026 | /hi/city/varanasi/shopping/banarasi-silk-saree-shopping-varanasi-2026 | /hi/varanasi-december-2026-experience-hub
kashi vishwanath temple dress code for ladies,other,2,60,3.33%,3.32,/en/city/varanasi/sightseeing/kashi-vishwanath-temple-ganga-aarti-spiritual-journey-2026,inferred_content_match,,medium,all terms on page,/en/services/kashi-vishwanath-temple-dress-code-rules | /hi/services/kashi-vishwanath-temple-dress-code-rules | /en/services/dharamshala-near-kashi-vishwanath-temple-varanasi
वाराणसी गंगा आरती टाइम,other,1,60,1.67%,6.0,/hi/city/varanasi/sightseeing/namo-ghat-varanasi,inferred_content_match,,low,all terms on page,/hi/best-time-to-visit-varanasi | /hi/city/varanasi/activities/ganga-aarti-samay-varanasi-2026 | /hi/evening-boat-ride-varanasi-ganga-aarti
vindhyachal trikon yatra,other,3,58,5.17%,3.0,/en/city/varanasi/taxi/varanasi-airport-to-mirzapur-vindhyachal-taxi,inferred_content_match,,low,all terms on page,/en/pilgrimage-yatra-tours-tempo-traveller-varanasi | /en/varanasi-to-vindhyachal-taxi | /en/varanasi-to-vindhyachal-tempo-traveller
what to wear in varanasi for ladies,other,1,57,1.75%,5.12,/en/city/varanasi/sightseeing/kashi-vishwanath-temple-ganga-aarti-spiritual-journey-2026,inferred_content_match,,low,all terms on page,/en/what-to-wear-in-varanasi | /hi/what-to-wear-in-varanasi | /en/midday-in-varanasi-what-to-do
ganga mahotsav,other,1,57,1.75%,8.46,/en/ganga-mahotsav-2026-classical-festival-varanasi,inferred_content_match,,medium,title,/hi/ganga-mahotsav-2026-classical-festival-varanasi | /en/best-time-to-visit-varanasi | /en/dev-deepawali-boat-ride-pricing-guide-2026
where is ashoka pillar located in india,other,1,56,1.79%,2.89,/en/safety-and-security-in-varanasi-guide-for-solo-travellar,inferred_content_match,,low,all terms on page,/en/sarnath-complete-guide | /en/tourist-spots-varanasi | /en/varanasi-sightseeing-complete-guide
वाराणसी से सारनाथ की दूरी,other,1,54,1.85%,6.5,/hi/city/varanasi/taxi/varanasi-to-sarnath-taxi,inferred_content_match,,medium,body,/hi/city/varanasi/taxi/varanasi-airport-to-sarnath-taxi | /hi/tourist-spots-varanasi | /hi/varanasi-to-sarnath-tempo-traveller
kashi vishwanath near airport,other,1,54,1.85%,6.78,/en/city/varanasi/taxi/varanasi-airport-to-kashi-vishwanath-taxi,inferred_content_match,,low,all terms on page,/en/services/dharamshala-near-kashi-vishwanath-temple-varanasi | /en/services/hotels-near-varanasi-airport | /en/city/varanasi/taxi/varanasi-airport-to-varanasi-junction-taxi
varanasi in november,other,1,54,1.85%,7.2,/en/varanasi-in-november-2026-insider-guide,inferred_content_match,,medium,title,/hi/varanasi-in-november-2026-insider-guide | /en/best-time-to-visit-varanasi | /en/varanasi-sightseeing-complete-guide
famous street food in varanasi,other,3,53,5.66%,1.55,/en/city/varanasi/food/varanasi-street-food-guide,inferred_content_match,,low,all terms on page,/en/banaras-food-trail-breakfast-to-late-night | /en/city/kolkata/taxi/varanasi-to-kolkata-taxi | /en/city/varanasi/events/kartik-purnima-ganga-snan-varanasi-2026
varanasi dress code,other,1,52,1.92%,2.48,/en/services/kashi-vishwanath-temple-dress-code-rules,inferred_content_match,,low,slug (all terms),/hi/services/kashi-vishwanath-temple-dress-code-rules | /en/safety-and-security-in-varanasi-guide-for-solo-travellar | /en/what-to-wear-in-varanasi
rathyatra 2026 varanasi,other,1,52,1.92%,2.73,/en/jagannath-rath-yatra-varanasi-2026,inferred_content_match,,medium,all terms on page,/en/city/prayagraj/events/magh-mela-2026-travel-guide-varanasi | /en/city/varanasi/activities/ganga-aarti-timing-varanasi-2026 | /en/city/varanasi/activities/sunrise-yoga-varanasi-2026
दशाश्वमेध,other,1,51,1.96%,7.39,/hi/city/varanasi/activities/ganga-aarti-samay-varanasi-2026,inferred_content_match,,low,title,/hi/city/varanasi/sightseeing/dashashwamedh-ghat-naav-ganga-aarti-guide | /hi/city/varanasi/taxi/varanasi-airport-to-dashashwamedh-taxi | /hi/dashashwamedh-ghat-detailed-guide
boat ride in varanasi,other,1,51,1.96%,10.8,/en/boat-ride-varanasi,inferred_content_match,,high,title,/en/evening-boat-ride-varanasi-ganga-aarti | /en/hand-boat-ride-varanasi | /en/morning-boat-ride-varanasi-price
kasi tamil sangam registration online,other,4,50,8%,5.14,/en/city/varanasi/events/kashi-tamil-sangamam-2026-varanasi,inferred_content_match,,low,all terms on page,/kasi-tour-package | /en/kasi-tour-package | /en/varanasi-to-triveni-sangam-tempo-traveller
ganga snan date in november 2026,other,2,49,4.08%,2.18,/en/city/varanasi/events/kartik-purnima-ganga-snan-varanasi-2026,inferred_content_match,,medium,all terms on page,/en/city/varanasi/sightseeing/kashi-vishwanath-temple-ganga-aarti-spiritual-journey-2026 | /en/city/varanasi/tour-packages/varanasi-gaya-prayagraj-tour-package-elderly | /en/safety-and-security-in-varanasi-guide-for-solo-travellar
rath yatra mela in varanasi,other,1,49,2.04%,8.82,/en/jagannath-rath-yatra-varanasi-2026,inferred_content_match,,medium,all terms on page,/en/bus/kashi-rameshwaram-twin-jyotirlinga-yatra | /en/bus/kashi-yatra-south-india-bus-package | /en/city/prayagraj/events/magh-mela-2026-travel-guide-varanasi
बनारस में गंगा आरती का समय,other,2,47,4.26%,4.43,/hi/assi-ghat-aarti-timings-2026,inferred_content_match,,low,all terms on page,/hi/city/varanasi/sightseeing/kashi-vishwanath-mandir-ganga-aarti-yatra-2026 | /hi/dashashwamedh-ghat-ganga-aarti-timing | /hi/banaras-tour-package
morning aarti in varanasi,other,4,46,8.7%,4.09,/en/assi-ghat-morning-aarti-time,inferred_content_match,,low,all terms on page,/en/city/varanasi/activities/ganga-aarti-timing-varanasi-2026 | /en/city/varanasi/sightseeing/kashi-vishwanath-temple-ganga-aarti-spiritual-journey-2026 | /en/kashi-vishwanath-darshan-ganga-aarti-package
varanasi ke ghat,other,1,46,2.17%,7.5,/hi/varanasi-ke-ghaton-ke-liye-guide,inferred_content_match,,low,slug,/en/city/varanasi/activities/84-ghats-boat-tour-varanasi | /en/city/varanasi/sightseeing/namo-ghat-varanasi | /en/city/varanasi/taxi/varanasi-airport-to-assi-ghat-taxi
rathyatra mela varanasi date,other,1,45,2.22%,3.11,/en/jagannath-rath-yatra-varanasi-2026,inferred_content_match,,low,all terms on page,/en/city/prayagraj/events/magh-mela-2026-travel-guide-varanasi | /en/city/prayagraj/events/varanasi-to-prayagraj-magh-mela-taxi-booking | /en/city/varanasi/events/siberian-birds-winter-events-varanasi
काशी में कितने घाट हैं,other,1,45,2.22%,6.02,/hi/scindia-ghat-submerged-temple,inferred_content_match,,low,all terms on page,/hi/assi-ghat-aarti-timings-2026 | /hi/city/varanasi/taxi/shivala-ghat-taxi-service | /hi/city/varanasi/taxi/staying-at-taj-ganges-need-taxi
ashoka pillar sarnath,other,1,45,2.22%,9.4,/en/ashoka-pillar-sarnath-guide,inferred_content_match,,medium,title,/hi/ashoka-pillar-sarnath-guide | /en/sarnath-attractions-guide | /en/sarnath-buddhist-temple-guide
varanasi to vindhyavasini temple,other,1,44,2.27%,4.59,/en/varanasi-to-vindhyachal-taxi,inferred_content_match,,medium,body,/en/city/chitrakoot/taxi/varanasi-to-chitrakoot-taxi | /en/city/varanasi/taxi/varanasi-airport-to-mirzapur-vindhyachal-taxi | /en/city/varanasi/taxi/varanasi-airport-transfer-guide
dress for banaras trip female,other,1,43,2.33%,5.49,/en/is-varanasi-safe-for-solo-female-travellers,inferred_content_match,,low,all terms on page,/en/what-to-wear-in-varanasi | /en/best-time-to-visit-varanasi | /en/city/ayodhya/taxi/ayodhya-to-varanasi-taxi
बनारस में कुल कितने घाट हैं,other,1,43,2.33%,5.74,/hi/how-many-days-in-varanasi,inferred_content_match,,low,all terms on page,/hi/city/varanasi/activities/84-ghat-naav-tour-varanasi | /hi/city/varanasi/taxi/varanasi-airport-to-banaras-railway-station-taxi | /hi/tourist-spots-varanasi
varanasi to vindhyachal mandir mirzapur,other,1,43,2.33%,6.58,/en/varanasi-to-vindhyachal-taxi,inferred_content_match,,low,all terms on page,/en/city/varanasi/taxi/varanasi-airport-transfer-guide | /en/services/where-to-stay-in-vindhyachal | /hi/city/varanasi/taxi/varanasi-airport-transfer-guide
kasi,other,1,42,2.38%,3.31,/kasi-tour-package,inferred_content_match,,medium,title,/en/kasi-tour-package | /hi/kasi-tour-package | /en/bus/kashi-rameshwaram-twin-jyotirlinga-yatra
बनारस में कितने घाट है उनके नाम,other,1,42,2.38%,3.62,/hi/city/varanasi/sightseeing/namo-ghat-varanasi,inferred_content_match,,low,all terms on page,/hi/shradh-tarpan-tulsi-ghat-varanasi-guide | /hi/pisach-mochan-kund-narayan-nag-bali-varanasi | /hi/sawan-kashi-vishwanath-crowd-survival-sugam-darshan-2026
rathyatra mela 2026 date,other,1,42,2.38%,3.86,/en/jagannath-rath-yatra-varanasi-2026,inferred_content_match,,low,all terms on page,/en/city/prayagraj/events/magh-mela-2026-travel-guide-varanasi | /hi/city/prayagraj/events/magh-mela-2026-travel-guide-varanasi | /en/city/prayagraj/events/varanasi-to-prayagraj-magh-mela-taxi-booking
november ganga snan 2026,other,4,41,9.76%,1.63,/en/city/varanasi/events/kartik-purnima-ganga-snan-varanasi-2026,inferred_content_match,,low,all terms on page,/en/city/varanasi/sightseeing/kashi-vishwanath-temple-ganga-aarti-spiritual-journey-2026 | /en/city/varanasi/tour-packages/varanasi-gaya-prayagraj-tour-package-elderly | /en/safety-and-security-in-varanasi-guide-for-solo-travellar
ganga mahotsav 2026,other,2,41,4.88%,2.49,/en/ganga-mahotsav-2026-classical-festival-varanasi,inferred_content_match,,medium,title,/hi/ganga-mahotsav-2026-classical-festival-varanasi | /en/dev-deepawali-boat-ride-pricing-guide-2026 | /en/dev-deepawali-2026-varanasi-ultimate-guide
trikon yatra vindhyachal,other,6,40,15%,1.5,/en/city/varanasi/taxi/varanasi-airport-to-mirzapur-vindhyachal-taxi,inferred_content_match,,low,all terms on page,/en/pilgrimage-yatra-tours-tempo-traveller-varanasi | /en/varanasi-to-vindhyachal-taxi | /en/varanasi-to-vindhyachal-tempo-traveller
varanasi to sarnath,other,3,39,7.69%,12.36,/en/city/varanasi/taxi/varanasi-to-sarnath-taxi,inferred_content_match,,low,title,/en/varanasi-to-sarnath-tempo-traveller | /hi/city/varanasi/taxi/varanasi-to-sarnath-taxi | /hi/varanasi-to-sarnath-tempo-traveller
vindhyachal trikon parikrama,other,1,39,2.56%,1.67,/en/trikon-parikrama-vindhyachal-complete-guide,inferred_content_match,,low,slug (all terms),/hi/trikon-parikrama-vindhyachal-complete-guide | /en/navratri-pilgrimage-vindhyachal-from-varanasi-guide | /en/pilgrimage-yatra-tours-tempo-traveller-varanasi
বারাণসী থেকে অযোধ্যা দূরত্ব,other,1,39,2.56%,5.49,,unmatched,,none,UNMATCHED,
वाराणसी से काशी की दूरी,other,1,39,2.56%,7.56,/hi/city/ayodhya/taxi/ayodhya-to-varanasi-taxi,inferred_content_match,,low,all terms on page,/hi/city/varanasi/taxi/kedar-harishchandra-ghat-taxi-service | /hi/city/varanasi/taxi/varanasi-airport-to-dashashwamedh-taxi | /hi/city/varanasi/tour-packages/same-day-varanasi-tour
वाराणसी से विंध्याचल बस किराया,other,1,39,2.56%,8.54,/hi/travel-from-varanasi-to-vindhyachal,inferred_content_match,,low,all terms on page,/hi/varanasi-to-vindhyachal-itinerary | /hi/varanasi-to-vindhyachal-taxi | /hi/city/varanasi/taxi/varanasi-airport-to-dashashwamedh-taxi
बनारस से विंध्याचल की दूरी कितनी है,other,2,38,5.26%,2.97,/hi/varanasi-to-vindhyachal-itinerary,inferred_content_match,,low,all terms on page,/hi/varanasi-to-vindhyachal-taxi | /hi/trikon-parikrama-vindhyachal-complete-guide | /hi/navratri-pilgrimage-vindhyachal-from-varanasi-guide
free kashi yatra 2026,other,2,38,5.26%,6.97,/en/jagannath-rath-yatra-varanasi-2026,inferred_content_match,,low,all terms on page,/en/bus/kashi-yatra-south-india-bus-package | /en/city/varanasi/tour-packages/varanasi-gaya-prayagraj-tour-package-elderly | /en/bus/kashi-prayagraj-ayodhya-south
गया में पिंडदान का खर्च 2026,other,1,38,2.63%,7.84,/hi/city/varanasi/tour-packages/pind-daan-gaya-service-varanasi,inferred_content_match,,low,all terms on page,/hi/pisach-mochan-kund-narayan-nag-bali-varanasi | /hi/shradh-tarpan-tulsi-ghat-varanasi-guide | /hi/packages/shradh-pind-daan-package-varanasi
jagannath yatra varanasi,other,2,37,5.41%,2.81,/en/jagannath-rath-yatra-varanasi-2026,inferred_content_match,,high,slug (all terms),/en/best-time-to-visit-varanasi | /en/varanasi-in-monsoon-july-september-2026 | /en/bus/kashi-rameshwaram-twin-jyotirlinga-yatra
बनारस से बिनधाचल की दूरी,other,2,37,5.41%,2.92,/hi/banaras-travel-agency,inferred_content_match,,low,tokens (7/9),/hi/city/varanasi/taxi/varanasi-airport-to-banaras-railway-station-taxi | /hi/travel-from-varanasi-to-vindhyachal | /hi/varanasi-to-vindhyachal-itinerary
वाराणसी में गंगा आरती का समय,other,1,37,2.7%,5.84,/hi/city/varanasi/activities/ganga-aarti-samay-varanasi-2026,inferred_content_match,,medium,body,/hi/city/varanasi/sightseeing/kashi-vishwanath-mandir-ganga-aarti-yatra-2026 | /hi/evening-boat-ride-varanasi-ganga-aarti | /hi/varanasi-tour-package-for-families
दशाश्वमेध घाट आरती समय,other,2,36,5.56%,2.47,/hi/dashashwamedh-ghat-ganga-aarti-timing,inferred_content_match,,high,title,/hi/city/varanasi/activities/ganga-aarti-samay-varanasi-2026 | /hi/dashashwamedh-ghat-ganga-aarti | /hi/city/varanasi/sightseeing/dashashwamedh-ghat-naav-ganga-aarti-guide
sarnath visiting places,other,1,35,2.86%,3.06,/en/sarnath-complete-guide,inferred_content_match,,low,all terms on page,/en/is-varanasi-worth-visiting | /en/sarnath-attractions-guide | /en/banaras-tour-package
काशी के घाट,other,2,34,5.88%,8.21,/hi/assi-ghat-aarti-timings-2026,inferred_content_match,,low,all terms on page,/hi/city/varanasi/activities/84-ghat-naav-tour-varanasi | /hi/city/varanasi/sightseeing/dashashwamedh-ghat-naav-ganga-aarti-guide | /hi/city/varanasi/taxi/kedar-harishchandra-ghat-taxi-service
विंध्याचल से वाराणसी की दूरी,other,1,34,2.94%,3.88,/hi/travel-from-varanasi-to-vindhyachal,inferred_content_match,,low,all terms on page,/hi/varanasi-to-vindhyachal-itinerary | /hi/varanasi-to-vindhyachal-taxi | /hi/city/varanasi/taxi/varanasi-airport-to-dashashwamedh-taxi
dashmesh ghat aarti,other,1,34,2.94%,9.32,/en/assi-ghat-aarti-timings-2026,inferred_content_match,,low,tokens (2/3),/en/assi-ghat-evening-aarti-time | /en/assi-ghat-morning-aarti-time | /en/city/varanasi/sightseeing/dashashwamedh-ghat-boat-ride-ganga-aarti-guide
विंध्याचल त्रिकोण यात्रा,other,2,33,6.06%,1.61,/hi/navratri-in-vindhyachal-practical-guide,inferred_content_match,,low,all terms on page,/hi/trikon-parikrama-vindhyachal-complete-guide | /hi/varanasi-to-vindhyachal-itinerary | /hi/navratri-pilgrimage-vindhyachal-from-varanasi-guide
varanasi temperature today,other,1,33,3.03%,2.27,/en/city/varanasi/activities/ganga-aarti-timing-varanasi-2026,inferred_content_match,,low,all terms on page,/en/city/varanasi/food/varanasi-street-food-guide | /en/navratri-pilgrimage-vindhyachal-from-varanasi-guide | /en/ashoka-pillar-sarnath-guide
ganga aarti,other,1,33,3.03%,4.06,/en/city/varanasi/activities/ganga-aarti-timing-varanasi-2026,inferred_content_match,,low,title,/en/city/varanasi/sightseeing/dashashwamedh-ghat-boat-ride-ganga-aarti-guide | /en/city/varanasi/sightseeing/kashi-vishwanath-temple-ganga-aarti-spiritual-journey-2026 | /en/dashashwamedh-ghat-ganga-aarti-timing
varanasi boat ride,other,5,32,15.62%,15.94,/en/morning-boat-ride-varanasi-price,inferred_content_match,,medium,title,/en/packages/varanasi-boat-ride-booking | /en/boat-ride-varanasi | /en/evening-boat-ride-varanasi-ganga-aarti
vindhyachal temple,other,1,32,3.12%,2.03,/en/city/varanasi/taxi/varanasi-to-vindhyachal-taxi-fare,inferred_content_match,,low,body,/en/city/varanasi/taxi/vindhyachal-to-varanasi-taxi-fare | /en/navratri-pilgrimage-vindhyachal-from-varanasi-guide | /en/services/where-to-stay-in-vindhyachal
trikon darshan vindhyachal,other,3,31,9.68%,2.13,/en/trikon-parikrama-vindhyachal-complete-guide,inferred_content_match,,low,all terms on page,/en/navratri-pilgrimage-vindhyachal-from-varanasi-guide | /en/city/varanasi/taxi/varanasi-airport-to-mirzapur-vindhyachal-taxi | /en/navratri-in-vindhyachal-practical-guide
places to visit in varanasi,other,1,31,3.23%,3.65,/en/city/lucknow/taxi/lucknow-to-varanasi-taxi,inferred_content_match,,medium,body,/bike-rentals-varanasi | /en/city/agra/taxi/varanasi-to-agra-taxi | /en/city/allahabad/taxi/varanasi-to-allahabad-taxi
विंध्याचल मंदिर के पास धर्मशाला,other,1,31,3.23%,5.52,/hi/varanasi-to-vindhyachal-itinerary,inferred_content_match,,low,all terms on page,/hi/where-to-stay-in-vindhyachal | /hi/navratri-pilgrimage-vindhyachal-from-varanasi-guide | /hi/city/varanasi/sightseeing/kashi-vishwanath-mandir-ganga-aarti-yatra-2026
varanasi rathyatra,other,1,31,3.23%,7.68,/en/jagannath-rath-yatra-varanasi-2026,inferred_content_match,,low,all terms on page,/banaras-tour-package | /banaras-travel-agency | /bike-rentals-varanasi
सारनाथ,other,1,31,3.23%,8.42,/hi/ashoka-pillar-sarnath-guide,inferred_content_match,,low,title,/hi/city/varanasi/taxi/varanasi-airport-to-sarnath-taxi | /hi/city/varanasi/taxi/varanasi-to-sarnath-taxi | /hi/sarnath-attractions-guide
बनारस से विंध्यवासिनी की दूरी,other,2,30,6.67%,3.37,/hi/varanasi-to-vindhyachal-itinerary,inferred_content_match,,low,all terms on page,/hi/varanasi-to-vindhyachal-taxi | /hi/city/varanasi/taxi/varanasi-airport-transfer-guide | /hi/trikon-parikrama-vindhyachal-complete-guide
वाराणसी में कितने घाट हैं,other,1,30,3.33%,3.6,/hi/scindia-ghat-submerged-temple,inferred_content_match,,low,all terms on page,/hi/city/varanasi/taxi/shivala-ghat-taxi-service | /hi/city/varanasi/taxi/varanasi-railway-station-taxi-service | /hi/services/varanasi-dormitory-budget-homestay-booking
varanasi in july,other,1,30,3.33%,5.33,/en/varanasi-in-monsoon-july-september-2026,inferred_content_match,,low,slug (all terms),/hi/varanasi-in-monsoon-july-september-2026 | /en/best-time-to-visit-varanasi | /banaras-tour-package
kashi tamil sangamam 2026 registration,other,4,29,13.79%,4.66,/en/city/varanasi/events/kashi-tamil-sangamam-2026-varanasi,inferred_content_match,,medium,all terms on page,/hi/city/varanasi/events/kashi-tamil-sangamam-2026-varanasi | /en/city/varanasi/events/banaras-lit-fest-2026-taxi-booking | /en/city/varanasi/shopping/banarasi-silk-saree-shopping-varanasi-2026
what to wear in varanasi,other,1,29,3.45%,3.07,/en/what-to-wear-in-varanasi,inferred_content_match,,medium,title,/hi/what-to-wear-in-varanasi | /en/varanasi-in-december-2026 | /en/city/varanasi/travel-guide/varanasi-in-january-2026
गंगा आरती का समय,other,1,29,3.45%,5.55,/hi/dashashwamedh-ghat-ganga-aarti,inferred_content_match,,low,body,/hi/city/varanasi/activities/ganga-aarti-samay-varanasi-2026 | /hi/city/varanasi/sightseeing/namo-ghat-varanasi | /hi/varanasi-tour-package
kashi tamil sangamam 2026 venue,other,8,28,28.57%,2.11,/en/city/varanasi/events/kashi-tamil-sangamam-2026-varanasi,inferred_content_match,,medium,all terms on page,/en/city/varanasi/events/banaras-lit-fest-2026-taxi-booking | /en/varanasi-december-2026-experience-hub | /hi/city/varanasi/events/kashi-tamil-sangamam-2026-varanasi
varanasi rath yatra 2026,other,2,28,7.14%,3.96,/en/jagannath-rath-yatra-varanasi-2026,inferred_content_match,,high,slug (all terms),/en/sawan-somwar-kashi-vishwanath-darshan-guide-2026 | /en/varanasi-in-monsoon-july-september-2026 | /en/best-time-to-visit-varanasi
लोलार्क छठ 2026,other,1,28,3.57%,3.68,/hi/city/varanasi/taxi/varanasi-airport-to-ddu-junction-taxi,inferred_content_match,,low,all terms on page,/hi/city/varanasi/taxi/varanasi-airport-to-mughalsarai-taxi | /hi/city/prayagraj/events/magh-mela-2026-travel-guide-varanasi | /hi/city/varanasi/activities/sunrise-yoga-varanasi-2026
kasi tamil sangam registration online tamilnadu login app,other,1,28,3.57%,5.21,/en/city/varanasi/events/kashi-tamil-sangamam-2026-varanasi,inferred_content_match,,low,tokens (7/8),/kasi-tour-package | /en/kasi-tour-package | /en/varanasi-to-triveni-sangam-tempo-traveller
banaras ka sabse famous ghat,other,1,28,3.57%,6.5,/en/city/varanasi/sightseeing/namo-ghat-varanasi,inferred_content_match,,low,tokens (3/4),/en/guide-to-10-most-important-ghats-of-varanasi | /en/guide-to-ghats-of-varanasi | /en/shradh-tarpan-tulsi-ghat-varanasi-guide
varanasi to nepal by road,other,2,27,7.41%,4.85,/en/city/nepal/taxi/varanasi-to-nepal-taxi,inferred_content_match,,medium,body,/en/how-to-reach-varanasi | /en/city/bodhgaya/taxi/varanasi-to-bodhgaya-taxi | /en/city/kathmandu/taxi/varanasi-to-kathmandu-taxi
haa,other,2,27,7.41%,5.04,/en/banaras-food-trail-breakfast-to-late-night,inferred_content_match,,high,title,/bike-rentals-varanasi | /en/city/ayodhya/taxi/ayodhya-to-varanasi-taxi | /en/city/ayodhya/tour-packages/ayodhya-2-day-tour
vindhyachal me rukne ki jagah,other,1,27,3.7%,3.48,/en/city/varanasi/taxi/varanasi-airport-to-mirzapur-vindhyachal-taxi,inferred_content_match,,low,tokens (1/3),/en/city/varanasi/taxi/varanasi-to-vindhyachal-taxi-fare | /en/city/varanasi/taxi/vindhyachal-to-varanasi-taxi-fare | /en/navratri-in-vindhyachal-practical-guide
बनारस टू विंध्याचल,other,1,27,3.7%,7.56,/hi/travel-from-varanasi-to-vindhyachal,inferred_content_match,,low,all terms on page,/hi/varanasi-to-vindhyachal-taxi | /hi/navratri-pilgrimage-vindhyachal-from-varanasi-guide | /hi/trikon-parikrama-vindhyachal-complete-guide
विंध्याचल में धर्मशाला,other,1,26,3.85%,5.08,/hi/where-to-stay-in-vindhyachal,inferred_content_match,,medium,all terms on page,/hi/navratri-pilgrimage-vindhyachal-from-varanasi-guide | /hi/varanasi-to-vindhyachal-itinerary | /hi/city/varanasi/sightseeing/kashi-vishwanath-mandir-ganga-aarti-yatra-2026
banaras mein kaun-kaun sa ghat hai,other,1,26,3.85%,5.69,/en/city/varanasi/activities/84-ghats-boat-tour-varanasi,inferred_content_match,,low,tokens (2/5),/en/city/varanasi/sightseeing/namo-ghat-varanasi | /en/city/varanasi/taxi/varanasi-airport-to-assi-ghat-taxi | /en/city/varanasi/taxi/varanasi-airport-to-kedar-ghat-taxi
kasi tamil sangam registration online tamilnadu last date,other,1,26,3.85%,5.81,/en/city/varanasi/events/kashi-tamil-sangamam-2026-varanasi,inferred_content_match,,low,tokens (7/8),/kasi-tour-package | /en/kasi-tour-package | /en/varanasi-to-triveni-sangam-tempo-traveller
varanasi in monsoon,other,1,26,3.85%,6.12,/en/varanasi-in-monsoon-july-september-2026,inferred_content_match,,medium,title,/hi/varanasi-in-monsoon-july-september-2026 | /en/best-time-to-visit-varanasi | /en/jagannath-rath-yatra-varanasi-2026
is belt allowed in kashi vishwanath temple,other,1,26,3.85%,8.31,/en/city/varanasi/sightseeing/kashi-vishwanath-temple-ganga-aarti-spiritual-journey-2026,inferred_content_match,,medium,all terms on page,/en/city/varanasi/tour-packages/ayodhya-varanasi-3-day-tour | /en/city/varanasi/taxi/varanasi-airport-transfer-guide | /en/tourist-spots-varanasi
banaras literature festival 2026,other,1,26,3.85%,8.35,/en/city/varanasi/events/banaras-lit-fest-2026-taxi-booking,inferred_content_match,,low,all terms on page,/en/city/varanasi/events/banaras-lit-fest-2026-venue-guide-hotels-logistics | /en/city/varanasi/events/kashi-tamil-sangamam-2026-varanasi | /en/city/varanasi/events/mahindra-kabira-festival-2026-varanasi
outfits to wear in banaras,other,1,25,4%,5.76,/en/city/varanasi/events/kartik-purnima-ganga-snan-varanasi-2026,inferred_content_match,,low,all terms on page,/en/city/varanasi/events/makar-sankranti-ganga-snan-varanasi-2026 | /en/city/varanasi/events/mauni-amavasya-ganga-snan-varanasi-2026 | /en/city/varanasi/sightseeing/kashi-vishwanath-temple-ganga-aarti-spiritual-journey-2026
kashi vishwanath temple nearest airport,other,1,25,4%,11.24,/en/services/varanasi-airport-to-city-cab,inferred_content_match,,low,all terms on page,/en/jageshwar-mahadev-varanasi | /en/bus/kashi-rameshwaram-twin-jyotirlinga-yatra | /en/city/varanasi/events/chhath-puja-2026-varanasi-guide
trikon parikrama,other,1,24,4.17%,1.62,/en/trikon-parikrama-vindhyachal-complete-guide,inferred_content_match,,medium,title,/en/navratri-pilgrimage-vindhyachal-from-varanasi-guide | /hi/trikon-parikrama-vindhyachal-complete-guide | /en/navratri-in-vindhyachal-practical-guide
ashok stambh,other,1,24,4.17%,3.0,/en/ashoka-pillar-sarnath-guide,inferred_content_match,,low,body,/en/sarnath-complete-guide | /en/city/varanasi/taxi/kushinagar-to-varanasi-taxi-fare | /en/city/varanasi/taxi/varanasi-to-bodhgaya-taxi-fare
banaras lit fest 2026,other,1,24,4.17%,7.58,/en/city/varanasi/events/banaras-lit-fest-2026-corporate-mobility-partner,inferred_content_match,,low,title,/en/city/varanasi/events/banaras-lit-fest-2026-taxi-booking | /en/city/varanasi/events/banaras-lit-fest-2026-venue-guide-hotels-logistics | /en/city/varanasi/activities/ganga-aarti-timing-varanasi-2026
காசி தமிழ் சங்கம் பதிவு 2026,other,6,23,26.09%,2.04,/en/city/varanasi/events/kashi-tamil-sangamam-2026-varanasi,inferred_content_match,,low,tokens (6/9),/en/assi-ghat-aarti-timings-2026 | /en/city/prayagraj/events/magh-mela-2026-travel-guide-varanasi | /en/city/varanasi/activities/ganga-aarti-timing-varanasi-2026
काशी गंगा आरती टाइम,other,2,23,8.7%,4.83,/hi/assi-ghat-aarti-timings-2026,inferred_content_match,,low,all terms on page,/hi/dashashwamedh-ghat-ganga-aarti-timing | /hi/city/varanasi/sightseeing/dashashwamedh-ghat-naav-ganga-aarti-guide | /hi/city/varanasi/sightseeing/namo-ghat-varanasi
sarnath ashok stambh,other,1,23,4.35%,2.22,/en/ashoka-pillar-sarnath-guide,inferred_content_match,,low,body,/en/sarnath-complete-guide | /en/city/varanasi/taxi/varanasi-airport-to-sarnath-taxi | /en/city/varanasi/taxi/varanasi-to-sarnath-taxi
varanasi december temperature,other,1,23,4.35%,6.09,/en/varanasi-in-december-2026,inferred_content_match,,low,all terms on page,/en/city/varanasi/activities/sunrise-yoga-varanasi-2026 | /en/city/varanasi/travel-guide/varanasi-in-january-2026 | /en/best-time-to-visit-varanasi
when does ganga aarti start in dashashwamedh ghat,other,2,22,9.09%,2.82,/en/city/varanasi/activities/ganga-aarti-timing-varanasi-2026,inferred_content_match,,low,all terms on page,/en/assi-ghat-aarti-timings-2026 | /en/city/varanasi/sightseeing/namo-ghat-varanasi | /en/city/varanasi/tour-packages/varanasi-2-day-tour
काशी विश्वनाथ मंदिर के पास धर्मशाला,other,2,22,9.09%,6.0,/hi/services/dharamshala-near-kashi-vishwanath-temple-varanasi,inferred_content_match,,high,title,/hi/services/budget-hotels-near-kashi-vishwanath-godowlia | /hi/city/varanasi/sightseeing/kashi-vishwanath-mandir-ganga-aarti-yatra-2026 | /hi/services/group-accommodation-varanasi-large-groups
rathyatra mela in varanasi 2026,other,1,22,4.55%,2.32,/en/jagannath-rath-yatra-varanasi-2026,inferred_content_match,,medium,all terms on page,/en/city/prayagraj/events/magh-mela-2026-travel-guide-varanasi | /en/city/prayagraj/events/varanasi-to-prayagraj-magh-mela-taxi-booking | /en/nag-nathaiya-festival-varanasi-2026
ghats in varanasi,other,1,22,4.55%,3.27,/en/city/varanasi/activities/84-ghats-boat-tour-varanasi,inferred_content_match,,low,slug (all terms),/en/city/varanasi/sightseeing/namo-ghat-varanasi | /en/city/varanasi/taxi/varanasi-airport-to-assi-ghat-taxi | /en/city/varanasi/taxi/varanasi-airport-to-kedar-ghat-taxi
varanasi street food,other,1,22,4.55%,4.05,/en/city/varanasi/food/varanasi-street-food-guide,inferred_content_match,,medium,title,/hi/city/varanasi/food/varanasi-street-food-guide | /en/banaras-food-trail-breakfast-to-late-night | /hi/city/varanasi/food/varanasi-winter-food-itinerary
banaras ghat name,other,1,22,4.55%,7.77,/en/city/varanasi/activities/84-ghats-boat-tour-varanasi,inferred_content_match,,low,all terms on page,/en/guide-to-ghats-of-varanasi | /en/shradh-tarpan-tulsi-ghat-varanasi-guide | /en/assi-ghat-to-airport-taxi
temperature in varanasi in november,other,1,22,4.55%,7.86,/en/varanasi-in-november-2026-insider-guide,inferred_content_match,,low,all terms on page,/en/city/varanasi/travel-guide/varanasi-in-january-2026 | /en/ganga-mahotsav-2026-classical-festival-varanasi | /en/best-time-to-visit-varanasi
mahindra kabira festival 2026 dates,other,1,21,4.76%,5.24,/en/city/varanasi/events/mahindra-kabira-festival-2026-varanasi,inferred_content_match,,medium,all terms on page,/en/city/varanasi/events/mahindra-kabira-sunrise-music | /en/city/varanasi/events/banaras-lit-fest-2026-taxi-booking | /hi/city/varanasi/events/mahindra-kabira-festival-2026-varanasi
evening aarti at assi ghat,other,3,20,15%,5.65,/en/assi-ghat-evening-aarti-time,inferred_content_match,,high,slug (all terms),/en/assi-ghat-aarti-timings-2026 | /en/assi-ghat-morning-aarti-time | /en/assi-ghat-timings
monsoon in varanasi 2026 date,other,2,20,10%,1.6,/en/varanasi-in-monsoon-july-september-2026,inferred_content_match,,low,all terms on page,/en/city/varanasi/events/chhath-puja-2026-varanasi-guide | /en/sawan-somwar-kashi-vishwanath-darshan-guide-2026 | /en/city/varanasi/activities/ganga-aarti-timing-varanasi-2026
बनारस से विंध्याचल कितने किलोमीटर है,other,1,20,5%,2.85,/hi/trikon-parikrama-vindhyachal-complete-guide,inferred_content_match,,low,all terms on page,/hi/varanasi-to-vindhyachal-taxi | /hi/city/varanasi/taxi/varanasi-airport-to-banaras-railway-station-taxi | /hi/navratri-pilgrimage-vindhyachal-from-varanasi-guide
namo ghat varanasi,other,1,20,5%,5.7,/en/city/varanasi/sightseeing/namo-ghat-varanasi,inferred_content_match,,medium,title,/hi/city/varanasi/sightseeing/namo-ghat-varanasi | /en/city/varanasi/taxi/varanasi-airport-to-namo-ghat-taxi | /hi/city/varanasi/taxi/varanasi-airport-to-namo-ghat-taxi
बनारस में गंगा आरती शाम को कितने बजे होती है,other,2,19,10.53%,2.21,/hi/assi-ghat-aarti-timings-2026,inferred_content_match,,low,all terms on page,/hi/packages/shradh-pind-daan-package-varanasi | /hi/services/varanasi-dormitory-budget-homestay-booking | /hi/shradh-tarpan-tulsi-ghat-varanasi-guide
varanasi airport to temple,other,1,19,5.26%,2.53,/en/city/varanasi/sightseeing/kashi-vishwanath-temple-ganga-aarti-spiritual-journey-2026,inferred_content_match,,low,all terms on page,/en/city/varanasi/taxi/airport-to-taj-gateway-varanasi | /en/city/varanasi/taxi/varanasi-airport-to-deoria-taxi | /en/city/varanasi/taxi/varanasi-airport-to-ghazipur-taxi
dress code,other,1,19,5.26%,3.53,/en/services/kashi-vishwanath-temple-dress-code-rules,inferred_content_match,,medium,title,/en/what-to-wear-in-varanasi | /hi/services/kashi-vishwanath-temple-dress-code-rules | /en/banaras-tour-package
sarnath stupa,other,1,19,5.26%,13.68,/en/sarnath-complete-guide,inferred_content_match,,medium,body,/bike-rentals-varanasi | /en/tourist-spots-varanasi | /en/city/varanasi/taxi/varanasi-airport-to-sarnath-taxi
banaras ke pramukh ghat,other,2,18,11.11%,2.83,/en/city/varanasi/activities/84-ghats-boat-tour-varanasi,inferred_content_match,,low,tokens (2/3),/en/city/varanasi/sightseeing/namo-ghat-varanasi | /en/city/varanasi/taxi/varanasi-airport-to-assi-ghat-taxi | /en/city/varanasi/taxi/varanasi-airport-to-kedar-ghat-taxi
kartik ganga snan 2026 date,other,1,18,5.56%,1.72,/en/city/varanasi/events/kartik-purnima-ganga-snan-varanasi-2026,inferred_content_match,,medium,all terms on page,/en/city/varanasi/sightseeing/kashi-vishwanath-temple-ganga-aarti-spiritual-journey-2026 | /en/ayodhya-varanasi-prayagraj-group-tour-package | /en/city/varanasi/events/mauni-amavasya-ganga-snan-varanasi-2026
ghat in varanasi,other,1,18,5.56%,1.83,/en/city/varanasi/activities/84-ghats-boat-tour-varanasi,inferred_content_match,,low,slug (all terms),/en/city/varanasi/sightseeing/namo-ghat-varanasi | /en/city/varanasi/taxi/varanasi-airport-to-assi-ghat-taxi | /en/city/varanasi/taxi/varanasi-airport-to-kedar-ghat-taxi
lolark kund 2026,other,1,18,5.56%,2.06,/en/lolark-shashti-lolark-kund-varanasi-guide,inferred_content_match,,low,all terms on page,/en/packages/lolark-shashti-darshan-package-varanasi | /hi/lolark-shashti-lolark-kund-varanasi-guide | /en/sawan-somwar-kashi-vishwanath-darshan-guide-2026
how far is varanasi airport from kashi vishwanath temple,other,1,18,5.56%,2.17,/en/city/varanasi/sightseeing/kashi-vishwanath-temple-ganga-aarti-spiritual-journey-2026,inferred_content_match,,low,all terms on page,/en/city/varanasi/taxi/varanasi-airport-to-kashi-vishwanath-taxi | /en/city/varanasi/taxi/varanasi-airport-to-varanasi-city-station-taxi | /en/how-to-reach-varanasi
outfits to wear in banaras in winter,other,1,18,5.56%,3.61,/en/city/varanasi/events/makar-sankranti-ganga-snan-varanasi-2026,inferred_content_match,,low,all terms on page,/en/what-to-wear-in-varanasi | /en/city/varanasi/food/varanasi-winter-food-itinerary | /en/services/varanasi-full-day-city-tour-winter-2026
dasaswamedh ghat,other,1,18,5.56%,7.0,/en/city/varanasi/sightseeing/dashashwamedh-ghat-boat-ride-ganga-aarti-guide,inferred_content_match,,low,body,/en/varanasi-in-october-2026 | /en/services/varanasi-airport-to-city-cab | /en/assi-ghat-aarti-timings-2026
varanasi cremation ghats,other,1,18,5.56%,8.44,/en/city/varanasi/activities/84-ghats-boat-tour-varanasi,inferred_content_match,,low,all terms on page,/en/city/varanasi/taxi/varanasi-airport-to-kedar-ghat-taxi | /en/guide-to-10-most-important-ghats-of-varanasi | /en/guide-to-ghats-of-varanasi
rathyatra varanasi 2026,other,2,17,11.76%,2.76,/en/jagannath-rath-yatra-varanasi-2026,inferred_content_match,,medium,all terms on page,/en/city/prayagraj/events/magh-mela-2026-travel-guide-varanasi | /en/city/varanasi/activities/ganga-aarti-timing-varanasi-2026 | /en/city/varanasi/activities/sunrise-yoga-varanasi-2026
दशाश्वमेध घाट आरती टाइम,other,1,17,5.88%,2.29,/hi/dashashwamedh-ghat-ganga-aarti-timing,inferred_content_match,,low,all terms on page,/hi/city/varanasi/activities/ganga-aarti-samay-varanasi-2026 | /hi/city/varanasi/sightseeing/dashashwamedh-ghat-naav-ganga-aarti-guide | /hi/dashashwamedh-ghat-detailed-guide
vindhyachal trikon darshan,other,1,17,5.88%,2.41,/en/trikon-parikrama-vindhyachal-complete-guide,inferred_content_match,,low,all terms on page,/en/navratri-pilgrimage-vindhyachal-from-varanasi-guide | /en/city/varanasi/taxi/varanasi-airport-to-mirzapur-vindhyachal-taxi | /en/navratri-in-vindhyachal-practical-guide
varanasi monsoon 2026,other,1,17,5.88%,2.76,/en/varanasi-in-monsoon-july-september-2026,inferred_content_match,,low,slug (all terms),/hi/varanasi-in-monsoon-july-september-2026 | /en/city/varanasi/activities/ganga-aarti-timing-varanasi-2026 | /en/city/varanasi/events/chhath-puja-2026-varanasi-guide
काशी विश्वनाथ गंगा आरती का समय,other,1,17,5.88%,7.29,/hi/city/varanasi/sightseeing/kashi-vishwanath-mandir-ganga-aarti-yatra-2026,inferred_content_match,,low,all terms on page,/hi/services/kashi-vishwanath-aarti-timings-booking | /hi/dashashwamedh-ghat-ganga-aarti | /hi/dashashwamedh-ghat-ganga-aarti-timing
kashi tamil sangam,other,1,17,5.88%,9.41,/en/city/varanasi/events/kashi-tamil-sangamam-2026-varanasi,inferred_content_match,,medium,title,/hi/city/varanasi/events/kashi-tamil-sangamam-2026-varanasi | /en/city/varanasi/events/banaras-lit-fest-2026-taxi-booking | /en/city/varanasi/shopping/banarasi-silk-saree-shopping-varanasi-2026
best street food in varanasi,other,1,17,5.88%,12.76,/en/city/varanasi/food/varanasi-street-food-guide,inferred_content_match,,medium,body,/en/banaras-food-trail-breakfast-to-late-night | /en/holi-2026-varanasi-guide | /banaras-tour-package
kasi tamil sangam registration 2026 tamilnadu online apply form pdf,other,2,16,12.5%,4.88,/en/city/varanasi/events/kashi-tamil-sangamam-2026-varanasi,inferred_content_match,,low,tokens (8/10),/hi/city/varanasi/events/kashi-tamil-sangamam-2026-varanasi | /kasi-tour-package | /en/city/varanasi/events/mauni-amavasya-ganga-snan-varanasi-2026
vindhyachal varanasi,other,1,16,6.25%,1.81,/en/city/varanasi/taxi/varanasi-airport-to-mirzapur-vindhyachal-taxi,inferred_content_match,,low,slug (all terms),/en/city/varanasi/taxi/varanasi-to-vindhyachal-taxi-fare | /en/city/varanasi/taxi/vindhyachal-to-varanasi-taxi-fare | /en/navratri-pilgrimage-vindhyachal-from-varanasi-guide
kasi tamil sangam registration online tamilnadu,other,1,16,6.25%,5.94,/en/city/varanasi/events/kashi-tamil-sangamam-2026-varanasi,inferred_content_match,,low,all terms on page,/kasi-tour-package | /en/kasi-tour-package | /en/varanasi-to-triveni-sangam-tempo-traveller
காசி தமிழ் சங்கம் பதிவு 2026 தமிழ்நாடு ஆன்லைன்,other,3,15,20%,4.2,/en/city/varanasi/events/kashi-tamil-sangamam-2026-varanasi,inferred_content_match,,low,tokens (7/14),/en/assi-ghat-aarti-timings-2026 | /en/city/prayagraj/events/magh-mela-2026-travel-guide-varanasi | /en/city/varanasi/activities/ganga-aarti-timing-varanasi-2026
things to do in varanasi,other,1,15,6.67%,7.87,/en/city/varanasi/travel-guide/varanasi-in-january-2026,inferred_content_match,,low,body,/en/safety-and-security-in-varanasi-guide-for-solo-travellar | /en/varanasi-in-december-2026 | /en/varanasi-in-monsoon-july-september-2026
ठठेरी बाजार,other,1,15,6.67%,10.73,/hi/city/varanasi/food/malaiyo-varanasi-guide,inferred_content_match,,low,title,/hi/city/varanasi/shopping/banarasi-silk-saree-shopping-varanasi-2026 | /hi/varanasi-tour-package | /hi/city/varanasi/food/varanasi-street-food-guide
kasi tamil sangam registration 2026 last date,other,1,14,7.14%,3.36,/en/city/varanasi/events/kashi-tamil-sangamam-2026-varanasi,inferred_content_match,,low,tokens (6/7),/hi/city/varanasi/events/kashi-tamil-sangamam-2026-varanasi | /en/city/prayagraj/events/magh-mela-2026-travel-guide-varanasi | /en/city/varanasi/events/chhath-puja-2026-varanasi-guide
banaras ke 84 ghato ke naam,other,1,14,7.14%,5.07,/en/city/varanasi/activities/84-ghats-boat-tour-varanasi,inferred_content_match,,low,tokens (2/4),/hi/city/varanasi/activities/84-ghat-naav-tour-varanasi | /en/boat-ride-varanasi | /en/city/varanasi/activities/ganga-aarti-timing-varanasi-2026
boating in varanasi,other,1,14,7.14%,6.64,/en/city/gorakhpur/taxi/varanasi-to-gorakhpur-taxi,inferred_content_match,,low,all terms on page,/en/city/nepal/taxi/varanasi-to-nepal-taxi | /en/city/varanasi/activities/84-ghats-boat-tour-varanasi | /en/city/varanasi/taxi/varanasi-airport-to-gorakhpur-taxi
langda mango season,other,1,14,7.14%,7.5,/en/langda-mango-season-varanasi-2026,inferred_content_match,,high,title,/en/city/varanasi/food/malaiyo-varanasi-guide | /en/city/varanasi/food/varanasi-street-food-guide | /en/9-vs-12-vs-17-seater-tempo-traveller-varanasi
varanasi jagannath rath yatra,other,1,14,7.14%,8.86,/en/jagannath-rath-yatra-varanasi-2026,inferred_content_match,,high,slug (all terms),/en/best-time-to-visit-varanasi | /en/varanasi-in-monsoon-july-september-2026 | /en/bus/kashi-rameshwaram-twin-jyotirlinga-yatra
varanasi airport to railway station,other,1,12,8.33%,3.42,/en/city/varanasi/taxi/varanasi-airport-to-banaras-railway-station-taxi,inferred_content_match,,low,slug (all terms),/hi/city/varanasi/taxi/varanasi-airport-to-banaras-railway-station-taxi | /en/services/varanasi-airport-to-city-cab | /en/city/varanasi/taxi/varanasi-airport-to-varanasi-junction-taxi
काशी विश्वनाथ में कितने घाट है,other,1,12,8.33%,3.92,/hi/varanasi-tour-package-with-hotel,inferred_content_match,,low,all terms on page,/hi/city/varanasi/taxi/varanasi-airport-to-kashi-vishwanath-taxi | /hi/sawan-kashi-vishwanath-crowd-survival-sugam-darshan-2026 | /hi/scindia-ghat-submerged-temple
yes please,other,1,12,8.33%,6.33,/en/17-seater-tempo-traveller-varanasi,inferred_content_match,,low,all terms on page,/en/banaras-travel-agency | /en/book-taxi-varanasi-ramlila-dussehra | /en/how-many-days-in-varanasi
ayodhya,other,1,12,8.33%,8.25,/en/ayodhya-varanasi-prayagraj-group-tour-package,inferred_content_match,,low,title,/en/bus/kashi-prayagraj-ayodhya-south | /en/city/ayodhya/taxi/ayodhya-to-varanasi-taxi | /en/city/ayodhya/tour-packages/ayodhya-2-day-tour
mahindra kabira festival,other,1,12,8.33%,8.42,/en/city/varanasi/events/mahindra-kabira-festival-2026-varanasi,inferred_content_match,,medium,title,/hi/city/varanasi/events/mahindra-kabira-festival-2026-varanasi | /en/city/varanasi/events/mahindra-kabira-sunrise-music | /hi/city/varanasi/events/mahindra-kabira-sunrise-music
सारनाथ अशोक स्तंभ कोणत्या राज्यात आहे,other,1,11,9.09%,8.91,/hi/sarnath-complete-guide,inferred_content_match,,low,tokens (10/12),/hi/ashoka-pillar-sarnath-guide | /hi/varanasi-to-prayagraj-kumbh-tempo-traveller | /hi/city/varanasi/taxi/taj-ganges-varanasi-taxi-service
ashoka sarnath,other,1,11,9.09%,9.73,/en/ashoka-pillar-sarnath-guide,inferred_content_match,,low,slug (all terms),/hi/ashoka-pillar-sarnath-guide | /en/city/varanasi/taxi/varanasi-airport-to-sarnath-taxi | /en/city/varanasi/taxi/varanasi-to-sarnath-taxi
when monsoon starts in varanasi 2026,other,1,10,10%,1.3,/en/holi-2026-varanasi-guide,inferred_content_match,,low,all terms on page,/en/city/varanasi/activities/ganga-aarti-timing-varanasi-2026 | /en/city/varanasi/events/chhath-puja-2026-varanasi-guide | /en/city/varanasi/shopping/banarasi-silk-saree-shopping-varanasi-2026
सारनाथ टेम्पल वाराणसी,other,1,10,10%,2.1,/hi/city/varanasi/tour-packages/same-day-varanasi-tour,inferred_content_match,,low,all terms on page,/hi/best-time-to-visit-varanasi | /hi/city/varanasi/taxi/taxi-service-varanasi-cantt-station | /hi/city/varanasi/taxi/varanasi-city-tour-cab
batao,other,1,10,10%,5.4,,unmatched,,none,UNMATCHED,
banaras to vindhyachal,other,1,10,10%,5.5,/en/city/varanasi/taxi/varanasi-airport-to-mirzapur-vindhyachal-taxi,inferred_content_match,,low,slug (all terms),/en/city/varanasi/taxi/varanasi-to-vindhyachal-taxi-fare | /en/city/varanasi/taxi/vindhyachal-to-varanasi-taxi-fare | /en/navratri-pilgrimage-vindhyachal-from-varanasi-guide
kashi tamil sangam contact number whatsapp number,other,1,9,11.11%,6.44,/en/bus/kashi-yatra-south-india-bus-package,inferred_content_match,,low,all terms on page,/en/city/varanasi/tour-packages/varanasi-gaya-prayagraj-tour-package-elderly | /en/banaras-tour-package | /en/city/varanasi/events/kashi-tamil-sangamam-2026-varanasi
senior citizen darshan at kashi vishwanath temple,other,1,9,11.11%,8.11,/en/services/kashi-vishwanath-darshan-senior-citizen-wheelchair,inferred_content_match,,medium,all terms on page,/en/senior-citizen-varanasi-tour-package | /hi/services/kashi-vishwanath-darshan-senior-citizen-wheelchair | /en/kashi-vishwanath-darshan-ganga-aarti-package
shivpur rathyatra mela,other,2,8,25%,4.25,/en/city/prayagraj/events/magh-mela-2026-travel-guide-varanasi,inferred_content_match,,low,tokens (1/3),/en/city/prayagraj/events/safe-taxi-magh-mela-seniors-families | /en/city/prayagraj/events/varanasi-to-prayagraj-magh-mela-taxi-booking | /en/jagannath-rath-yatra-varanasi-2026
kya july me banaras jana chahiye,other,1,8,12.5%,1.0,/en/varanasi-in-monsoon-july-september-2026,inferred_content_match,,low,tokens (2/5),/hi/varanasi-in-monsoon-july-september-2026 | /banaras-tour-package | /en/best-time-to-visit-varanasi
ganga utsav 2026,other,1,8,12.5%,4.38,/en/city/varanasi/events/makar-sankranti-ganga-snan-varanasi-2026,inferred_content_match,,medium,all terms on page,/en/city/varanasi/activities/ganga-aarti-timing-varanasi-2026 | /en/city/varanasi/events/kartik-purnima-ganga-snan-varanasi-2026 | /en/city/varanasi/events/mauni-amavasya-ganga-snan-varanasi-2026
हां।,other,1,8,12.5%,4.88,/hi/ayodhya-varanasi-prayagraj-group-tour-package,inferred_content_match,,low,title,/hi/city/allahabad/taxi/varanasi-to-allahabad-taxi | /hi/city/khajuraho/taxi/varanasi-to-khajuraho-taxi | /hi/city/patna/taxi/varanasi-to-patna-taxi
street food of varanasi,other,1,8,12.5%,9.62,/en/city/varanasi/food/varanasi-street-food-guide,inferred_content_match,,low,slug (all terms),/hi/city/varanasi/food/varanasi-street-food-guide | /en/banaras-food-trail-breakfast-to-late-night | /hi/city/varanasi/food/varanasi-winter-food-itinerary
sarnath temple varanasi uttar pradesh,other,1,8,12.5%,20.12,/en/varanasi-to-sarnath-tempo-traveller,inferred_content_match,,low,all terms on page,/banaras-tour-package | /en/ashoka-pillar-sarnath-guide | /en/city/varanasi/events/banaras-lit-fest-2026-taxi-booking
sarnath visit,other,1,7,14.29%,1.29,/en/sarnath-complete-guide,inferred_content_match,,high,title,/en/sarnath-timing-visit-guide | /hi/sarnath-timing-visit-guide | /en/ashoka-pillar-sarnath-guide
varanasi to nepal by car,other,1,7,14.29%,2.0,/en/how-to-reach-varanasi,inferred_content_match,,low,all terms on page,/en/city/varanasi/events/chhath-puja-2026-varanasi-guide | /en/city/varanasi/taxi/varanasi-airport-transfer-guide | /en/city/varanasi/tour-packages/ayodhya-varanasi-3-day-tour
monsoon in varanasi,other,1,7,14.29%,2.71,/en/varanasi-in-monsoon-july-september-2026,inferred_content_match,,low,slug (all terms),/hi/varanasi-in-monsoon-july-september-2026 | /en/best-time-to-visit-varanasi | /en/varanasi-weather-guide
how to reach varanasi airport from varanasi railway station,other,1,7,14.29%,5.71,/en/city/varanasi/taxi/varanasi-railway-station-taxi-service,inferred_content_match,,low,all terms on page,/en/how-to-reach-varanasi | /en/services/varanasi-airport-to-city-cab | /en/city/varanasi/taxi/varanasi-airport-to-prayagraj-taxi
boat ride varanasi,other,1,7,14.29%,8.57,/en/evening-boat-ride-varanasi-ganga-aarti,inferred_content_match,,low,title,/en/hand-boat-ride-varanasi | /en/sunrise-boat-ride-ganges | /en/boat-ride-varanasi
street food near dashashwamedh ghat,other,1,7,14.29%,9.57,/en/city/varanasi/food/varanasi-street-food-guide,inferred_content_match,,low,all terms on page,/en/city/varanasi/sightseeing/dashashwamedh-ghat-boat-ride-ganga-aarti-guide | /en/city/varanasi/sightseeing/namo-ghat-varanasi | /en/city/varanasi/events/chhath-puja-2026-varanasi-guide
how to go to sarnath from varanasi,other,2,6,33.33%,2.0,/en/how-many-days-in-varanasi,inferred_content_match,,low,all terms on page,/en/varanasi-with-friends-plan | /bike-rentals-varanasi | /en/17-seater-tempo-traveller-varanasi
banaras ke aas paas ghumne ki jagah,other,1,6,16.67%,2.0,/banaras-tour-package,inferred_content_match,,low,tokens (1/5),/banaras-travel-agency | /bike-rentals-varanasi | /en/12-seater-tempo-traveller-varanasi
purnima ganga snan,other,1,6,16.67%,3.5,/en/city/varanasi/events/kartik-purnima-ganga-snan-varanasi-2026,inferred_content_match,,medium,title,/hi/city/varanasi/events/kartik-purnima-ganga-snan-varanasi-2026 | /en/city/varanasi/sightseeing/kashi-vishwanath-temple-ganga-aarti-spiritual-journey-2026 | /en/varanasi-to-triveni-sangam-tempo-traveller
kashi driver,other,1,6,16.67%,6.33,/en/services/kashi-driver-partners,inferred_content_match,,high,slug,/en/services/varanasi-safest-taxi-for-women | /en/tempo-traveller-safety-features-varanasi | /partners/driver-partners
"sarnath buddhist temple, (varanasi)",other,1,6,16.67%,7.83,/en/sarnath-buddhist-temple-guide,inferred_content_match,,medium,body,/en/varanasi-to-sarnath-tempo-traveller | /en/buddhist-circuit-tour-tempo-traveller-varanasi | /en/city/varanasi/taxi/varanasi-to-sarnath-taxi
kedar ghat to dashashwamedh ghat,other,1,6,16.67%,9.0,/en/city/varanasi/taxi/varanasi-airport-to-kedar-ghat-taxi,inferred_content_match,,low,all terms on page,/en/guide-to-10-most-important-ghats-of-varanasi | /en/guide-to-ghats-of-varanasi | /en/shradh-tarpan-tulsi-ghat-varanasi-guide
बोधगया कितने किलोमीटर है,other,1,6,16.67%,9.83,/hi/outstation-cabs-from-varanasi,inferred_content_match,,low,all terms on page,/hi/city/varanasi/taxi/staying-at-taj-ganges-need-taxi | /hi/tempo-traveller-rates-varanasi | /hi/varanasi-to-bodhgaya-taxi-cost
ashok chakra sarnath,other,1,6,16.67%,10.17,/en/ashoka-pillar-sarnath-guide,inferred_content_match,,low,all terms on page,/en/sarnath-complete-guide | /en/city/varanasi/taxi/varanasi-airport-to-sarnath-taxi | /en/sarnath-attractions-guide
banaras ki galiyan,other,2,5,40%,3.0,/banaras-tour-package,inferred_content_match,,low,tokens (1/2),/banaras-travel-agency | /bike-rentals-varanasi | /en/12-seater-tempo-traveller-varanasi
banaras sarnath mandir,other,1,5,20%,1.0,/en/city/varanasi/tour-packages/ayodhya-varanasi-tour,inferred_content_match,,low,all terms on page,/en/varanasi-to-ayodhya-taxi | /en/ayodhya-varanasi-prayagraj-group-tour-package | /en/bus/kashi-prayagraj-ayodhya-south
monsoon 2026 start date in varanasi,other,1,5,20%,1.6,/en/city/varanasi/events/chhath-puja-2026-varanasi-guide,inferred_content_match,,low,all terms on page,/en/city/varanasi/activities/ganga-aarti-timing-varanasi-2026 | /en/holi-2026-varanasi-guide | /en/jagannath-rath-yatra-varanasi-2026
kasi near by places to visit,other,1,5,20%,1.8,/en/city/varanasi/events/kashi-tamil-sangamam-2026-varanasi,inferred_content_match,,low,all terms on page,/en/best-time-to-visit-varanasi | /en/kasi-tour-package | /en/services/budget-hotels-near-kashi-vishwanath-godowlia
tomorrow ganga snan,other,1,5,20%,1.8,/en/city/varanasi/events/mauni-amavasya-ganga-snan-varanasi-2026,inferred_content_match,,medium,all terms on page,/en/city/varanasi/events/kartik-purnima-ganga-snan-varanasi-2026 | /en/city/varanasi/events/makar-sankranti-ganga-snan-varanasi-2026 | /hi/city/varanasi/events/kartik-purnima-ganga-snan-varanasi-2026
private boat in varanasi,other,1,5,20%,2.8,/en/private-boat-hire-varanasi,inferred_content_match,,high,slug (all terms),/en/morning-boat-ride-varanasi-price | /en/packages/varanasi-boat-ride-booking | /en/bajra-boat-ride-varanasi
what is sparsh darshan in kashi vishwanath,other,1,5,20%,6.0,/en/kashi-vishwanath-sparsh-darshan-night-aarti-guide,inferred_content_match,,low,all terms on page,/en/services/kashi-vishwanath-sugam-darshan-price-booking | /en/varanasi-scams-to-avoid-2026 | /en/kashi-vs-varanasi-vs-banaras
outfit for varanasi trip men,other,1,5,20%,6.4,/en/city/varanasi/events/kartik-purnima-ganga-snan-varanasi-2026,inferred_content_match,,low,all terms on page,/en/city/varanasi/events/mauni-amavasya-ganga-snan-varanasi-2026 | /en/varanasi-to-ayodhya-day-trip-tempo-traveller | /en/city/jaunpur/taxi/varanasi-to-jaunpur-taxi
monsoon 2026,other,1,5,20%,8.2,/en/varanasi-in-monsoon-july-september-2026,inferred_content_match,,high,title,/hi/varanasi-in-monsoon-july-september-2026 | /en/assi-ghat-aarti-timings-2026 | /en/city/varanasi/activities/ganga-aarti-timing-varanasi-2026
japanese temple varanasi,other,1,5,20%,13.2,/en/city/bodhgaya/taxi/varanasi-to-bodhgaya-taxi,inferred_content_match,,low,all terms on page,/en/city/kushinagar/taxi/varanasi-to-kushinagar-taxi | /en/city/nepal/taxi/varanasi-to-nepal-taxi | /en/city/varanasi/sightseeing/varanasi-local-sightseeing-package
how to go nepal from varanasi,other,1,4,25%,1.0,/en/city/kathmandu/taxi/varanasi-to-kathmandu-taxi,inferred_content_match,,low,all terms on page,/en/city/varanasi/events/chhath-puja-2026-varanasi-guide | /en/city/varanasi/taxi/varanasi-airport-transfer-guide | /en/tempo-traveller-vs-mini-bus-varanasi
how to travel from varanasi to ayodhya,other,1,4,25%,2.0,/en/services/varanasi-ayodhya-prayagraj-pilgrimage-taxi,inferred_content_match,,low,all terms on page,/banaras-travel-agency | /en/ayodhya-varanasi-prayagraj-group-tour-package | /en/bus/kashi-prayagraj-ayodhya-south
kashi vishwanath sparsh darshan,other,1,4,25%,3.25,/en/kashi-vishwanath-sparsh-darshan-night-aarti-guide,inferred_content_match,,medium,slug,/hi/kashi-vishwanath-sparsh-darshan-night-aarti-guide | /en/services/kashi-vishwanath-sugam-darshan-price-booking | /en/varanasi-scams-to-avoid-2026
how far is sarnath from varanasi,other,1,4,25%,4.25,/en/city/varanasi/taxi/varanasi-airport-to-sarnath-taxi,inferred_content_match,,low,body,/en/sarnath-complete-guide | /en/how-to-reach-varanasi | /en/best-time-to-visit-varanasi
vindhyachal temple varanasi,other,1,4,25%,4.5,/en/varanasi-to-prayagraj-taxi,inferred_content_match,,low,body,/en/city/varanasi/taxi/varanasi-airport-to-mirzapur-vindhyachal-taxi | /en/city/varanasi/taxi/varanasi-to-vindhyachal-taxi-fare | /en/city/varanasi/taxi/vindhyachal-to-varanasi-taxi-fare
ganga asnan,other,1,4,25%,5.75,/en/city/varanasi/activities/ganga-aarti-timing-varanasi-2026,inferred_content_match,,low,tokens (1/2),/en/city/varanasi/events/kartik-purnima-ganga-snan-varanasi-2026 | /en/city/varanasi/events/mauni-amavasya-ganga-snan-varanasi-2026 | /en/city/varanasi/sightseeing/dashashwamedh-ghat-boat-ride-ganga-aarti-guide
visiting varanasi in july,other,1,4,25%,8.75,/en/varanasi-in-monsoon-july-september-2026,inferred_content_match,,low,all terms on page,/en/best-time-to-visit-varanasi | /en/city/agra/taxi/varanasi-to-agra-taxi | /en/city/ayodhya/taxi/ayodhya-to-varanasi-taxi
banaras ghat aarti,other,2,3,66.67%,13.0,/en/assi-ghat-morning-aarti-time,inferred_content_match,,low,all terms on page,/en/city/varanasi/sightseeing/namo-ghat-varanasi | /en/assi-ghat-aarti-timings-2026 | /en/assi-ghat-evening-aarti-time
sarnath mein ghumne layak jagah,other,1,3,33.33%,1.0,/en/ashoka-pillar-sarnath-guide,inferred_content_match,,low,tokens (1/5),/en/city/varanasi/taxi/varanasi-airport-to-sarnath-taxi | /en/city/varanasi/taxi/varanasi-to-sarnath-taxi | /en/sarnath-attractions-guide
urbania 35 seater,other,1,3,33.33%,1.0,/en/force-urbania-hire-varanasi,inferred_content_match,,medium,all terms on page,/en/tempo-traveller-rates-varanasi | /en/bodhgaya-rajgir-nalanda-tempo-traveller-tour | /en/buddhist-circuit-tour-tempo-traveller-varanasi
places near varanasi to visit,other,1,3,33.33%,1.67,/en/services/hotel-booking-in-varanasi,inferred_content_match,,low,all terms on page,/bike-rentals-varanasi | /en/city/bodhgaya/taxi/varanasi-to-bodhgaya-taxi | /en/city/chitrakoot/taxi/varanasi-to-chitrakoot-taxi
place to visit in sarnath,other,1,3,33.33%,2.0,/en/sarnath-complete-guide,inferred_content_match,,low,all terms on page,/en/sarnath-attractions-guide | /en/buddhist-circuit-tour-tempo-traveller-varanasi | /bike-rentals-varanasi
वाराणसी एयरपोर्ट,other,1,3,33.33%,2.0,/hi/city/varanasi/taxi/airport-taxi-service-varanasi,inferred_content_match,,low,title,/hi/city/varanasi/taxi/varanasi-airport-to-assi-ghat-taxi | /hi/city/varanasi/taxi/varanasi-airport-to-dashashwamedh-taxi | /hi/city/varanasi/taxi/varanasi-airport-to-ghazipur-taxi
top 5 places to visit in varanasi,other,1,3,33.33%,2.33,/en/city/lucknow/taxi/varanasi-to-lucknow-taxi,inferred_content_match,,low,all terms on page,/en/varanasi-sightseeing-complete-guide | /bike-rentals-varanasi | /en/city/varanasi/events/kashi-tamil-sangamam-2026-varanasi
kashi vishwanath temple airport,other,1,3,33.33%,4.33,/en/city/varanasi/sightseeing/kashi-vishwanath-temple-ganga-aarti-spiritual-journey-2026,inferred_content_match,,low,all terms on page,/en/city/varanasi/taxi/varanasi-airport-to-kashi-vishwanath-taxi | /en/services/dharamshala-near-kashi-vishwanath-temple-varanasi | /en/city/varanasi/taxi/varanasi-airport-to-varanasi-city-station-taxi
रथ यात्रा मेला 2026,other,1,3,33.33%,4.67,/hi/sawan-somwar-kashi-vishwanath-darshan-guide-2026,inferred_content_match,,medium,all terms on page,/hi/city/prayagraj/events/magh-mela-2026-travel-guide-varanasi | /hi/varanasi-in-monsoon-july-september-2026 | /hi/city/varanasi/events/kashi-tamil-sangamam-2026-varanasi
prayagraj to varanasi,other,1,3,33.33%,5.67,/en/city/prayagraj/taxi/prayagraj-to-varanasi-taxi,inferred_content_match,,low,title,/en/city/varanasi/taxi/prayagraj-to-varanasi-taxi-fare | /hi/city/varanasi/taxi/prayagraj-to-varanasi-taxi-fare | /hi/city/prayagraj/taxi/prayagraj-to-varanasi-taxi
namo ghat aarti,other,1,3,33.33%,7.67,/en/city/varanasi/sightseeing/namo-ghat-varanasi,inferred_content_match,,medium,body,/en/city/varanasi/activities/84-ghats-boat-tour-varanasi | /en/city/varanasi/events/chhath-puja-2026-varanasi-guide | /en/city/varanasi/taxi/varanasi-airport-to-dashashwamedh-taxi
kabira festival,other,1,3,33.33%,9.0,/en/city/varanasi/events/mahindra-kabira-festival-2026-varanasi,inferred_content_match,,medium,title,/hi/city/varanasi/events/mahindra-kabira-festival-2026-varanasi | /en/city/varanasi/events/mahindra-kabira-sunrise-music | /hi/city/varanasi/events/mahindra-kabira-sunrise-music
boat ride,other,1,2,50%,1.5,/en/boat-ride-varanasi,inferred_content_match,,low,title,/en/city/varanasi/sightseeing/dashashwamedh-ghat-boat-ride-ganga-aarti-guide | /en/evening-boat-ride-varanasi-ganga-aarti | /en/hand-boat-ride-varanasi
famous food items in varanasi,other,1,2,50%,1.5,/en/banaras-food-trail-breakfast-to-late-night,inferred_content_match,,low,all terms on page,/en/city/varanasi/food/varanasi-street-food-guide | /en/city/varanasi/events/kartik-purnima-ganga-snan-varanasi-2026 | /en/city/varanasi/events/makar-sankranti-ganga-snan-varanasi-2026
cruise ride in varanasi,other,1,2,50%,3.0,/bike-rentals-varanasi,inferred_content_match,,low,all terms on page,/en/city/varanasi/taxi/varanasi-airport-to-varanasi-junction-taxi | /en/city/varanasi/tour-packages/ayodhya-varanasi-tour | /en/sawan-somwar-kashi-vishwanath-darshan-guide-2026
kasi in which state,other,1,2,50%,3.0,/kasi-tour-package,inferred_content_match,,low,tokens (2/3),/en/kasi-tour-package | /hi/kasi-tour-package | /en/17-seater-tempo-traveller-varanasi
kaun sa ghat hai,other,1,2,50%,5.0,/en/assi-ghat-aarti-timings-2026,inferred_content_match,,low,tokens (1/3),/en/assi-ghat-evening-aarti-time | /en/assi-ghat-morning-aarti-time | /en/assi-ghat-timings
monsoon,other,1,2,50%,5.0,/en/varanasi-in-monsoon-july-september-2026,inferred_content_match,,low,title,/en/best-time-to-visit-varanasi | /en/varanasi-weather-guide | /hi/varanasi-in-monsoon-july-september-2026
వారణాసి టు అయోధ్య,other,1,2,50%,7.5,/en/bus/kashi-rameshwaram-twin-jyotirlinga-yatra,inferred_content_match,,low,tokens (2/7),
23.10.26,other,1,1,100%,1.0,/en/services/varanasi-full-day-city-tour-winter-2026,inferred_content_match,,low,all terms on page,/ | /banaras-tour-package | /banaras-travel-agency
ashok stambh real,other,1,1,100%,1.0,/en/ashoka-pillar-sarnath-guide,inferred_content_match,,low,tokens (2/3),/en/how-to-reach-varanasi | /en/ramnagar-ramlila-moving-stages-guide | /en/sarnath-complete-guide
boat ride near me,other,1,1,100%,1.0,/en/city/varanasi/sightseeing/dashashwamedh-ghat-boat-ride-ganga-aarti-guide,inferred_content_match,,low,all terms on page,/en/hand-boat-ride-varanasi | /en/services/best-experience-dev-deepawali-ghat-boat-guide | /en/city/varanasi/activities/84-ghats-boat-tour-varanasi
how many days to spend in varanasi,other,1,1,100%,1.0,/en/family-tour-varanasi-3-days-parents,inferred_content_match,,low,all terms on page,/en/city/nepal/taxi/varanasi-to-nepal-taxi | /en/city/varanasi/tour-packages/varanasi-gaya-prayagraj-tour-package-elderly | /en/safety-and-security-in-varanasi-guide-for-solo-travellar
is bhang legal in varanasi,other,1,1,100%,1.0,/en/shivaratri-cultural-deep-dive-varanasi,inferred_content_match,,low,all terms on page,/en/banaras-food-trail-breakfast-to-late-night | /en/city/varanasi/food/varanasi-street-food-guide | /en/bus/kashi-prayagraj-ayodhya-south
list of ghats in varanasi in order,other,1,1,100%,1.0,/en/city/varanasi/food/varanasi-street-food-guide,inferred_content_match,,low,all terms on page,/en/city/varanasi/sightseeing/varanasi-local-sightseeing-package | /en/kashi-vishwanath-darshan-ganga-aarti-package | /en/lolark-shashti-lolark-kund-varanasi-guide
mirzapur temple name,other,1,1,100%,1.0,/en/city/varanasi/taxi/varanasi-airport-to-mirzapur-vindhyachal-taxi,inferred_content_match,,low,all terms on page,/en/city/varanasi/taxi/singrauli-to-varanasi-taxi-fare | /en/city/varanasi/taxi/varanasi-airport-transfer-directory | /en/city/varanasi/taxi/varanasi-railway-station-taxi-service
sunrise boat ride on the ganges varanasi,other,1,1,100%,1.0,/en/sunrise-boat-ride-ganges,inferred_content_match,,low,all terms on page,/en/varanasi-sunrise-boat-ride-timings | /hi/sunrise-boat-ride-ganges | /en/packages/varanasi-boat-ride-booking
varanasi flood news today,other,1,1,100%,1.0,/en/city/varanasi/food/varanasi-street-food-guide,inferred_content_match,,low,tokens (3/4),/en/safety-and-security-in-varanasi-guide-for-solo-travellar | /bike-rentals-varanasi | /en/17-seater-tempo-traveller-varanasi
vindhyachal hindi,other,1,1,100%,1.0,/en/city/varanasi/taxi/varanasi-to-vindhyachal-taxi-fare,inferred_content_match,,low,all terms on page,/en/city/varanasi/taxi/vindhyachal-to-varanasi-taxi-fare | /en/navratri-in-vindhyachal-practical-guide | /banaras-travel-agency
काशी में गंगा आरती किस घाट पर होती है,other,1,1,100%,1.0,/hi/city/varanasi/taxi/taj-ganges-varanasi-taxi-service,inferred_content_match,,low,all terms on page,/hi/assi-ghat-aarti-timings-2026 | /hi/city/varanasi/taxi/staying-at-taj-ganges-need-taxi | /hi/dashashwamedh-ghat-detailed-guide
काशी विश्वनाथ दर्शन टाइमिंग,other,1,1,100%,1.0,/hi/kashi-vishwanath-darshan-ganga-aarti-package,inferred_content_match,,low,all terms on page,/hi/varanasi-tour-package | /hi/city/varanasi/taxi/taj-ganges-varanasi-taxi-service | /hi/city/varanasi/taxi/varanasi-city-tour-cab
जगन्नाथ भगवान के दर्शन कैसे करें,other,1,1,100%,1.0,/hi/packages/sawan-darshan-package-varanasi,inferred_content_match,,low,tokens (7/9),/hi/sarnath-attractions-guide | /hi/sawan-somwar-kashi-vishwanath-darshan-guide-2026 | /hi/varanasi-tour-package
11 ko,other,1,1,100%,2.0,/en/city/varanasi/food/malaiyo-varanasi-guide,inferred_content_match,,low,tokens (1/2),/ | /404 | /banaras-travel-agency
assi ghat to sankat mochan mandir,other,1,1,100%,2.0,/en/city/varanasi/events/makar-sankranti-ganga-snan-varanasi-2026,inferred_content_match,,low,all terms on page,/en/city/varanasi/tour-packages/ayodhya-varanasi-tour | /en/city/ayodhya/taxi/ayodhya-to-varanasi-taxi | /en/city/lucknow/taxi/lucknow-to-varanasi-taxi
assi ghat varanasi direction,other,1,1,100%,2.0,/en/city/varanasi/events/kashi-tamil-sangamam-2026-varanasi,inferred_content_match,,low,all terms on page,/en/city/varanasi/sightseeing/kashi-vishwanath-temple-ganga-aarti-spiritual-journey-2026 | /en/city/varanasi/taxi/varanasi-railway-station-taxi-service | /en/city/varanasi/taxi/varanasi-to-sarnath-taxi
banaras mein dhanvantari kuan kahan hai,other,1,1,100%,2.0,/en/varanasi-kite-wars-tourist-guide-makar-sankranti-2026,inferred_content_match,,low,tokens (2/5),/banaras-tour-package | /banaras-travel-agency | /bike-rentals-varanasi
festivals,other,1,1,100%,2.0,/en/varanasi-december-2026-experience-hub,inferred_content_match,,low,title,/en/varanasi-in-february-2026 | /en/makar-sankranti-2026-varanasi-kite-festival-guide | /en/book-taxi-varanasi-ramlila-dussehra
kashi vishwanath ke pass kaun sa ghat hai,other,1,1,100%,2.0,/en/city/varanasi/sightseeing/kashi-vishwanath-temple-ganga-aarti-spiritual-journey-2026,inferred_content_match,,low,tokens (4/6),/en/city/varanasi/taxi/varanasi-airport-to-kashi-vishwanath-taxi | /en/kashi-vishwanath-darshan-ganga-aarti-package | /en/sawan-kashi-vishwanath-crowd-survival-sugam-darshan-2026
sarnath is in which district,other,1,1,100%,2.0,/en/ashoka-pillar-sarnath-guide,inferred_content_match,,low,all terms on page,/en/city/ayodhya/taxi/ayodhya-to-varanasi-taxi | /en/city/varanasi/events/banaras-lit-fest-2026-venue-guide-hotels-logistics | /en/city/varanasi/tour-packages/same-day-varanasi-tour
varanasi tulsi ghat,other,1,1,100%,2.0,/en/city/varanasi/taxi/varanasi-airport-to-tulsi-ghat-taxi,inferred_content_match,,low,slug (all terms),/en/shradh-tarpan-tulsi-ghat-varanasi-guide | /hi/city/varanasi/taxi/varanasi-airport-to-tulsi-ghat-taxi | /hi/shradh-tarpan-tulsi-ghat-varanasi-guide
vishwanath ghat,other,1,1,100%,2.0,/,inferred_content_match,,low,body,/en/city/varanasi/sightseeing/varanasi-local-sightseeing-package | /en/sarnath-timing-visit-guide | /en/varanasi-travel-agent
अस्सी घाट की तस्वीरें,other,1,1,100%,2.0,/hi/city/varanasi/taxi/how-to-reach-tent-city-varanasi,inferred_content_match,,low,all terms on page,/hi/tempo-traveller-varanasi | /hi/varanasi-airport-taxi-guide | /hi/lolark-shashti-lolark-kund-varanasi-guide
आरती कितने बजे होती है,other,1,1,100%,2.0,/hi/city/varanasi/sightseeing/namo-ghat-varanasi,inferred_content_match,,low,body,/hi/varanasi-sunrise-time | /hi/packages/shradh-pind-daan-package-varanasi | /hi/assi-ghat-aarti-timings-2026
वाराणसी नगर निगम का विस्तार,other,1,1,100%,2.0,/hi/city/varanasi/taxi/taxi-service-in-sigra-varanasi,inferred_content_match,,low,all terms on page,/hi/services/golden-triangle-varanasi-ayodhya-prayagraj-package | /hi/services/varanasi-ayodhya-tour-package | /hi/services/varanasi-prayagraj-tour-package
16th july 2026,other,1,1,100%,3.0,/en/tourist-spots-varanasi,inferred_content_match,,low,all terms on page,/en/varanasi-sightseeing-complete-guide | /en/varanasi-in-monsoon-july-september-2026 | /hi/varanasi-in-monsoon-july-september-2026
hotels near manikarnika ghat varanasi,other,1,1,100%,3.0,/en/city/varanasi/activities/84-ghats-boat-tour-varanasi,inferred_content_match,,low,all terms on page,/en/guide-to-10-most-important-ghats-of-varanasi | /en/city/varanasi/events/kartik-purnima-ganga-snan-varanasi-2026 | /en/city/varanasi/taxi/shivala-ghat-taxi-service
local transport in varanasi,other,1,1,100%,3.0,/en/city/varanasi/sightseeing/varanasi-local-sightseeing-package,inferred_content_match,,low,all terms on page,/en/city/varanasi/events/banaras-lit-fest-2026-venue-guide-hotels-logistics | /en/book-taxi-varanasi-ramlila-dussehra | /en/city/varanasi/taxi/24-7-taxi-varanasi
september month,other,1,1,100%,3.0,/en/varanasi-in-monsoon-july-september-2026,inferred_content_match,,low,all terms on page,/en/varanasi-weather-guide | /en/best-time-to-visit-varanasi | /en/city/agra/taxi/varanasi-to-agra-taxi
best dance classes in varanasi with fees,other,1,1,100%,4.0,/en/best-time-to-visit-varanasi,inferred_content_match,,low,tokens (4/6),/en/varanasi-tour-package-with-hotel | /en/varanasi-with-friends-plan | /en/ganga-mahotsav-2026-classical-festival-varanasi
fleet operator,other,1,1,100%,4.0,/en/varanasi-travel-agent,inferred_content_match,,low,all terms on page,/en/ayodhya-varanasi-prayagraj-group-tour-package | /en/city/varanasi/tour-packages/ayodhya-varanasi-tour | /en/city/varanasi/tour-packages/same-day-varanasi-tour
kashi vishwanath masjid,other,1,1,100%,4.0,/en/city/ayodhya/taxi/ayodhya-to-varanasi-taxi,inferred_content_match,,low,all terms on page,/en/city/varanasi/taxi/jaunpur-to-varanasi-taxi-fare | /hi/city/varanasi/taxi/jaunpur-to-varanasi-taxi-fare | /en/city/varanasi/sightseeing/kashi-vishwanath-temple-ganga-aarti-spiritual-journey-2026
tommorow,other,1,1,100%,4.0,,unmatched,,none,UNMATCHED,
tulsi ghat,other,1,1,100%,4.0,/en/city/varanasi/taxi/varanasi-airport-to-tulsi-ghat-taxi,inferred_content_match,,low,title,/en/shradh-tarpan-tulsi-ghat-varanasi-guide | /en/nag-nathaiya-festival-varanasi-2026 | /hi/city/varanasi/taxi/varanasi-airport-to-tulsi-ghat-taxi
late september,other,1,1,100%,6.0,/en/varanasi-in-october-2026,inferred_content_match,,medium,body,/banaras-tour-package | /en/best-time-to-visit-varanasi | /en/city/chitrakoot/taxi/varanasi-to-chitrakoot-taxi
popular,other,1,1,100%,6.0,/en/12-seater-tempo-traveller-varanasi,inferred_content_match,,low,body,/en/17-seater-tempo-traveller-varanasi | /en/9-vs-12-vs-17-seater-tempo-traveller-varanasi | /en/banaras-tour-package
say it in english.,other,1,1,100%,6.0,/en/ashoka-pillar-sarnath-guide,inferred_content_match,,low,all terms on page,/en/city/khajuraho/taxi/varanasi-to-khajuraho-taxi | /en/city/varanasi/events/makar-sankranti-ganga-snan-varanasi-2026 | /en/city/varanasi/taxi/ayodhya-to-varanasi-taxi-fare
in real,other,1,1,100%,7.0,/en/banaras-food-trail-breakfast-to-late-night,inferred_content_match,,low,body,/en/city/varanasi/taxi/how-to-reach-tent-city-varanasi | /en/city/varanasi/taxi/luxury-cab-for-tent-city-varanasi | /en/city/varanasi/taxi/taj-ganges-varanasi-taxi-service
varanasi july,other,1,1,100%,7.0,/en/varanasi-in-monsoon-july-september-2026,inferred_content_match,,low,slug (all terms),/hi/varanasi-in-monsoon-july-september-2026 | /en/best-time-to-visit-varanasi | /banaras-tour-package
21st july,other,1,1,100%,8.0,/en/city/varanasi/sightseeing/dashashwamedh-ghat-boat-ride-ganga-aarti-guide,inferred_content_match,,low,all terms on page,/en/varanasi-in-monsoon-july-september-2026 | /hi/varanasi-in-monsoon-july-september-2026 | /banaras-tour-package
nag nathaiya varanasi,other,1,1,100%,8.0,/en/nag-nathaiya-festival-varanasi-2026,inferred_content_match,,high,slug (all terms),/en/bus/kashi-prayagraj-ayodhya-south | /en/bus/kashi-yatra-south-india-bus-package | /en/varanasi-sightseeing-complete-guide
alone,other,1,1,100%,11.0,/en/ashoka-pillar-sarnath-guide,inferred_content_match,,low,body,/en/assi-ghat-evening-aarti-time | /en/banaras-travel-agency | /en/city/varanasi/events/kartik-purnima-ganga-snan-varanasi-2026
वाराणसी से विंध्याचल के लिए ट्रेन,other,1,1,100%,12.0,/hi/city/varanasi/taxi/airport-taxi-service-varanasi,inferred_content_match,,low,all terms on page,/hi/travel-from-varanasi-to-vindhyachal | /hi/varanasi-in-monsoon-july-september-2026 | /hi/varanasi-to-vindhyachal-itinerary
3 days with family,other,1,1,100%,14.0,/en/family-tour-varanasi-3-days-parents,inferred_content_match,,medium,all terms on page,/en/city/varanasi/tour-packages/ayodhya-varanasi-3-day-tour | /en/city/varanasi/tour-packages/varanasi-3-day-tour | /en/varanasi-family-homestay-4bhk-sigra
shri kashi vishwanath sugam darshan,other,1,1,100%,15.0,/en/services/kashi-vishwanath-sugam-darshan-price-booking,inferred_content_match,,low,all terms on page,/en/kashi-vishwanath-darshan-ganga-aarti-package | /en/services/kashi-vishwanath-darshan-senior-citizen-wheelchair | /en/services/kashi-vishwanath-vip-darshan-booking
