query,intent,clicks,impressions,ctr,position,mapped_page,match_where
scooty on rent in varanasi,sales,38,871,4.36%,3.54,/bike-rentals-varanasi,body
scooty rent in varanasi,sales,48,668,7.19%,3.56,/bike-rentals-varanasi,all terms on page
bike rent in varanasi,sales,32,507,6.31%,4.72,/bike-rentals-varanasi,slug (all terms)
bike on rent varanasi,sales,14,501,2.79%,6.96,/bike-rentals-varanasi,slug (all terms)
varanasi railway station to kashi vishwanath temple auto fare,sales,1,420,0.24%,6.07,/en/city/varanasi/taxi/varanasi-railway-station-taxi-service,body
taxi service in varanasi,sales,1,410,0.24%,17.5,/en/city/varanasi/taxi/24-7-taxi-varanasi,title
bike rent varanasi,sales,15,392,3.83%,4.42,/bike-rentals-varanasi,slug (all terms)
best cab service in varanasi,sales,0,346,0%,1.68,/en/city/varanasi/taxi/taxi-service-varanasi,all terms on page
bike rental in varanasi,sales,20,325,6.15%,4.31,/bike-rentals-varanasi,slug (all terms)
rental bike in varanasi,sales,9,301,2.99%,3.9,/bike-rentals-varanasi,slug (all terms)
rental scooty in varanasi,sales,9,276,3.26%,3.53,/bike-rentals-varanasi,body
varanasi to vindhyachal taxi fare,sales,3,273,1.1%,11.95,/en/varanasi-to-vindhyachal-taxi,body
bike on rent in varanasi,sales,11,256,4.3%,5.37,/bike-rentals-varanasi,slug (all terms)
scooty rental in varanasi,sales,11,237,4.64%,3.57,/bike-rentals-varanasi,title
kasi free tour 2026 tamil nadu,sales,15,230,6.52%,4.58,/en/city/varanasi/events/kashi-tamil-sangamam-2026-varanasi,all terms on page
bike rental varanasi,sales,10,229,4.37%,6.73,/bike-rentals-varanasi,slug (all terms)
rent bike in varanasi,sales,12,228,5.26%,3.53,/bike-rentals-varanasi,slug (all terms)
varanasi scooty rent,sales,8,223,3.59%,3.36,/bike-rentals-varanasi,body
bike on rent near me,sales,2,219,0.91%,9.33,/bike-rentals-varanasi,all terms on page
varanasi boat ride price,sales,2,193,1.04%,13.15,/en/morning-boat-ride-varanasi-price,title
rent scooty in varanasi,sales,14,190,7.37%,3.05,/bike-rentals-varanasi,all terms on page
scooty rent near me,sales,1,173,0.58%,6.29,/bike-rentals-varanasi,all terms on page
rental bike varanasi,sales,5,169,2.96%,3.86,/bike-rentals-varanasi,slug (all terms)
sarnath museum tickets,sales,3,168,1.79%,8.67,/en/sarnath-attractions-guide,all terms on page
sarnath museum ticket price,sales,2,166,1.2%,6.22,/en/sarnath-attractions-guide,body
varanasi to sarnath auto fare,sales,1,165,0.61%,7.62,/en/city/varanasi/taxi/varanasi-to-sarnath-taxi,body
bike rentals varanasi,sales,3,164,1.83%,4.05,/bike-rentals-varanasi,slug
bike rentals in varanasi,sales,11,163,6.75%,4.43,/bike-rentals-varanasi,slug (all terms)
scooty on rent near me,sales,1,150,0.67%,15.37,/bike-rentals-varanasi,all terms on page
scooty rental near me,sales,3,142,2.11%,8.0,/bike-rentals-varanasi,all terms on page
scooty rental varanasi,sales,3,141,2.13%,3.68,/bike-rentals-varanasi,all terms on page
varanasi bike rent,sales,8,131,6.11%,4.34,/bike-rentals-varanasi,slug (all terms)
bike rent near me,sales,1,130,0.77%,8.93,/bike-rentals-varanasi,all terms on page
varanasi boat ride cost,sales,2,123,1.63%,17.82,/en/boat-ride-varanasi,all terms on page
sarnath ticket,sales,1,122,0.82%,8.98,/en/sarnath-attractions-guide,body
taxi 690,sales,3,114,2.63%,5.08,/en/city/kanpur/taxi/kanpur-to-varanasi-taxi,all terms on page
varanasi bike rental,sales,4,110,3.64%,3.89,/bike-rentals-varanasi,slug (all terms)
varanasi scooty rent price,sales,7,104,6.73%,2.11,/bike-rentals-varanasi,all terms on page
airport taxi in varanasi,sales,1,102,0.98%,18.63,/en/city/varanasi/taxi/varanasi-airport-to-banaras-railway-station-taxi,slug (all terms)
rental bike near me,sales,2,93,2.15%,9.76,/bike-rentals-varanasi,all terms on page
best taxi service in varanasi,sales,1,85,1.18%,13.08,/en/city/varanasi/taxi/taxi-service-varanasi,all terms on page
scooty rent varanasi,sales,8,83,9.64%,3.41,/bike-rentals-varanasi,all terms on page
varanasi bike rental price,sales,9,76,11.84%,3.07,/bike-rentals-varanasi,all terms on page
sarnath ticket price,sales,3,76,3.95%,4.89,/en/sarnath-attractions-guide,body
varanasi rental bike,sales,5,74,6.76%,3.46,/bike-rentals-varanasi,slug (all terms)
scooty on rent in varanasi near me,sales,3,74,4.05%,3.09,/bike-rentals-varanasi,all terms on page
bike rent in varanasi near railway station,sales,5,71,7.04%,3.39,/bike-rentals-varanasi,all terms on page
vindhyachal dharamshala price per day,sales,2,70,2.86%,5.4,/en/services/where-to-stay-in-vindhyachal,body
dharamshala in vindhyachal temple,sales,1,70,1.43%,9.03,/en/services/where-to-stay-in-vindhyachal,all terms on page
varanasi airport to kashi vishwanath temple taxi fare,sales,2,69,2.9%,2.7,/en/city/varanasi/taxi/varanasi-airport-to-kashi-vishwanath-taxi,body
varanasi airport to varanasi railway station taxi fare,sales,1,67,1.49%,2.76,/en/city/varanasi/taxi/varanasi-airport-to-varanasi-junction-taxi,body
banaras bike rent,sales,2,66,3.03%,3.64,/bike-rentals-varanasi,slug (all terms)
rent bike varanasi,sales,2,63,3.17%,4.43,/bike-rentals-varanasi,slug (all terms)
goenka dharamshala vindhyachal,sales,1,63,1.59%,10.13,/en/services/where-to-stay-in-vindhyachal,body
blue motorcycle bike on rent |rental scooty varanasi,sales,1,61,1.64%,8.43,/bike-rentals-varanasi,all terms on page
varanasi rent bike,sales,1,60,1.67%,3.42,/bike-rentals-varanasi,slug (all terms)
scooty for rent in varanasi,sales,4,58,6.9%,3.17,/bike-rentals-varanasi,all terms on page
cheapest bike rent in varanasi,sales,2,58,3.45%,3.34,/en/city/varanasi/taxi/varanasi-airport-to-banaras-railway-station-taxi,all terms on page
rental bikes in varanasi,sales,1,57,1.75%,3.91,/bike-rentals-varanasi,slug (all terms)
bike for rent in varanasi,sales,2,56,3.57%,4.39,/bike-rentals-varanasi,slug (all terms)
varanasi local tour package,sales,1,56,1.79%,7.71,/en/city/varanasi/sightseeing/varanasi-local-sightseeing-package,body
varanasi airport to kashi vishwanath temple uber price,sales,2,53,3.77%,4.53,/en/city/varanasi/taxi/varanasi-airport-to-kashi-vishwanath-taxi,body
rent scooty near me,sales,1,52,1.92%,8.19,/bike-rentals-varanasi,all terms on page
varanasi scooty rental,sales,5,47,10.64%,3.43,/bike-rentals-varanasi,body
rent a bike in varanasi,sales,3,44,6.82%,4.18,/bike-rentals-varanasi,slug (all terms)
scooty rent,sales,1,43,2.33%,10.93,/bike-rentals-varanasi,title
varanasi to ayodhya tempo traveller price list,sales,3,42,7.14%,2.43,/en/varanasi-to-ayodhya-tempo-traveller,title
scooty on rent varanasi,sales,4,41,9.76%,3.0,/bike-rentals-varanasi,body
electric scooty on rent in varanasi,sales,1,41,2.44%,7.71,/bike-rentals-varanasi,all terms on page
boating price in varanasi,sales,2,40,5%,7.17,/en/morning-boat-ride-varanasi-price,all terms on page
kashi taxi,sales,10,39,25.64%,2.33,/en/city/agra/taxi/varanasi-to-agra-taxi,title
varanasi local sightseeing package by car,sales,4,39,10.26%,5.03,/en/city/varanasi/sightseeing/varanasi-local-sightseeing-package,body
sarnath temple ticket price,sales,3,39,7.69%,3.13,/en/sarnath-buddhist-temple-guide,all terms on page
rent a scooty in varanasi,sales,1,39,2.56%,3.26,/bike-rentals-varanasi,all terms on page
private boat price in varanasi,sales,1,38,2.63%,4.5,/en/morning-boat-ride-varanasi-price,all terms on page
kasi free tour 2026 tamil nadu timings,sales,8,37,21.62%,2.16,/en/city/varanasi/events/kashi-tamil-sangamam-2026-varanasi,all terms on page
tempo traveller price in varanasi,sales,1,37,2.7%,3.86,/en/12-seater-tempo-traveller-varanasi,body
dharamshala in vindhyachal,sales,1,37,2.7%,11.16,/en/services/where-to-stay-in-vindhyachal,all terms on page
rent bike near me,sales,1,36,2.78%,17.58,/bike-rentals-varanasi,all terms on page
dharamshala near vindhyachal temple,sales,3,35,8.57%,6.89,/en/services/where-to-stay-in-vindhyachal,body
bike rent banaras,sales,1,35,2.86%,3.8,/bike-rentals-varanasi,slug (all terms)
bike on rent varanasi cantt,sales,1,35,2.86%,7.14,/bike-rentals-varanasi,all terms on page
assi ghat boat ride price,sales,3,34,8.82%,4.32,/en/morning-boat-ride-varanasi-price,body
best dharamshala in vindhyachal with price for family,sales,1,34,2.94%,3.88,/en/services/where-to-stay-in-vindhyachal,all terms on page
two wheeler on rent in varanasi,sales,2,33,6.06%,3.3,/bike-rentals-varanasi,all terms on page
dashashwamedh ghat aarti vip ticket price,sales,1,33,3.03%,5.52,/en/dashashwamedh-ghat-ganga-aarti-timing,body
scooty on rent in banaras,sales,3,32,9.38%,3.0,/bike-rentals-varanasi,all terms on page
scooty on rent,sales,2,32,6.25%,7.47,/bike-rentals-varanasi,body
sarnath buddhist temple varanasi tickets,sales,1,32,3.12%,3.78,/en/sarnath-buddhist-temple-guide,body
varanasi me bike rent price,sales,4,31,12.9%,3.19,/bike-rentals-varanasi,all terms on page
varanasi airport taxi price,sales,2,31,6.45%,3.94,/en/varanasi-airport-taxi-price-guide,title
varanasi taxi,sales,2,31,6.45%,25.94,/en/city/ayodhya/taxi/ayodhya-to-varanasi-taxi,title
rental bike,sales,1,31,3.23%,3.94,/bike-rentals-varanasi,slug (all terms)
sarnath temple varanasi ticket price,sales,5,30,16.67%,2.07,/en/city/varanasi/taxi/varanasi-to-sarnath-taxi,all terms on page
scooty rentals in varanasi,sales,2,29,6.9%,2.97,/bike-rentals-varanasi,all terms on page
two wheeler rent in varanasi,sales,5,28,17.86%,3.14,/bike-rentals-varanasi,all terms on page
kashi taxi service,sales,3,28,10.71%,3.21,/en/city/varanasi/taxi/taxi-service-in-sigra-varanasi,slug (all terms)
tempo traveller 17 seater in varanasi price,sales,2,28,7.14%,2.71,/en/17-seater-tempo-traveller-varanasi,body
dharamshala in vindhyachal with price,sales,2,28,7.14%,3.5,/en/services/where-to-stay-in-vindhyachal,all terms on page
varanasi to ayodhya traveller price,sales,1,27,3.7%,3.04,/en/varanasi-to-ayodhya-tempo-traveller,body
sunauli border to kathmandu taxi fare,sales,1,26,3.85%,10.04,/en/city/kathmandu/taxi/varanasi-to-kathmandu-taxi,all terms on page
rental bike in varanasi price,sales,3,24,12.5%,4.08,/bike-rentals-varanasi,all terms on page
bike rent in banaras,sales,3,24,12.5%,4.12,/bike-rentals-varanasi,slug (all terms)
boat charges in varanasi,sales,1,24,4.17%,4.33,/en/morning-boat-ride-varanasi-price,all terms on page
rental scooty varanasi,sales,2,23,8.7%,2.96,/bike-rentals-varanasi,all terms on page
84 ghat varanasi boating price,sales,1,23,4.35%,2.87,/en/city/varanasi/activities/84-ghats-boat-tour-varanasi,all terms on page
banaras bike rental,sales,4,22,18.18%,3.55,/bike-rentals-varanasi,slug (all terms)
2 wheeler on rent near me,sales,1,22,4.55%,5.82,/bike-rentals-varanasi,all terms on page
sarnath deer park ticket price,sales,1,22,4.55%,5.95,/en/sarnath-complete-guide,all terms on page
varanasi sightseeing cost,sales,1,21,4.76%,3.24,/en/city/varanasi/sightseeing/varanasi-local-sightseeing-package,all terms on page
banaras me boat ride price,sales,1,21,4.76%,4.38,/en/morning-boat-ride-varanasi-price,slug (all terms)
prayagraj to ayodhya traveller price,sales,1,21,4.76%,6.81,/en/varanasi-to-ayodhya-tempo-traveller,all terms on page
boat ride cost in varanasi,sales,1,21,4.76%,6.95,/en/boat-ride-varanasi,all terms on page
varanasi to mau taxi fare,sales,1,20,5%,7.1,/en/city/varanasi/taxi/varanasi-airport-to-mau-taxi,all terms on page
boat ride in varanasi price,sales,1,19,5.26%,7.0,/en/morning-boat-ride-varanasi-price,slug (all terms)
9 seater tempo traveller in varanasi,sales,1,19,5.26%,7.16,/en/9-vs-12-vs-17-seater-tempo-traveller-varanasi,slug (all terms)
varanasi boat booking,sales,3,17,17.65%,13.0,/en/packages/varanasi-boat-ride-booking,slug (all terms)
auto fare in varanasi,sales,2,17,11.76%,1.65,/en/varanasi-transport-price-guide-2026,all terms on page
varanasi auto fare chart,sales,2,17,11.76%,2.12,/en/city/varanasi/taxi/varanasi-airport-to-tulsi-ghat-taxi,all terms on page
activa on rent in varanasi,sales,1,17,5.88%,2.88,/bike-rentals-varanasi,all terms on page
ddu station to varanasi distance by road fare,sales,1,16,6.25%,1.94,/en/city/varanasi/taxi/varanasi-airport-to-banaras-railway-station-taxi,all terms on page
kashi to ayodhya distance by road fare,sales,1,16,6.25%,3.75,/en/ayodhya-varanasi-prayagraj-group-tour-package,all terms on page
taxi fare from varanasi airport to kashi vishwanath temple,sales,1,15,6.67%,1.53,/en/city/varanasi/taxi/varanasi-airport-to-kashi-vishwanath-taxi,body
ganga aarti varanasi booking,sales,1,15,6.67%,9.73,/en/ganga-aarti-boat-booking-price,body
varanasi to kathmandu taxi fare,sales,4,14,28.57%,1.86,/en/city/kathmandu/taxi/varanasi-to-kathmandu-taxi,all terms on page
sarnath park ticket price,sales,1,14,7.14%,2.57,/en/sarnath-complete-guide,all terms on page
varanasi airport to city taxi fare,sales,1,14,7.14%,2.64,/en/services/varanasi-airport-to-city-cab,body
varanasi dharamshala near mandir with price,sales,1,13,7.69%,1.0,/en/services/dharamshala-near-kashi-vishwanath-temple-varanasi,all terms on page
rental scooty,sales,1,13,7.69%,5.62,/bike-rentals-varanasi,body
dashashwamedh ghat aarti booking,sales,1,13,7.69%,6.38,/en/city/varanasi/sightseeing/dashashwamedh-ghat-boat-ride-ganga-aarti-guide,all terms on page
varanasi airport car parking charges per day,sales,1,13,7.69%,10.46,/en/city/varanasi/events/banaras-lit-fest-2026-taxi-booking,all terms on page
varanasi to prayagraj cab fare,sales,1,12,8.33%,1.0,/en/varanasi-to-prayagraj-taxi,all terms on page
varanasi boat ride price per person,sales,1,12,8.33%,5.33,/en/morning-boat-ride-varanasi-price,all terms on page
rent a scooty near me,sales,1,12,8.33%,16.08,/bike-rentals-varanasi,all terms on page
varanasi tour package,sales,1,11,9.09%,38.73,/en/packages/varanasi-tour-package,title
rental bikes varanasi,sales,1,10,10%,3.6,/bike-rentals-varanasi,slug (all terms)
kashi bike rental,sales,1,10,10%,5.4,/bike-rentals-varanasi,slug (all terms)
scooty rent in varanasi price,sales,1,9,11.11%,2.33,/bike-rentals-varanasi,all terms on page
bike on rent in varanasi near me,sales,1,9,11.11%,4.78,/bike-rentals-varanasi,all terms on page
varanasi to gorakhpur taxi fare,sales,1,9,11.11%,9.44,/en/city/varanasi/taxi/varanasi-airport-to-gorakhpur-taxi,all terms on page
varanasi to vindhyachal distance by bike,sales,1,8,12.5%,1.88,/bike-rentals-varanasi,all terms on page
scooty on rent near me price,sales,1,8,12.5%,15.5,/bike-rentals-varanasi,all terms on page
varanasi sightseeing cab,sales,1,7,14.29%,1.71,/en/city/agra/taxi/varanasi-to-agra-taxi,all terms on page
varanasi day tour package,sales,1,7,14.29%,5.71,/en/city/varanasi/tour-packages/ayodhya-varanasi-3-day-tour,all terms on page
scooty hire near me,sales,1,7,14.29%,10.43,/en/sarnath-complete-guide,all terms on page
varanasi ganga aarti boat booking price,sales,1,7,14.29%,11.57,/en/ganga-aarti-boat-booking-price,body
two wheeler rent near me,sales,1,7,14.29%,28.71,/bike-rentals-varanasi,all terms on page
benaras tour,sales,1,6,16.67%,3.5,/banaras-tour-package,tokens (1/2)
kasi taxi,sales,2,5,40%,3.2,/kasi-tour-package,all terms on page
vindhyachal vip darshan booking,sales,1,5,20%,7.2,/en/navratri-in-vindhyachal-practical-guide,all terms on page
rent a bike,sales,1,5,20%,29.0,/bike-rentals-varanasi,slug (all terms)
varanasi to prayagraj one day tour package,sales,1,4,25%,6.75,/en/ayodhya-varanasi-prayagraj-group-tour-package,all terms on page
how to book boat ride in varanasi,sales,1,3,33.33%,1.0,/en/evening-boat-ride-varanasi-ganga-aarti,all terms on page
17 seater tempo traveller price,sales,1,3,33.33%,2.67,/en/17-seater-tempo-traveller-varanasi,body
cab from varanasi to vindhyachal,sales,1,3,33.33%,4.33,/en/city/varanasi/taxi/varanasi-airport-to-mirzapur-vindhyachal-taxi,slug (all terms)
hourly scooty rental near me,sales,1,3,33.33%,4.67,/bike-rentals-varanasi,tokens (3/4)
hotel near vindhyachal mandir,sales,1,3,33.33%,5.67,/en/services/where-to-stay-in-vindhyachal,all terms on page
kashi boating price,sales,1,3,33.33%,6.33,/en/morning-boat-ride-varanasi-price,all terms on page
cost of pind daan in gaya,sales,1,3,33.33%,11.0,/en/city/varanasi/tour-packages/pind-daan-gaya-service-varanasi,all terms on page
pink taxi for women,sales,1,2,50%,1.0,/en/services/varanasi-safest-taxi-for-women,all terms on page
dharamshala near kashi vishwanath temple,sales,1,2,50%,18.5,/en/services/dharamshala-near-kashi-vishwanath-temple-varanasi,title
ayodhya tour packages from bangalore price,sales,1,1,100%,1.0,/en/city/varanasi/taxi/one-way-taxi-varanasi,all terms on page
mumbai darshan bus price,sales,1,1,100%,1.0,/en/packages/varanasi-tour-package,all terms on page
rent pe bike near me,sales,1,1,100%,1.0,/bike-rentals-varanasi,tokens (3/4)
scooty rental.near me,sales,1,1,100%,3.0,/bike-rentals-varanasi,all terms on page
tempo travel 17 seater,sales,1,1,100%,3.0,/en/17-seater-tempo-traveller-varanasi,all terms on page
alka hotel varanasi,sales,1,1,100%,4.0,/en/city/varanasi/events/kartik-purnima-ganga-snan-varanasi-2026,all terms on page
cab outstation,sales,1,1,100%,10.0,/rates/outstation-taxi-varanasi,slug (all terms)
varanasi to vindhyachal distance,info,48,6720,0.71%,4.52,/en/varanasi-to-vindhyachal-taxi,title
varanasi to gaya distance,info,1,3905,0.03%,8.5,/en/city/varanasi/taxi/varanasi-to-gaya-taxi-service,body
varanasi to nepal distance,info,11,3529,0.31%,4.9,/en/city/nepal/taxi/varanasi-to-nepal-taxi,all terms on page
assi ghat aarti time,info,33,3053,1.08%,3.54,/en/assi-ghat-aarti-timings-2026,title
dashashwamedh ghat aarti time,info,14,2473,0.57%,6.58,/en/city/varanasi/activities/ganga-aarti-timing-varanasi-2026,body
vindhyachal to varanasi distance,info,6,2131,0.28%,7.22,/en/varanasi-to-vindhyachal-taxi,body
varanasi ganga aarti time,info,2,2115,0.09%,9.34,/en/city/varanasi/activities/ganga-aarti-timing-varanasi-2026,all terms on page
banaras se ayodhya ki duri,info,1,1928,0.05%,9.28,/en/varanasi-to-ayodhya-taxi,body
ganga aarti timing,info,0,1783,0%,9.57,/en/city/varanasi/activities/ganga-aarti-timing-varanasi-2026,title
varanasi to kashi distance,info,1,1744,0.06%,9.95,/en/city/bodhgaya/taxi/varanasi-to-bodhgaya-taxi,all terms on page
aaj ka suryoday,info,0,1733,0%,9.37,,UNMATCHED
ganga aarti timing in varanasi,info,3,1581,0.19%,9.97,/en/city/varanasi/activities/ganga-aarti-timing-varanasi-2026,slug (all terms)
varanasi airport to kashi vishwanath temple distance,info,6,1513,0.4%,3.83,/en/city/varanasi/taxi/varanasi-airport-to-kashi-vishwanath-taxi,body
varanasi to ayodhya distance by road,info,1,1499,0.07%,9.53,/en/ayodhya-varanasi-prayagraj-group-tour-package,all terms on page
varanasi to mau distance,info,1,1429,0.07%,10.26,/en/city/varanasi/taxi/varanasi-airport-to-mau-taxi,all terms on page
namo ghat distance,info,0,1207,0%,7.18,/en/city/varanasi/sightseeing/namo-ghat-varanasi,all terms on page
varanasi to kashi vishwanath temple distance,info,3,1175,0.26%,6.65,/en/services/dharamshala-near-kashi-vishwanath-temple-varanasi,all terms on page
aaj ka suryast ka samay,info,0,1125,0%,11.97,/hi/city/varanasi/activities/ganga-aarti-samay-varanasi-2026,tokens (1/3)
varanasi se ayodhya ki duri,info,1,1077,0.09%,8.94,/hi/varanasi-to-ayodhya-taxi,body
assi ghat morning aarti time,info,25,1047,2.39%,3.78,/en/assi-ghat-morning-aarti-time,slug
banaras to kashi vishwanath temple distance,info,0,1020,0%,8.52,/en/services/dharamshala-near-kashi-vishwanath-temple-varanasi,all terms on page
varanasi to ayodhya distance,info,1,997,0.1%,7.77,/en/city/varanasi/tour-packages/ayodhya-varanasi-tour,body
varanasi to vindhyachal distance by road,info,16,983,1.63%,4.38,/en/varanasi-to-vindhyachal-taxi,body
kashi to prayagraj distance,info,1,900,0.11%,8.59,/en/varanasi-to-prayagraj-taxi,all terms on page
sarnath timing,info,53,850,6.24%,1.85,/en/sarnath-timing-visit-guide,slug
varanasi to bodhgaya distance,info,1,819,0.12%,5.21,/en/city/bodhgaya/taxi/varanasi-to-bodhgaya-taxi,title
varanasi se vindhyachal ki duri,info,10,754,1.33%,2.94,/hi/varanasi-to-vindhyachal-taxi,body
banaras se vindhyachal ki duri,info,6,753,0.8%,2.94,/hi/varanasi-to-vindhyachal-taxi,body
namo ghat distance from my location,info,0,741,0%,6.64,/en/city/varanasi/sightseeing/namo-ghat-varanasi,all terms on page
vindhyachal mandir distance,info,1,713,0.14%,7.98,/en/city/varanasi/taxi/varanasi-airport-to-mirzapur-vindhyachal-taxi,all terms on page
dasaswamedh ghat aarti time,info,0,690,0%,7.05,/en/assi-ghat-evening-aarti-time,all terms on page
ganga aarti varanasi time,info,1,667,0.15%,10.53,/en/city/varanasi/activities/ganga-aarti-timing-varanasi-2026,body
banaras me kitne ghat h,info,4,664,0.6%,4.92,/en/city/varanasi/activities/84-ghats-boat-tour-varanasi,slug (all terms)
suryast ka samay,info,0,662,0%,10.98,/hi/city/varanasi/activities/ganga-aarti-samay-varanasi-2026,tokens (1/2)
kashi to ayodhya distance,info,0,658,0%,8.04,/en/city/varanasi/tour-packages/ayodhya-varanasi-tour,body
assi ghat aarti timings,info,8,533,1.5%,3.23,/en/assi-ghat-timings,title
kashi vishwanath to ayodhya distance,info,1,532,0.19%,7.86,/en/city/varanasi/tour-packages/ayodhya-varanasi-3-day-tour,all terms on page
varanasi airport to varanasi railway station distance,info,8,517,1.55%,3.53,/en/city/varanasi/taxi/varanasi-airport-to-banaras-railway-station-taxi,all terms on page
suryoday kitne baje hoga,info,0,507,0%,12.78,/en/city/varanasi/sightseeing/namo-ghat-varanasi,tokens (1/3)
varanasi airport to kashi temple distance,info,5,504,0.99%,3.95,/en/city/varanasi/taxi/varanasi-airport-to-kashi-vishwanath-taxi,body
aaj suryoday kitne baje hoga,info,0,474,0%,11.7,/en/city/varanasi/sightseeing/namo-ghat-varanasi,tokens (1/4)
varanasi ganga aarti time today,info,1,458,0.22%,8.08,/en/city/varanasi/activities/ganga-aarti-timing-varanasi-2026,all terms on page
distance between varanasi to ayodhya,info,0,458,0%,8.38,/en/ayodhya-varanasi-prayagraj-group-tour-package,all terms on page
sarnath temple timings,info,21,447,4.7%,3.96,/en/sarnath-timing-visit-guide,title
varanasi to prayagraj distance,info,1,447,0.22%,9.9,/en/varanasi-to-prayagraj-taxi,title
vindhyachal distance,info,0,446,0%,6.65,/en/city/varanasi/taxi/varanasi-airport-to-mirzapur-vindhyachal-taxi,title
ganga aarti time varanasi,info,2,441,0.45%,9.72,/en/city/varanasi/activities/ganga-aarti-timing-varanasi-2026,body
ganga snan kab hai 2026 november,info,9,436,2.06%,1.84,/en/city/varanasi/events/kartik-purnima-ganga-snan-varanasi-2026,tokens (4/5)
assi ghat ganga aarti timing,info,9,433,2.08%,3.08,/en/assi-ghat-aarti-timings-2026,body
kashi ganga aarti time,info,2,422,0.47%,10.28,/en/city/varanasi/sightseeing/kashi-vishwanath-temple-ganga-aarti-spiritual-journey-2026,body
assi ghat distance,info,0,418,0%,8.26,/en/assi-ghat-to-airport-taxi,body
banaras me kitne ghat hai,info,4,410,0.98%,6.68,/en/city/varanasi/activities/84-ghats-boat-tour-varanasi,slug (all terms)
mirzapur to vindhyachal distance,info,0,410,0%,10.91,/en/city/varanasi/taxi/varanasi-airport-to-mirzapur-vindhyachal-taxi,all terms on page
banaras se vindhyachal ki duri kitni hai,info,5,399,1.25%,2.88,/en/city/varanasi/taxi/varanasi-airport-to-mirzapur-vindhyachal-taxi,tokens (2/4)
kashi to ayodhya distance by road,info,0,390,0%,9.56,/en/ayodhya-varanasi-prayagraj-group-tour-package,all terms on page
kashi to nepal distance,info,3,389,0.77%,5.13,/en/city/nepal/taxi/varanasi-to-nepal-taxi,all terms on page
banaras to vindhyachal distance,info,2,389,0.51%,4.67,/en/varanasi-to-vindhyachal-taxi,body
kashi se ayodhya ki duri,info,1,388,0.26%,8.26,/en/varanasi-to-ayodhya-taxi,all terms on page
varanasi to kashi vishwanath distance,info,0,388,0%,7.35,/en/city/varanasi/taxi/varanasi-airport-to-kashi-vishwanath-taxi,all terms on page
varanasi weather in july 2026,info,3,384,0.78%,5.43,/en/varanasi-in-monsoon-july-september-2026,all terms on page
vindhyachal se banaras ki duri,info,2,379,0.53%,3.99,/hi/varanasi-to-vindhyachal-taxi,all terms on page
varanasi railway station to varanasi airport distance,info,3,376,0.8%,4.18,/en/city/varanasi/taxi/varanasi-airport-to-varanasi-junction-taxi,body
banaras se gorakhpur ki duri,info,0,368,0%,9.59,/en/city/gorakhpur/taxi/varanasi-to-gorakhpur-taxi,tokens (2/3)
varanasi ganga aarti timings,info,2,357,0.56%,9.69,/en/city/varanasi/activities/ganga-aarti-timing-varanasi-2026,slug (all terms)
aaj suryoday ka samay,info,0,356,0%,10.13,/hi/city/varanasi/activities/ganga-aarti-samay-varanasi-2026,tokens (1/3)
banaras ki duri,info,0,353,0%,7.9,/en/varanasi-to-ayodhya-taxi,all terms on page
assi ghat aarti time today,info,14,351,3.99%,2.29,/en/assi-ghat-aarti-timings-2026,all terms on page
suryast ka samay today,info,0,349,0%,10.6,/hi/city/varanasi/activities/ganga-aarti-samay-varanasi-2026,tokens (1/3)
sarnath opening time,info,16,346,4.62%,1.45,/en/ashoka-pillar-sarnath-guide,all terms on page
sunrise time varanasi,info,0,344,0%,7.76,/hi/varanasi-sunrise-time,slug (all terms)
bodhgaya to varanasi distance,info,0,337,0%,8.03,/en/city/bodhgaya/taxi/varanasi-to-bodhgaya-taxi,all terms on page
varanasi me kitne ghat hai,info,5,335,1.49%,5.19,/en/city/varanasi/activities/84-ghats-boat-tour-varanasi,slug (all terms)
kashi vishwanath temple to manikarnika ghat distance,info,0,334,0%,7.19,/en/manikarnika-ghat-sacred-cremation-grounds,all terms on page
sarnath temple varanasi timings,info,21,332,6.33%,1.75,/en/sarnath-buddhist-temple-guide,all terms on page
varanasi to ddu station distance by road,info,0,330,0%,10.07,/en/city/varanasi/taxi/varanasi-airport-to-banaras-railway-station-taxi,all terms on page
aaj suryast ka samay,info,0,330,0%,11.83,/hi/city/varanasi/activities/ganga-aarti-samay-varanasi-2026,tokens (1/3)
varanasi to sarnath distance by road,info,1,329,0.3%,6.39,/en/city/varanasi/taxi/varanasi-to-sarnath-taxi,all terms on page
assi ghat to manikarnika ghat distance,info,0,326,0%,8.21,/en/city/varanasi/taxi/manikarnika-ghat-cremation-guide,all terms on page
suryoday ka samay,info,0,326,0%,10.67,/hi/city/varanasi/activities/ganga-aarti-samay-varanasi-2026,tokens (1/2)
varanasi city to kashi vishwanath temple distance,info,0,319,0%,9.06,/en/services/dharamshala-near-kashi-vishwanath-temple-varanasi,all terms on page
cal suryoday kitne baje hoga,info,0,318,0%,12.75,/en/city/varanasi/sightseeing/namo-ghat-varanasi,tokens (1/4)
banaras mein kitne ghat hai,info,3,316,0.95%,6.15,/en/varanasi-kite-wars-tourist-guide-makar-sankranti-2026,all terms on page
varanasi weather,info,3,314,0.96%,2.38,/en/varanasi-weather-guide,title
vindhyachal ki duri,info,2,311,0.64%,3.73,/hi/varanasi-to-vindhyachal-taxi,body
varanasi aarti time,info,2,307,0.65%,10.48,/en/city/varanasi/sightseeing/kashi-vishwanath-temple-ganga-aarti-spiritual-journey-2026,body
varanasi to sarnath distance,info,2,306,0.65%,7.8,/en/varanasi-sightseeing-complete-guide,body
sarnath museum timing,info,1,303,0.33%,4.85,/en/sarnath-timing-visit-guide,body
kashi vishwanath temple distance,info,0,297,0%,9.43,/en/city/varanasi/taxi/varanasi-airport-to-kashi-vishwanath-taxi,body
banaras se ayodhya kitni dur hai,info,0,292,0%,8.95,/en/ayodhya-varanasi-prayagraj-group-tour-package,tokens (2/4)
varanasi junction to varanasi airport distance,info,2,291,0.69%,4.61,/en/city/varanasi/taxi/varanasi-airport-to-varanasi-junction-taxi,all terms on page
ganga aarti timing in varanasi today,info,1,291,0.34%,9.81,/en/city/varanasi/activities/ganga-aarti-timing-varanasi-2026,all terms on page
kashi me kitne ghat hai,info,1,286,0.35%,6.12,/en/city/varanasi/activities/84-ghats-boat-tour-varanasi,slug (all terms)
banaras se ayodhya kitna dur hai,info,1,284,0.35%,9.59,/en/ayodhya-varanasi-prayagraj-group-tour-package,tokens (2/3)
banaras mein kitne ghat hain,info,3,282,1.06%,5.19,/en/dev-deepawali-boat-ride-pricing-guide-2026,all terms on page
banaras se prayagraj ki duri,info,0,282,0%,9.18,/hi/varanasi-to-prayagraj-taxi,all terms on page
dashashwamedh ghat aarti time today,info,2,272,0.74%,3.13,/en/assi-ghat-aarti-timings-2026,all terms on page
assi ghat distance from my location,info,0,271,0%,10.31,/en/city/varanasi/sightseeing/namo-ghat-varanasi,all terms on page
banaras se gorakhpur kitna kilometre hai,info,0,263,0%,8.16,/en/city/kushinagar/taxi/varanasi-to-kushinagar-taxi,all terms on page
varanasi to vindhyavasini temple distance,info,14,256,5.47%,2.82,/en/varanasi-to-vindhyachal-taxi,body
kashi vishwanath to prayagraj distance,info,1,256,0.39%,7.54,/en/varanasi-to-prayagraj-taxi,all terms on page
banaras mein kul kitne ghat hain,info,1,255,0.39%,5.27,/en/city/varanasi/activities/84-ghats-boat-tour-varanasi,tokens (2/5)
varanasi to nepal distance by road,info,3,254,1.18%,3.07,/en/city/nepal/taxi/varanasi-to-nepal-taxi,all terms on page
ganga aarti time in varanasi,info,1,251,0.4%,8.96,/en/city/varanasi/activities/ganga-aarti-timing-varanasi-2026,all terms on page
banaras to kashi vishwanath distance,info,0,250,0%,7.86,/en/city/varanasi/taxi/varanasi-airport-to-kashi-vishwanath-taxi,all terms on page
sarnath varanasi timings,info,16,247,6.48%,1.72,/en/city/varanasi/taxi/varanasi-to-sarnath-taxi,all terms on page
banaras se ayodhya ki duri kitni hai,info,0,247,0%,9.37,/en/varanasi-to-ayodhya-taxi,tokens (3/4)
varanasi to naimisharanya distance,info,1,243,0.41%,10.3,/en/varanasi-to-naimisharanya-tempo-traveller,body
vindhyachal to varanasi distance by road,info,0,242,0%,6.56,/en/city/varanasi/taxi/varanasi-airport-to-mirzapur-vindhyachal-taxi,all terms on page
varanasi airport distance,info,0,240,0%,6.4,/en/assi-ghat-to-airport-taxi,title
manikarnika ghat distance from my location,info,0,239,0%,7.22,/en/city/varanasi/sightseeing/namo-ghat-varanasi,all terms on page
distance between varanasi to vindhyachal,info,2,236,0.85%,4.69,/en/varanasi-to-vindhyachal-taxi,body
varanasi airport to varanasi junction distance,info,0,233,0%,4.0,/en/city/varanasi/taxi/varanasi-airport-to-varanasi-junction-taxi,title
manikarnika ghat to kashi vishwanath temple distance,info,0,229,0%,7.98,/en/manikarnika-ghat-sacred-cremation-grounds,all terms on page
nepal to varanasi distance,info,0,225,0%,5.7,/en/city/nepal/taxi/varanasi-to-nepal-taxi,all terms on page
varanasi to ayodhya ram mandir distance,info,0,223,0%,9.09,/en/city/varanasi/tour-packages/ayodhya-varanasi-tour,all terms on page
suryoday kitne baje hota hai,info,0,223,0%,12.14,/en/city/varanasi/sightseeing/namo-ghat-varanasi,tokens (1/3)
varanasi to airport distance,info,1,222,0.45%,3.14,/en/city/varanasi/taxi/varanasi-airport-to-ghazipur-taxi,all terms on page
varanasi to prayagraj to ayodhya distance,info,1,221,0.45%,6.62,/en/ayodhya-varanasi-prayagraj-group-tour-package,all terms on page
varanasi airport to railway station distance,info,5,219,2.28%,2.91,/en/city/varanasi/taxi/varanasi-airport-to-varanasi-junction-taxi,body
sarnath closing time,info,3,216,1.39%,1.71,/en/ashoka-pillar-sarnath-guide,all terms on page
varanasi junction to airport distance,info,1,216,0.46%,3.66,/en/city/varanasi/taxi/varanasi-airport-to-varanasi-junction-taxi,all terms on page
weather in varanasi in july 2026,info,2,213,0.94%,4.26,/en/varanasi-in-monsoon-july-september-2026,all terms on page
sarnath mandir timing,info,7,205,3.41%,8.1,/en/sarnath-timing-visit-guide,all terms on page
80 ghat aarti time,info,3,204,1.47%,3.57,/en/assi-ghat-aarti-timings-2026,all terms on page
assi ghat aarti time morning,info,9,199,4.52%,2.25,/en/assi-ghat-morning-aarti-time,slug (all terms)
sunauli border to kathmandu distance,info,1,199,0.5%,9.65,/en/city/kathmandu/taxi/varanasi-to-kathmandu-taxi,all terms on page
kedar ghat to kashi vishwanath temple distance,info,1,198,0.51%,4.52,/en/city/varanasi/taxi/kedar-harishchandra-ghat-taxi-service,all terms on page
varanasi to vindhyachal temple distance,info,5,197,2.54%,3.29,/en/varanasi-to-vindhyachal-taxi,body
rath yatra ka mela kab hai,info,1,189,0.53%,5.78,/en/jagannath-rath-yatra-varanasi-2026,all terms on page
vindhyachal mandir kitna kilometre hai,info,1,189,0.53%,6.0,/en/varanasi-airport-taxi-price-guide,all terms on page
banaras me kul kitne ghat hai,info,1,186,0.54%,5.38,/en/city/varanasi/activities/84-ghats-boat-tour-varanasi,tokens (2/3)
banaras se vindhyachal kitna kilometre hai,info,3,181,1.66%,2.98,/en/city/varanasi/taxi/taxi-service-varanasi,all terms on page
vindhyachal mandir to varanasi distance,info,3,176,1.7%,3.39,/en/city/varanasi/taxi/varanasi-airport-to-mirzapur-vindhyachal-taxi,all terms on page
sunauli border to nepal distance,info,2,171,1.17%,5.93,/en/city/nepal/taxi/varanasi-to-nepal-taxi,all terms on page
morning ganga aarti timing in varanasi,info,1,171,0.58%,3.89,/en/city/varanasi/activities/ganga-aarti-timing-varanasi-2026,all terms on page
vindhyachal temple distance,info,1,171,0.58%,9.23,/en/varanasi-to-vindhyachal-taxi,body
vindhyachal mandir mirzapur to varanasi distance,info,3,165,1.82%,2.61,/en/city/varanasi/taxi/varanasi-airport-to-mirzapur-vindhyachal-taxi,all terms on page
vindhyachal distance from varanasi,info,1,165,0.61%,4.96,/en/city/varanasi/taxi/varanasi-airport-to-mirzapur-vindhyachal-taxi,all terms on page
banaras se vindhyachal kitna dur hai,info,8,164,4.88%,2.86,/en/city/varanasi/taxi/varanasi-airport-to-mirzapur-vindhyachal-taxi,tokens (2/3)
assi ghat evening aarti time,info,1,162,0.62%,4.55,/en/assi-ghat-evening-aarti-time,slug
banaras me total kitne ghat hai,info,1,161,0.62%,5.19,/en/city/varanasi/activities/84-ghats-boat-tour-varanasi,all terms on page
varanasi airport to prayagraj distance,info,1,159,0.63%,6.26,/en/city/varanasi/taxi/varanasi-airport-to-prayagraj-taxi,all terms on page
assi ghat ganga aarti time,info,2,156,1.28%,2.9,/en/assi-ghat-evening-aarti-time,all terms on page
varanasi city to airport distance,info,1,152,0.66%,5.0,/en/city/varanasi/taxi/varanasi-airport-to-varanasi-city-station-taxi,all terms on page
varanasi to vindhyachal temple distance by road,info,7,151,4.64%,3.14,/en/city/varanasi/taxi/varanasi-airport-to-mirzapur-vindhyachal-taxi,all terms on page
ganga aarti varanasi timing,info,1,151,0.66%,7.68,/en/city/varanasi/activities/ganga-aarti-timing-varanasi-2026,slug (all terms)
vindhyachal to kashi vishwanath distance,info,1,150,0.67%,8.03,/en/varanasi-to-vindhyachal-taxi,all terms on page
banaras mein ganga aarti kitne baje hoti hai,info,1,149,0.67%,6.98,/en/city/varanasi/activities/ganga-aarti-timing-varanasi-2026,tokens (3/6)
varanasi airport to kashi distance,info,1,148,0.68%,3.91,/en/city/varanasi/taxi/airport-taxi-service-varanasi,body
sarnath mandir varanasi timings,info,4,145,2.76%,1.65,/en/sarnath-timing-visit-guide,all terms on page
varanasi to vindhyachal mandir distance,info,4,143,2.8%,3.59,/en/city/varanasi/taxi/varanasi-airport-to-mirzapur-vindhyachal-taxi,all terms on page
varanasi me ganga aarti kitne baje hota hai,info,2,141,1.42%,7.33,/en/city/varanasi/activities/ganga-aarti-timing-varanasi-2026,tokens (3/5)
dashashwamedh ghat ganga aarti timing,info,1,136,0.74%,5.04,/en/dashashwamedh-ghat-ganga-aarti-timing,slug
varanasi ganga aarti time morning,info,3,135,2.22%,6.19,/en/assi-ghat-morning-aarti-time,all terms on page
varanasi me rath yatra kab hai,info,4,134,2.99%,7.62,/en/jagannath-rath-yatra-varanasi-2026,all terms on page
varanasi airport to kashi vishwanath distance,info,1,133,0.75%,3.86,/en/varanasi-airport-taxi-price-guide,body
varanasi railway station to airport distance,info,3,131,2.29%,3.03,/en/city/varanasi/taxi/varanasi-airport-to-banaras-railway-station-taxi,all terms on page
kedar ghat distance,info,1,131,0.76%,7.27,/en/city/varanasi/taxi/varanasi-airport-to-kedar-ghat-taxi,title
kashi vishwanath ganga aarti time,info,1,127,0.79%,11.92,/en/city/varanasi/sightseeing/kashi-vishwanath-temple-ganga-aarti-spiritual-journey-2026,all terms on page
kashi to prayagraj distance by road,info,2,124,1.61%,4.73,/en/varanasi-to-prayagraj-taxi,all terms on page
dashashwamedh ghat aarti timings,info,1,122,0.82%,5.38,/en/dashashwamedh-ghat-ganga-aarti-timing,slug (all terms)
distance between varanasi to ayodhya by road,info,1,121,0.83%,9.8,/en/ayodhya-varanasi-prayagraj-group-tour-package,all terms on page
varanasi to bodh gaya distance,info,1,120,0.83%,5.83,/en/varanasi-to-bodhgaya-taxi-cost,title
ayodhya se kashi vishwanath ki duri,info,1,120,0.83%,10.04,/en/varanasi-to-ayodhya-taxi,all terms on page
banaras mein kitna ghat hai,info,3,118,2.54%,6.69,/en/varanasi-kite-wars-tourist-guide-makar-sankranti-2026,all terms on page
varanasi me ganga aarti time,info,1,116,0.86%,6.15,/en/city/varanasi/activities/ganga-aarti-timing-varanasi-2026,all terms on page
banaras me ganga aarti time,info,1,116,0.86%,7.06,/en/city/varanasi/activities/ganga-aarti-timing-varanasi-2026,all terms on page
varanasi to vishwanath temple distance,info,1,116,0.86%,8.08,/en/services/dharamshala-near-kashi-vishwanath-temple-varanasi,all terms on page
varanasi airport to temple distance,info,5,113,4.42%,2.2,/en/city/varanasi/taxi/varanasi-airport-to-ghazipur-taxi,all terms on page
sarnath timings,info,4,113,3.54%,6.54,/en/sarnath-timing-visit-guide,slug (all terms)
banaras mein kul kitne ghat hai,info,2,113,1.77%,6.15,/en/city/varanasi/activities/84-ghats-boat-tour-varanasi,tokens (2/4)
is varanasi safe for women,info,6,112,5.36%,3.54,/en/is-varanasi-safe-for-solo-female-travellers,all terms on page
dashmesh ghat ganga aarti time,info,3,111,2.7%,6.85,/en/assi-ghat-evening-aarti-time,all terms on page
dashashwamedh ghat ganga aarti time,info,1,111,0.9%,4.35,/en/city/varanasi/sightseeing/dashashwamedh-ghat-boat-ride-ganga-aarti-guide,all terms on page
ayodhya se kashi ki duri,info,1,108,0.93%,9.26,/en/varanasi-to-ayodhya-taxi,all terms on page
nahan kab hai 2026 november,info,2,107,1.87%,5.45,/en/varanasi-in-november-2026-insider-guide,tokens (2/4)
banaras se ayodhya kitna kilometre hai,info,1,107,0.93%,9.54,/en/varanasi-to-ayodhya-taxi,all terms on page
dasaswamedh ghat aarti timings,info,1,106,0.94%,2.82,/en/assi-ghat-aarti-timings-2026,all terms on page
banaras ganga aarti time,info,1,106,0.94%,6.34,/en/city/varanasi/activities/ganga-aarti-timing-varanasi-2026,all terms on page
kedar ghat to dashashwamedh ghat distance,info,1,106,0.94%,9.62,/en/city/varanasi/taxi/varanasi-airport-to-kedar-ghat-taxi,all terms on page
aarti time at assi ghat,info,4,105,3.81%,3.4,/en/assi-ghat-evening-aarti-time,slug (all terms)
varanasi ganga aarti timings morning,info,2,103,1.94%,8.18,/en/city/varanasi/activities/ganga-aarti-timing-varanasi-2026,all terms on page
november 2026 mein ganga snan kab hai,info,1,103,0.97%,3.12,/en/city/varanasi/events/kartik-purnima-ganga-snan-varanasi-2026,tokens (4/6)
kashi to kathmandu distance,info,1,103,0.97%,8.62,/en/city/kathmandu/taxi/varanasi-to-kathmandu-taxi,all terms on page
sarnath opening and closing time today,info,3,102,2.94%,1.52,/en/ashoka-pillar-sarnath-guide,all terms on page
dashashwamedh ghat aarti time morning,info,3,102,2.94%,3.63,/en/assi-ghat-morning-aarti-time,all terms on page
kashi to vindhyavasini temple distance,info,2,102,1.96%,3.57,/en/city/varanasi/taxi/varanasi-airport-to-mirzapur-vindhyachal-taxi,all terms on page
vindhyachal distance from my location,info,1,102,0.98%,7.16,/en/navratri-pilgrimage-vindhyachal-from-varanasi-guide,all terms on page
weather varanasi,info,1,98,1.02%,2.64,/en/varanasi-january-weather-travel-guide,slug (all terms)
varanasi to banaras station distance,info,1,98,1.02%,10.57,/en/city/varanasi/taxi/taxi-service-varanasi-cantt-station,all terms on page
ganga aarti dashashwamedh ghat timing,info,1,97,1.03%,5.8,/en/dashashwamedh-ghat-ganga-aarti-timing,slug (all terms)
sarnath opening and closing time,info,2,93,2.15%,1.28,/en/ashoka-pillar-sarnath-guide,all terms on page
is varanasi safe for girls,info,1,93,1.08%,2.63,/en/is-varanasi-safe-for-solo-female-travellers,all terms on page
banaras ghat aarti time,info,1,93,1.08%,6.73,/en/assi-ghat-morning-aarti-time,all terms on page
sarnath timings varanasi,info,4,89,4.49%,1.49,/en/city/varanasi/taxi/varanasi-to-sarnath-taxi,all terms on page
varanasi temple to airport distance,info,1,87,1.15%,2.18,/en/city/varanasi/taxi/varanasi-airport-to-ghazipur-taxi,all terms on page
ganga aarti time dashashwamedh ghat today,info,3,85,3.53%,2.06,/en/dashashwamedh-ghat-ganga-aarti-timing,all terms on page
dasaswamedh ghat aarti time today,info,4,82,4.88%,2.16,/en/assi-ghat-aarti-timings-2026,all terms on page
banaras ki ganga aarti kitne baje hoti hai,info,2,82,2.44%,6.85,/en/city/varanasi/activities/ganga-aarti-timing-varanasi-2026,tokens (3/5)
assi ghat aarti timing,info,1,82,1.22%,3.11,/en/assi-ghat-timings,title
ganga aarti time in varanasi dashashwamedh ghat,info,1,82,1.22%,3.82,/en/city/varanasi/sightseeing/dashashwamedh-ghat-boat-ride-ganga-aarti-guide,all terms on page
varanasi to prayagraj distance by road,info,1,82,1.22%,5.51,/en/varanasi-to-prayagraj-taxi,all terms on page
banaras se vindhyachal kitni dur hai,info,1,81,1.23%,2.91,/en/city/varanasi/taxi/varanasi-airport-to-mirzapur-vindhyachal-taxi,tokens (2/4)
lal bahadur shastri airport to kashi vishwanath temple distance,info,1,81,1.23%,6.01,/en/city/varanasi/taxi/varanasi-airport-transfer-directory,all terms on page
sarnath visiting time,info,5,80,6.25%,1.6,/en/ashoka-pillar-sarnath-guide,all terms on page
varanasi airport to assi ghat distance,info,2,79,2.53%,4.15,/en/assi-ghat-to-airport-taxi,body
varanasi rathyatra mela kab hai,info,2,79,2.53%,7.51,/en/jagannath-rath-yatra-varanasi-2026,all terms on page
kashi to vindhyachal distance by road,info,1,79,1.27%,3.91,/en/city/varanasi/taxi/varanasi-airport-to-mirzapur-vindhyachal-taxi,all terms on page
dashashwamedh ghat morning aarti time,info,2,76,2.63%,4.74,/en/assi-ghat-morning-aarti-time,all terms on page
banaras se vindhyachal kitne kilometre hai,info,1,75,1.33%,3.19,/en/city/varanasi/taxi/taxi-service-varanasi,all terms on page
dashashwamedh ghat ganga aarti timings morning,info,1,75,1.33%,4.4,/en/dashashwamedh-ghat-ganga-aarti-timing,all terms on page
assi ghat aarti time evening,info,1,75,1.33%,4.56,/en/assi-ghat-evening-aarti-time,slug (all terms)
banaras mein ganga aarti kab hoti hai,info,1,75,1.33%,9.33,/en/city/varanasi/activities/ganga-aarti-timing-varanasi-2026,tokens (3/6)
is varanasi safe,info,2,74,2.7%,5.34,/en/is-varanasi-safe-for-solo-female-travellers,title
varanasi to bindhyabasini temple distance,info,2,73,2.74%,3.36,/en/services/dharamshala-near-kashi-vishwanath-temple-varanasi,tokens (3/4)
kashi to prayagraj to ayodhya distance,info,1,73,1.37%,5.74,/en/services/varanasi-ayodhya-prayagraj-pilgrimage-taxi,body
distance between varanasi airport to kashi vishwanath temple,info,2,72,2.78%,4.15,/en/city/varanasi/taxi/varanasi-airport-to-kashi-vishwanath-taxi,all terms on page
varanasi to varanasi airport distance,info,1,72,1.39%,6.69,/en/city/varanasi/taxi/varanasi-airport-to-ghazipur-taxi,all terms on page
banaras kitna kilometre hai,info,1,70,1.43%,9.93,/en/bus/kashi-yatra-south-india-bus-package,all terms on page
kashi vishwanath me kitne ghat hai,info,2,69,2.9%,3.48,/en/city/varanasi/activities/84-ghats-boat-tour-varanasi,all terms on page
varanasi se sarnath ki duri,info,2,69,2.9%,8.2,/en/varanasi-to-ayodhya-taxi,all terms on page
varanasi to vindhyavasini distance by road,info,2,68,2.94%,2.47,/en/city/varanasi/taxi/varanasi-airport-to-mirzapur-vindhyachal-taxi,all terms on page
assi ghat aarti timings morning,info,2,68,2.94%,4.85,/en/assi-ghat-aarti-timings-2026,body
sarnath stupa timings,info,2,68,2.94%,6.87,/en/sarnath-timing-visit-guide,all terms on page
banaras mai kitne ghat hai,info,1,68,1.47%,4.31,/en/city/varanasi/activities/84-ghats-boat-tour-varanasi,tokens (2/3)
assi ghat aarti timings today,info,1,68,1.47%,4.96,/en/assi-ghat-aarti-timings-2026,all terms on page
varanasi to lumbini distance,info,1,68,1.47%,5.16,/en/city/bodhgaya/taxi/varanasi-to-bodhgaya-taxi,all terms on page
varanasi to vindhyavasini distance,info,4,67,5.97%,3.07,/en/varanasi-to-vindhyachal-taxi,body
kashi vishwanath temple to vindhyachal temple distance,info,4,66,6.06%,2.55,/en/varanasi-to-vindhyachal-taxi,all terms on page
ganga aarti timing assi ghat,info,2,66,3.03%,1.86,/en/assi-ghat-aarti-timings-2026,all terms on page
varanasi to ayodhya via prayagraj distance by road,info,2,66,3.03%,5.56,/en/ayodhya-varanasi-prayagraj-group-tour-package,all terms on page
distance from varanasi airport to kashi vishwanath temple,info,1,66,1.52%,3.79,/en/city/varanasi/taxi/varanasi-airport-to-kashi-vishwanath-taxi,all terms on page
varanasi mein kitne ghat hain,info,1,66,1.52%,6.08,/en/dev-deepawali-boat-ride-pricing-guide-2026,all terms on page
ganga snan kab hai 2026,info,1,65,1.54%,9.88,/en/city/varanasi/events/kartik-purnima-ganga-snan-varanasi-2026,tokens (3/4)
varanasi airport to manikarnika ghat distance,info,2,64,3.12%,2.94,/en/city/varanasi/taxi/varanasi-airport-to-manikarnika-taxi,body
distance of vindhyachal from varanasi,info,1,64,1.56%,4.25,/en/city/varanasi/taxi/varanasi-airport-to-mirzapur-vindhyachal-taxi,all terms on page
sarnath opening time today,info,6,63,9.52%,2.06,/en/ashoka-pillar-sarnath-guide,all terms on page
ganga snan 2026 november mein kab hai,info,3,63,4.76%,1.29,/en/city/varanasi/events/kartik-purnima-ganga-snan-varanasi-2026,tokens (4/6)
varanasi se mirzapur ki duri,info,1,63,1.59%,8.59,/en/city/varanasi/taxi/varanasi-airport-to-mirzapur-vindhyachal-taxi,tokens (2/3)
kartik ganga snan kab hai 2026,info,1,62,1.61%,3.97,/en/city/varanasi/events/kartik-purnima-ganga-snan-varanasi-2026,tokens (4/5)
assi ghat ki aarti kitne baje hoti hai,info,2,61,3.28%,2.21,/en/assi-ghat-aarti-timings-2026,tokens (3/5)
varanasi se vindhyachal kitna kilometre hai,info,2,61,3.28%,2.84,/en/city/varanasi/taxi/taxi-service-varanasi,all terms on page
shivala ghat to kashi vishwanath temple distance,info,1,61,1.64%,3.36,/en/city/varanasi/taxi/shivala-ghat-taxi-service,all terms on page
ganga aarti timing in varanasi morning,info,1,61,1.64%,5.23,/en/city/varanasi/activities/ganga-aarti-timing-varanasi-2026,all terms on page
banaras railway station to airport distance,info,2,60,3.33%,3.52,/en/city/varanasi/taxi/varanasi-airport-to-banaras-railway-station-taxi,all terms on page
kashi vishwanath temple to airport distance,info,1,60,1.67%,2.35,/en/city/varanasi/taxi/varanasi-airport-to-kashi-vishwanath-taxi,all terms on page
ayodhya se kashi kitni dur hai,info,1,60,1.67%,9.35,/en/ayodhya-varanasi-prayagraj-group-tour-package,tokens (2/4)
kashi ganga aarti timing,info,2,59,3.39%,9.29,/en/city/varanasi/activities/ganga-aarti-timing-varanasi-2026,slug (all terms)
varanasi vindhyachal distance,info,1,59,1.69%,4.31,/en/city/varanasi/taxi/varanasi-airport-to-mirzapur-vindhyachal-taxi,all terms on page
varanasi morning ganga aarti time,info,1,57,1.75%,6.51,/en/assi-ghat-morning-aarti-time,all terms on page
varanasi me ganga aarti kab hoti hai,info,1,57,1.75%,8.18,/en/dashashwamedh-ghat-ganga-aarti-timing,all terms on page
banaras se vindhyachal distance,info,1,56,1.79%,3.02,/en/city/varanasi/taxi/varanasi-airport-to-mirzapur-vindhyachal-taxi,all terms on page
vns to vindhyachal distance,info,1,56,1.79%,4.09,/en/city/varanasi/taxi/varanasi-airport-to-mirzapur-vindhyachal-taxi,all terms on page
assi ghat ki aarti kab hoti hai,info,1,55,1.82%,2.15,/en/dashashwamedh-ghat-ganga-aarti-timing,all terms on page
kashi temple to varanasi airport distance,info,1,55,1.82%,3.62,/en/city/varanasi/taxi/varanasi-airport-to-ghazipur-taxi,all terms on page
kashi to pashupatinath distance,info,1,54,1.85%,5.09,/en/city/gorakhpur/taxi/varanasi-to-gorakhpur-taxi,all terms on page
varanasi to ayodhya distance by car,info,1,54,1.85%,8.35,/en/bus/kashi-prayagraj-ayodhya-south,all terms on page
banaras airport to banaras railway station distance,info,1,53,1.89%,2.83,/en/city/varanasi/taxi/varanasi-airport-to-banaras-railway-station-taxi,all terms on page
distance between varanasi airport to varanasi railway station,info,1,53,1.89%,3.74,/en/city/varanasi/taxi/varanasi-airport-to-banaras-railway-station-taxi,all terms on page
varanasi crime rate,info,1,53,1.89%,5.3,/en/city/nepal/taxi/varanasi-to-nepal-taxi,all terms on page
varanasi cantt to assi ghat distance,info,1,53,1.89%,8.83,/en/city/varanasi/taxi/varanasi-airport-to-kedar-ghat-taxi,all terms on page
assi ghat arti time,info,1,51,1.96%,5.12,/en/assi-ghat-aarti-timings-2026,all terms on page
banaras se vindhyachal ki duri kitna hai,info,1,48,2.08%,2.88,/hi/varanasi-to-vindhyachal-taxi,all terms on page
vindhyachal mandir to kashi vishwanath temple distance,info,1,48,2.08%,4.0,/en/varanasi-to-vindhyachal-taxi,all terms on page
banaras mein ganga aarti kab hota hai,info,1,48,2.08%,8.35,/en/city/varanasi/activities/ganga-aarti-timing-varanasi-2026,tokens (3/6)
sarnath mandir opening time,info,2,47,4.26%,1.89,/en/sarnath-buddhist-temple-guide,all terms on page
varanasi ghats map,info,1,47,2.13%,1.04,/en/city/varanasi/taxi/varanasi-airport-to-assi-ghat-taxi,all terms on page
varanasi assi ghat ganga aarti time,info,1,47,2.13%,2.45,/en/assi-ghat-morning-aarti-time,all terms on page
kashi vishwanath se vindhyachal ki duri,info,1,47,2.13%,3.34,/en/city/varanasi/taxi/varanasi-airport-to-kashi-vishwanath-taxi,tokens (3/4)
sarnath museum opening time,info,1,47,2.13%,4.02,/en/sarnath-timing-visit-guide,all terms on page
triveni sangam to kashi vishwanath temple distance,info,1,47,2.13%,4.53,/en/city/varanasi/taxi/varanasi-airport-to-kashi-vishwanath-taxi,all terms on page
varanasi ghat aarti timings,info,1,47,2.13%,7.96,/en/assi-ghat-aarti-timings-2026,all terms on page
banaras kitne ghat hai,info,1,46,2.17%,4.67,/en/city/varanasi/activities/84-ghats-boat-tour-varanasi,slug (all terms)
varanasi rath yatra mela kab hai,info,1,46,2.17%,7.43,/en/jagannath-rath-yatra-varanasi-2026,all terms on page
weather in varanasi,info,1,45,2.22%,2.31,/en/varanasi-january-weather-travel-guide,slug (all terms)
banaras ghumne me kitna kharcha aata hai,info,1,45,2.22%,4.42,/banaras-tour-package,tokens (1/4)
prayagraj to kashi to ayodhya distance,info,1,45,2.22%,5.93,/en/ayodhya-varanasi-prayagraj-group-tour-package,all terms on page
vindhyachal mandir to kali khoh distance,info,1,45,2.22%,6.87,/en/city/varanasi/taxi/varanasi-airport-to-mirzapur-vindhyachal-taxi,all terms on page
varanasi assi ghat aarti time,info,2,44,4.55%,2.11,/en/assi-ghat-morning-aarti-time,all terms on page
sarnath time,info,1,44,2.27%,1.59,/en/midday-in-varanasi-what-to-do,body
assi ghat to kedar ghat distance,info,1,44,2.27%,3.5,/en/assi-ghat-to-airport-taxi,all terms on page
ganga aarti timing assi ghat today,info,2,43,4.65%,2.58,/en/assi-ghat-aarti-timings-2026,all terms on page
sarnath open time,info,1,43,2.33%,1.47,/en/ashoka-pillar-sarnath-guide,all terms on page
sarnath temple opening time,info,1,43,2.33%,2.26,/en/sarnath-buddhist-temple-guide,all terms on page
banaras assi ghat aarti time,info,1,43,2.33%,3.05,/en/assi-ghat-morning-aarti-time,all terms on page
kashi to prayagraj to ayodhya distance by road,info,1,43,2.33%,4.3,/en/services/varanasi-ayodhya-prayagraj-pilgrimage-taxi,body
varanasi mein rath yatra ka mela kab hai,info,2,41,4.88%,9.12,/en/jagannath-rath-yatra-varanasi-2026,tokens (5/6)
banaras ki aarti kab hoti hai,info,1,41,2.44%,8.0,/en/dashashwamedh-ghat-ganga-aarti-timing,all terms on page
varanasi weather in july,info,1,40,2.5%,2.5,/en/varanasi-in-monsoon-july-september-2026,all terms on page
namo ghat aarti time,info,1,39,2.56%,5.95,/en/city/varanasi/sightseeing/namo-ghat-varanasi,all terms on page
varanasi to naimisharanya via ayodhya distance,info,1,39,2.56%,8.85,/en/city/naimisharanya/taxi/varanasi-to-naimisharanya-taxi,all terms on page
assi ghat timing,info,1,38,2.63%,2.97,/en/assi-ghat-timings,slug
varanasi jn to varanasi airport distance,info,1,38,2.63%,4.63,/en/varanasi-airport-taxi-guide,all terms on page
banaras se vindhyachal mandir ki duri,info,1,37,2.7%,2.81,/en/city/varanasi/taxi/varanasi-airport-to-mirzapur-vindhyachal-taxi,tokens (3/4)
aarti time dashashwamedh ghat,info,1,37,2.7%,3.19,/en/assi-ghat-evening-aarti-time,all terms on page
banaras station to airport distance,info,1,36,2.78%,2.11,/en/city/varanasi/taxi/varanasi-airport-to-banaras-railway-station-taxi,all terms on page
assi ghat varanasi morning aarti time,info,1,36,2.78%,2.81,/en/assi-ghat-morning-aarti-time,all terms on page
vindhyavasini temple distance from varanasi,info,1,36,2.78%,3.64,/en/city/varanasi/taxi/varanasi-airport-to-mirzapur-vindhyachal-taxi,all terms on page
weather in varanasi in december,info,1,36,2.78%,4.17,/en/varanasi-in-december-2026,all terms on page
is varanasi safe for a woman,info,2,35,5.71%,3.51,/en/is-varanasi-safe-for-solo-female-travellers,all terms on page
varanasi to prayagraj to ayodhya distance by road,info,2,35,5.71%,4.63,/en/ayodhya-varanasi-prayagraj-group-tour-package,all terms on page
varanasi airport to mirzapur distance,info,2,35,5.71%,5.74,/en/city/varanasi/taxi/varanasi-airport-to-mirzapur-vindhyachal-taxi,all terms on page
sarnath kitne baje band hota hai,info,1,35,2.86%,1.49,/en/sarnath-attractions-guide,tokens (2/4)
is varanasi safe for solo female travellers,info,1,35,2.86%,4.4,/en/is-varanasi-safe-for-solo-female-travellers,slug
distance between banaras and ayodhya,info,1,35,2.86%,6.49,/en/ayodhya-varanasi-prayagraj-group-tour-package,all terms on page
kashi vishwanath to airport distance,info,1,34,2.94%,2.88,/en/city/varanasi/taxi/varanasi-airport-to-kashi-vishwanath-taxi,all terms on page
banaras me kitne ghat hai total,info,2,33,6.06%,5.12,/en/city/varanasi/activities/84-ghats-boat-tour-varanasi,all terms on page
ganga aarti timing in varanasi today morning,info,2,33,6.06%,5.91,/en/city/varanasi/activities/ganga-aarti-timing-varanasi-2026,all terms on page
banaras ki ganga aarti ka time,info,1,33,3.03%,5.27,/en/city/varanasi/activities/ganga-aarti-timing-varanasi-2026,all terms on page
bodhgaya to varanasi distance by road,info,1,33,3.03%,6.09,/en/city/bodhgaya/taxi/varanasi-to-bodhgaya-taxi,all terms on page
sarnath temple closing time,info,2,32,6.25%,1.78,/en/sarnath-timing-visit-guide,all terms on page
varanasi ganga aarti morning time,info,1,32,3.12%,3.94,/en/assi-ghat-morning-aarti-time,all terms on page
banaras se ayodhya kilometre,info,1,32,3.12%,7.81,/en/varanasi-to-ayodhya-taxi,all terms on page
varanasi and kashi distance,info,1,32,3.12%,10.75,/en/safety-and-security-in-varanasi-guide-for-solo-travellar,all terms on page
assi ghat par ganga aarti kab hoti hai,info,3,31,9.68%,1.52,/en/assi-ghat-aarti-timings-2026,tokens (4/7)
sarnath varanasi opening time,info,3,31,9.68%,1.52,/en/ashoka-pillar-sarnath-guide,all terms on page
kashi to vindhyavasini distance,info,2,31,6.45%,3.13,/en/city/varanasi/taxi/varanasi-airport-to-mirzapur-vindhyachal-taxi,all terms on page
varanasi to ayodhya car distance,info,1,31,3.23%,7.97,/en/bus/kashi-prayagraj-ayodhya-south,all terms on page
sarnath timing varanasi,info,1,30,3.33%,1.6,/en/city/varanasi/taxi/varanasi-to-sarnath-taxi,all terms on page
aarti time in dasaswamedh ghat,info,1,30,3.33%,3.23,/en/assi-ghat-evening-aarti-time,all terms on page
assi ghat morning aarti timing,info,1,30,3.33%,3.7,/en/assi-ghat-aarti-timings-2026,all terms on page
varanasi to vindhyachal mata mandir distance,info,1,30,3.33%,4.1,/en/packages/varanasi-tour-package,all terms on page
varanasi me ghat kitne hai,info,1,30,3.33%,5.57,/en/city/varanasi/activities/84-ghats-boat-tour-varanasi,slug (all terms)
sarnath temple distance,info,1,30,3.33%,7.8,/en/sarnath-buddhist-temple-guide,all terms on page
aarti time in assi ghat,info,3,29,10.34%,1.55,/en/assi-ghat-evening-aarti-time,slug (all terms)
distance between varanasi to vindhyachal temple,info,2,29,6.9%,2.93,/en/varanasi-to-vindhyachal-taxi,all terms on page
is varanasi safe for tourists,info,2,29,6.9%,4.83,/en/is-varanasi-safe-for-solo-female-travellers,all terms on page
sarnath closing time today,info,1,29,3.45%,1.9,/en/ashoka-pillar-sarnath-guide,all terms on page
kashi vishwanath se namo ghat ki duri,info,1,29,3.45%,6.03,/en/city/varanasi/sightseeing/namo-ghat-varanasi,tokens (3/5)
lolark kund snan 2026 kab hai,info,5,28,17.86%,3.43,/en/lolark-shashti-lolark-kund-varanasi-guide,tokens (3/5)
varanasi to maa vindhyavasini temple distance,info,1,28,3.57%,2.89,/en/city/varanasi/taxi/varanasi-airport-to-mirzapur-vindhyachal-taxi,all terms on page
rathyatra mela varanasi kab hai,info,3,27,11.11%,7.56,/en/jagannath-rath-yatra-varanasi-2026,all terms on page
varanasi to vindhyachal devi distance,info,1,27,3.7%,3.22,/en/varanasi-to-vindhyachal-taxi,all terms on page
vindhyachal se banaras kitni dur hai,info,1,27,3.7%,3.52,/en/city/varanasi/taxi/varanasi-airport-to-mirzapur-vindhyachal-taxi,tokens (2/4)
kashi vishwanath to varanasi airport distance,info,2,26,7.69%,4.04,/en/city/varanasi/taxi/varanasi-airport-to-kashi-vishwanath-taxi,all terms on page
varanasi city se airport ki duri,info,1,26,3.85%,2.38,/en/varanasi-to-ayodhya-taxi,all terms on page
varanasi to vindhyavasini mandir distance,info,1,26,3.85%,2.65,/en/city/varanasi/taxi/varanasi-airport-to-mirzapur-vindhyachal-taxi,all terms on page
assi ghat morning aarti time today,info,1,26,3.85%,2.85,/en/assi-ghat-morning-aarti-time,all terms on page
varanasi ka rath yatra mela kab hai,info,1,26,3.85%,6.73,/en/jagannath-rath-yatra-varanasi-2026,all terms on page
varanasi boat ride timings,info,1,26,3.85%,7.88,/en/varanasi-sunrise-boat-ride-timings,slug (all terms)
sarnath distance from varanasi,info,1,26,3.85%,10.23,/en/city/varanasi/taxi/varanasi-to-sarnath-taxi,all terms on page
varanasi ghat map,info,1,25,4%,1.12,/en/city/varanasi/taxi/varanasi-airport-to-assi-ghat-taxi,all terms on page
kashi temple to airport distance,info,1,25,4%,1.72,/en/city/varanasi/taxi/varanasi-airport-to-ghazipur-taxi,all terms on page
varanasi to ayodhya via prayagraj distance,info,1,25,4%,3.08,/en/ayodhya-varanasi-prayagraj-group-tour-package,all terms on page
banaras me kitna ghat hai,info,1,25,4%,4.48,/en/city/varanasi/activities/84-ghats-boat-tour-varanasi,slug (all terms)
varanasi to vindhyachal distance by car,info,2,24,8.33%,3.79,/en/varanasi-to-vindhyachal-taxi,all terms on page
varanasi airport to ghazipur distance,info,2,24,8.33%,4.79,/en/city/varanasi/taxi/varanasi-airport-to-ghazipur-taxi,title
assi ghat timing aarti,info,1,24,4.17%,1.58,/en/assi-ghat-aarti-timings-2026,slug (all terms)
weather in varanasi 10 days,info,1,24,4.17%,2.25,/en/family-tour-varanasi-3-days-parents,all terms on page
subah e banaras aarti timing,info,1,24,4.17%,4.17,/en/city/varanasi/activities/ganga-aarti-timing-varanasi-2026,all terms on page
banaras se mandir ki duri,info,1,24,4.17%,4.21,/en/varanasi-to-ayodhya-taxi,all terms on page
weather in varanasi in february,info,1,24,4.17%,5.29,/en/varanasi-in-february-2026,body
rath yatra mela kab hai 2026,info,1,24,4.17%,5.42,/en/jagannath-rath-yatra-varanasi-2026,all terms on page
varanasi to pashupatinath temple distance,info,1,24,4.17%,8.25,/en/city/gorakhpur/taxi/varanasi-to-gorakhpur-taxi,all terms on page
varanasi visiting time,info,2,23,8.7%,3.3,/en/best-time-to-visit-varanasi,all terms on page
assi ghat par aarti kab hota hai,info,1,23,4.35%,1.87,/en/assi-ghat-aarti-timings-2026,tokens (3/6)
aarti timing at dashashwamedh ghat,info,1,23,4.35%,2.35,/en/dashashwamedh-ghat-ganga-aarti-timing,slug (all terms)
ganga aarti time dashashwamedh ghat,info,1,23,4.35%,3.87,/en/city/varanasi/sightseeing/dashashwamedh-ghat-boat-ride-ganga-aarti-guide,all terms on page
kashi vishwanath se ayodhya ki duri kitni hai,info,1,23,4.35%,9.0,/en/city/varanasi/tour-packages/ayodhya-varanasi-3-day-tour,tokens (3/5)
kasi tamil sangam registration 2026 tamilnadu online last date and time,info,2,22,9.09%,2.64,/en/city/varanasi/events/kashi-tamil-sangamam-2026-varanasi,tokens (10/11)
banaras se vindhyachal kitni duri hai,info,1,22,4.55%,2.64,/en/city/varanasi/taxi/varanasi-airport-to-mirzapur-vindhyachal-taxi,tokens (2/4)
ganga aarti varanasi timing evening today assi ghat,info,1,22,4.55%,2.86,/en/assi-ghat-aarti-timings-2026,all terms on page
timings,info,1,22,4.55%,3.86,/en/assi-ghat-aarti-timings-2026,title
varanasi to ayodhya distance via prayagraj,info,1,22,4.55%,4.45,/en/ayodhya-varanasi-prayagraj-group-tour-package,all terms on page
sigra to godowlia distance,info,1,22,4.55%,6.36,/en/city/varanasi/taxi/taxi-service-in-sigra-varanasi,all terms on page
varanasi ghat kitne hai,info,1,22,4.55%,6.95,/en/city/varanasi/activities/84-ghats-boat-tour-varanasi,slug (all terms)
varanasi junction se airport ki duri,info,3,21,14.29%,2.19,/en/varanasi-to-ayodhya-taxi,all terms on page
map of ghats in varanasi,info,1,21,4.76%,1.0,/en/city/varanasi/taxi/varanasi-airport-to-assi-ghat-taxi,all terms on page
sarnath timing today,info,1,21,4.76%,1.1,/en/sarnath-timing-visit-guide,all terms on page
sarnath kab band hota hai,info,1,21,4.76%,1.71,/en/sarnath-attractions-guide,tokens (2/4)
vindhyachal mandir timing,info,1,21,4.76%,2.9,/en/city/varanasi/taxi/varanasi-airport-to-mirzapur-vindhyachal-taxi,all terms on page
kashi morning aarti time,info,1,21,4.76%,4.9,/en/assi-ghat-morning-aarti-time,all terms on page
banaras me subah ki ganga aarti time,info,1,21,4.76%,5.76,/en/city/varanasi/activities/ganga-aarti-timing-varanasi-2026,all terms on page
sarnath kitne baje khulta hai,info,2,20,10%,1.65,/en/ashoka-pillar-sarnath-guide,tokens (1/3)
sarnath varanasi timing,info,1,20,5%,1.35,/en/city/varanasi/taxi/varanasi-to-sarnath-taxi,all terms on page
banaras se airport kitna dur hai,info,1,20,5%,2.05,/en/city/varanasi/taxi/airport-to-taj-gateway-varanasi,tokens (2/3)
banaras se vindhyachal ki duri by road,info,1,20,5%,2.7,/en/city/varanasi/taxi/varanasi-airport-to-mirzapur-vindhyachal-taxi,tokens (4/5)
varanasi se vindhyachal mandir ki duri,info,1,20,5%,2.95,/en/city/varanasi/taxi/varanasi-airport-to-mirzapur-vindhyachal-taxi,tokens (3/4)
varanasi weather november,info,1,20,5%,3.7,/en/varanasi-in-november-2026-insider-guide,all terms on page
vindhyachal mandir to varanasi distance by road,info,1,20,5%,3.75,/en/city/varanasi/taxi/varanasi-airport-to-mirzapur-vindhyachal-taxi,all terms on page
sarnath time table,info,2,19,10.53%,2.63,/en/best-time-to-visit-varanasi,all terms on page
sarnath buddhist temple timings,info,1,19,5.26%,1.53,/en/sarnath-buddhist-temple-guide,all terms on page
ganga aarti timing in varanasi assi ghat,info,1,19,5.26%,2.74,/en/city/varanasi/activities/ganga-aarti-timing-varanasi-2026,all terms on page
manikarnika ghat timings,info,1,19,5.26%,5.47,/en/manikarnika-ghat-sacred-cremation-grounds,all terms on page
sarnath visit timings,info,2,18,11.11%,1.11,/en/sarnath-timing-visit-guide,slug (all terms)
banaras ki aarti time,info,2,18,11.11%,4.5,/en/assi-ghat-morning-aarti-time,all terms on page
varanasi airport to bsb railway station distance,info,1,18,5.56%,2.94,/en/city/varanasi/taxi/varanasi-railway-station-taxi-service,all terms on page
banaras se vindhyachal kitni duri per hai,info,1,18,5.56%,3.17,/en/navratri-pilgrimage-vindhyachal-from-varanasi-guide,tokens (3/5)
banaras mein kul kitna ghat hai,info,1,18,5.56%,4.83,/en/city/varanasi/activities/84-ghats-boat-tour-varanasi,tokens (2/4)
vindhyachal kitni duri per hai,info,1,18,5.56%,5.06,/en/navratri-in-vindhyachal-practical-guide,tokens (2/4)
varanasi jane me kitna kharcha aata hai,info,1,18,5.56%,5.56,/banaras-tour-package,tokens (1/4)
kashi se sarnath ki duri,info,1,18,5.56%,8.89,/en/varanasi-to-ayodhya-taxi,all terms on page
sarnath kitne baje tak khula rahata hai,info,1,17,5.88%,2.65,/en/ashoka-pillar-sarnath-guide,tokens (1/5)
kashi mein kul kitne ghat hain,info,1,17,5.88%,3.47,/en/city/varanasi/activities/84-ghats-boat-tour-varanasi,tokens (2/5)
varanasi airport to dashashwamedh ghat distance,info,1,17,5.88%,3.94,/en/city/varanasi/taxi/varanasi-airport-to-dashashwamedh-taxi,all terms on page
varanasi to vindhyachal by road distance,info,2,16,12.5%,3.62,/en/city/varanasi/taxi/varanasi-airport-to-mirzapur-vindhyachal-taxi,all terms on page
varanasi station se namo ghat ki duri,info,1,16,6.25%,3.19,/en/city/varanasi/sightseeing/namo-ghat-varanasi,tokens (4/5)
varanasi safe for women,info,1,16,6.25%,3.56,/en/is-varanasi-safe-for-solo-female-travellers,all terms on page
vindhyachal kitna kilometer hai,info,1,16,6.25%,6.06,/en/navratri-pilgrimage-vindhyachal-from-varanasi-guide,all terms on page
sarnath distance from my location,info,1,15,6.67%,3.2,/en/ashoka-pillar-sarnath-guide,all terms on page
varanasi safety,info,1,15,6.67%,5.13,/en/safety-and-security-in-varanasi-guide-for-solo-travellar,title
kashi ganga ghat aarti time,info,1,15,6.67%,8.33,/en/assi-ghat-morning-aarti-time,all terms on page
banaras se vindhyachal mandir kitni dur hai,info,2,14,14.29%,2.64,/en/city/varanasi/taxi/varanasi-airport-to-mirzapur-vindhyachal-taxi,tokens (3/5)
dashashwamedh ghat aarti time in morning,info,1,14,7.14%,1.79,/en/assi-ghat-morning-aarti-time,all terms on page
varanasi airport to kashi vishwanath temple distance by road,info,1,14,7.14%,4.0,/en/city/varanasi/taxi/varanasi-airport-to-kashi-vishwanath-taxi,all terms on page
kashi to ayodhya to naimisharanya distance by road,info,1,14,7.14%,8.07,/en/city/naimisharanya/taxi/varanasi-to-naimisharanya-taxi,all terms on page
dasaswamedh ghat aarti time evening,info,1,13,7.69%,3.85,/en/assi-ghat-evening-aarti-time,all terms on page
banaras mein ganga aarti sham ko kitne baje hoti hai,info,1,13,7.69%,6.0,/en/city/varanasi/activities/ganga-aarti-timing-varanasi-2026,tokens (3/8)
ganga snan time today,info,1,13,7.69%,8.38,/en/city/varanasi/sightseeing/kashi-vishwanath-temple-ganga-aarti-spiritual-journey-2026,all terms on page
banaras se kashi vishwanath ki duri,info,1,13,7.69%,9.85,/en/varanasi-to-ayodhya-taxi,all terms on page
bhu to airport distance,info,1,13,7.69%,10.0,/en/assi-ghat-to-airport-taxi,all terms on page
sarnath open and close time,info,1,12,8.33%,1.25,/en/ashoka-pillar-sarnath-guide,all terms on page
namo ghat aarti time today,info,1,12,8.33%,4.17,/en/city/varanasi/sightseeing/namo-ghat-varanasi,all terms on page
sarnath light and sound show timings,info,1,12,8.33%,6.0,/en/varanasi-to-sarnath-tempo-traveller,all terms on page
assi ghat morning aarti time tomorrow,info,1,11,9.09%,3.0,/en/city/varanasi/events/mauni-amavasya-ganga-snan-varanasi-2026,all terms on page
ganga aarti ka samay varanasi,info,1,11,9.09%,4.18,/hi/city/varanasi/activities/ganga-aarti-samay-varanasi-2026,slug (all terms)
prayagraj to ayodhya to kashi distance,info,1,11,9.09%,4.91,/en/ayodhya-varanasi-prayagraj-group-tour-package,all terms on page
sarnath varanasi opening and closing time,info,1,10,10%,1.2,/en/ashoka-pillar-sarnath-guide,all terms on page
how much time it takes to visit sarnath,info,1,10,10%,1.4,/en/sarnath-timing-visit-guide,all terms on page
kashi vishwanath to sarnath distance,info,1,10,10%,1.7,/en/city/varanasi/taxi/varanasi-airport-to-kashi-vishwanath-taxi,all terms on page
banaras railway station se airport ki duri,info,1,10,10%,2.2,/en/city/varanasi/taxi/varanasi-airport-to-banaras-railway-station-taxi,tokens (4/5)
lolark shashthi kab hai 2026,info,1,9,11.11%,2.44,/en/lolark-shashti-lolark-kund-varanasi-guide,tokens (2/4)
varanasi junction to sarnath distance,info,1,9,11.11%,8.44,/en/city/varanasi/taxi/varanasi-airport-to-varanasi-junction-taxi,all terms on page
varanasi junction to ayodhya distance,info,1,9,11.11%,9.33,/en/city/varanasi/tour-packages/ayodhya-varanasi-3-day-tour,all terms on page
what is the time of ganga aarti in varanasi,info,1,9,11.11%,10.44,/en/city/varanasi/activities/ganga-aarti-timing-varanasi-2026,all terms on page
kashi to sarnath distance,info,2,8,25%,3.38,/en/city/varanasi/taxi/varanasi-to-sarnath-taxi,all terms on page
varanasi november weather,info,1,8,12.5%,1.12,/en/varanasi-in-november-2026-insider-guide,all terms on page
sarnath stupa opening time,info,1,8,12.5%,2.12,/en/sarnath-complete-guide,all terms on page
ghat timings,info,1,8,12.5%,5.5,/en/assi-ghat-timings,slug
kashi evening ganga aarti time,info,1,8,12.5%,6.38,/en/evening-boat-ride-varanasi-ganga-aarti,all terms on page
distance between kashi and prayagraj,info,1,8,12.5%,6.62,/en/ayodhya-varanasi-prayagraj-group-tour-package,all terms on page
vindhyavasini temple mirzapur to varanasi distance,info,1,7,14.29%,2.86,/en/city/varanasi/taxi/varanasi-airport-to-mirzapur-vindhyachal-taxi,all terms on page
ayodhya to chitrakoot distance,info,1,6,16.67%,2.0,/en/prayagraj-ayodhya-chitrakoot-tempo-traveller-circuit,all terms on page
dashashwamedh ghat ganga aarti timing evening,info,1,6,16.67%,2.17,/en/dashashwamedh-ghat-ganga-aarti-timing,body
vindhyachal ke kilometre hai,info,1,6,16.67%,2.17,/en/city/varanasi/taxi/taxi-service-varanasi,all terms on page
namo ghat ganga aarti time,info,1,6,16.67%,3.17,/en/city/varanasi/sightseeing/namo-ghat-varanasi,body
varanasi kitna kilometre,info,1,6,16.67%,9.5,/en/bus/kashi-yatra-south-india-bus-package,all terms on page
assi ghat morning ganga aarti time,info,1,5,20%,1.0,/en/assi-ghat-morning-aarti-time,all terms on page
vindhyachal se ayodhya ki duri,info,1,5,20%,2.0,/en/varanasi-to-ayodhya-taxi,tokens (2/3)
varanasi airport to namo ghat distance,info,1,5,20%,3.0,/en/city/varanasi/taxi/varanasi-airport-to-namo-ghat-taxi,all terms on page
varanasi visit best time,info,1,5,20%,4.0,/en/best-time-to-visit-varanasi,slug (all terms)
arti time,info,1,4,25%,5.5,/en/assi-ghat-aarti-timings-2026,title
banaras to sarnath distance,info,1,4,25%,6.0,/en/city/varanasi/taxi/varanasi-to-sarnath-taxi,all terms on page
17 seater bus rate per km,info,1,4,25%,12.25,/en/17-seater-tempo-traveller-varanasi,all terms on page
varanasi ghats map with distance,info,2,3,66.67%,1.67,/en/city/varanasi/taxi/varanasi-airport-to-kedar-ghat-taxi,all terms on page
lolark chhath 2026 kab hai,info,1,3,33.33%,1.0,/en/city/varanasi/events/chhath-puja-2026-varanasi-guide,tokens (2/4)
navratri 2026 weather,info,1,3,33.33%,1.0,/en/varanasi-in-october-2026,all terms on page
ganga aarti banaras time,info,1,3,33.33%,4.33,/en/city/varanasi/activities/ganga-aarti-timing-varanasi-2026,all terms on page
varanasi ganga harathi timings,info,1,3,33.33%,4.67,/en/dashashwamedh-ghat-ganga-aarti-timing,all terms on page
ayodhya se kashi kitne kilometre,info,1,3,33.33%,7.67,/en/varanasi-to-ayodhya-taxi,all terms on page
banaras se ayodhya ki train kitne baje hai,info,1,2,50%,1.0,/en/city/ayodhya/taxi/ayodhya-to-varanasi-taxi,tokens (3/4)
sarnath temple visiting time,info,1,2,50%,1.0,/en/sarnath-buddhist-temple-guide,all terms on page
namo ghat to kal bhairav temple distance,info,1,2,50%,2.0,/en/city/varanasi/taxi/varanasi-airport-transfer-guide,all terms on page
sarnath varanasi to kashi vishwanath temple distance,info,1,2,50%,2.0,/en/city/varanasi/taxi/varanasi-airport-to-kashi-vishwanath-taxi,all terms on page
varanasi to vindhyachal distance by train,info,1,2,50%,4.0,/en/travel-from-varanasi-to-vindhyachal,all terms on page
sunrise time tomorrow in varanasi,info,1,2,50%,7.5,/en/city/varanasi/events/mauni-amavasya-ganga-snan-varanasi-2026,all terms on page
varanasi se duri,info,1,2,50%,14.5,/en/varanasi-to-ayodhya-taxi,all terms on page
sigra to dlw distance,info,1,1,100%,1.0,/en/city/varanasi/events/chhath-puja-2026-varanasi-guide,all terms on page
siwan se vindhyachal ki duri,info,1,1,100%,1.0,/hi/varanasi-to-vindhyachal-taxi,tokens (2/3)
ujjain me ramghat aarti time,info,1,1,100%,1.0,/en/assi-ghat-evening-aarti-time,tokens (2/4)
namo ghat kab bana hai,info,1,1,100%,2.0,/en/city/varanasi/sightseeing/namo-ghat-varanasi,tokens (2/4)
sarnath temple distance from varanasi,info,1,1,100%,2.0,/en/city/varanasi/taxi/varanasi-to-sarnath-taxi,all terms on page
varanasi time now,info,1,1,100%,2.0,/en/best-time-to-visit-varanasi,all terms on page
weather kanpur,info,1,1,100%,2.0,/en/city/kanpur/taxi/kanpur-to-varanasi-taxi,all terms on page
abhi kitna pani hai,info,1,1,100%,8.0,/en/city/varanasi/food/varanasi-street-food-guide,tokens (1/2)
आज सूर्यास्त का समय,other,9,238867,0%,9.26,/hi/varanasi-sunrise-time,all terms on page
कल सूर्योदय का समय,other,13,73363,0.02%,9.21,/hi/varanasi-sunrise-time,title
आज का सूर्योदय और सूर्यास्त,other,1,29413,0%,9.92,/hi/varanasi-sunrise-time,all terms on page
आज सूर्योदय का समय,other,1,23685,0%,10.56,/hi/varanasi-sunrise-time,all terms on page
आजचा सूर्यास्त,other,0,8019,0%,5.36,/hi/banaras-travel-agency,tokens (4/5)
कल का सूर्योदय और सूर्यास्त,other,0,6973,0%,8.22,/hi/city/varanasi/activities/sunrise-yoga-varanasi-2026,all terms on page
सूर्योदय कल,other,2,6736,0.03%,7.42,/hi/city/varanasi/events/mahindra-kabira-sunrise-music,all terms on page
rathyatra mela 2026,other,52,6509,0.8%,4.01,/en/jagannath-rath-yatra-varanasi-2026,all terms on page
आजचा सूर्योदय,other,0,4934,0%,6.82,/hi/city/varanasi/activities/sunrise-yoga-varanasi-2026,tokens (4/5)
आज सूर्योदय,other,0,4672,0%,10.09,/hi/varanasi-sunrise-time,title
कल सूर्यास्त का समय,other,0,4038,0%,7.82,/hi/city/varanasi/taxi/varanasi-airport-to-tulsi-ghat-taxi,all terms on page
आज सूर्यास्त,other,0,3663,0%,8.87,/hi/navratri-in-vindhyachal-practical-guide,all terms on page
सूर्योदय का समय,other,1,3322,0.03%,11.79,/hi/varanasi-sunrise-time,title
sarnath mandir,other,3,3010,0.1%,4.05,/en/sarnath-buddhist-temple-guide,body
कल सूर्योदय कब होगा,other,0,1893,0%,5.41,/hi/city/varanasi/events/mahindra-kabira-sunrise-music,all terms on page
rathyatra mela 2026 varanasi,other,26,1856,1.4%,3.78,/en/jagannath-rath-yatra-varanasi-2026,all terms on page
ganga snan 2026,other,4,1485,0.27%,3.06,/en/city/varanasi/events/kartik-purnima-ganga-snan-varanasi-2026,slug (all terms)
varanasi ghat,other,2,1452,0.14%,8.94,/en/city/varanasi/activities/84-ghats-boat-tour-varanasi,slug (all terms)
सूर्योदय,other,0,1008,0%,3.92,/hi/city/varanasi/activities/sunrise-yoga-varanasi-2026,title
आज सूर्यास्त कितने बजे,other,0,927,0%,7.36,/hi/varanasi-sunrise-time,all terms on page
monsoon in varanasi 2026,other,47,924,5.09%,2.37,/en/varanasi-in-monsoon-july-september-2026,slug (all terms)
varanasi,other,4,893,0.45%,3.38,/bike-rentals-varanasi,title
बनारस से अयोध्या की दूरी,other,0,840,0%,7.5,/hi/varanasi-to-ayodhya-taxi,all terms on page
kasi tamil sangam registration 2026 tamilnadu online apply last date,other,78,706,11.05%,2.96,/en/city/varanasi/events/kashi-tamil-sangamam-2026-varanasi,tokens (9/10)
kasi tamil sangam registration 2026 tamilnadu online apply,other,61,677,9.01%,4.02,/en/city/varanasi/events/kashi-tamil-sangamam-2026-varanasi,body
वाराणसी से अयोध्या की दूरी,other,0,622,0%,8.18,/hi/city/ayodhya/taxi/ayodhya-to-varanasi-taxi,all terms on page
rath yatra varanasi,other,7,571,1.23%,8.18,/en/jagannath-rath-yatra-varanasi-2026,slug
assi ghat aarti,other,0,553,0%,7.91,/en/assi-ghat-aarti-timings-2026,title
kasi tamil sangam registration 2026 tamilnadu online,other,25,515,4.85%,4.61,/en/city/varanasi/events/kashi-tamil-sangamam-2026-varanasi,body
varanasi airport to kashi vishwanath temple,other,5,507,0.99%,4.66,/en/city/varanasi/taxi/varanasi-airport-to-kashi-vishwanath-taxi,body
आज सूर्योदय कितने बजे होगा,other,0,472,0%,11.5,/hi/varanasi-sunrise-time,all terms on page
सूर्यास्त का समय,other,0,466,0%,12.01,/hi/city/varanasi/sightseeing/namo-ghat-varanasi,body
rathyatra varanasi,other,2,457,0.44%,9.26,/en/jagannath-rath-yatra-varanasi-2026,all terms on page
ganga snan 2026 november,other,2,431,0.46%,2.41,/en/city/varanasi/events/kartik-purnima-ganga-snan-varanasi-2026,all terms on page
सूर्यास्त का समय आज का वाराणसी,other,0,424,0%,10.12,/hi/varanasi-sunrise-time,all terms on page
ravan dahan 2026,other,1,401,0.25%,5.91,/en/dussehra-ravana-dahan-varanasi-oct-2,tokens (2/3)
sarnath temple,other,2,394,0.51%,6.8,/en/sarnath-timing-visit-guide,title
कल सूर्यास्त कब होगा,other,0,385,0%,9.72,/hi/city/varanasi/events/mahindra-kabira-sunrise-music,all terms on page
dashashwamedh ghat aarti,other,0,369,0%,8.15,/en/city/varanasi/sightseeing/dashashwamedh-ghat-boat-ride-ganga-aarti-guide,slug (all terms)
upcoming festivals in india,other,0,358,0%,1.0,/en/safety-and-security-in-varanasi-guide-for-solo-travellar,all terms on page
varanasi airport to varanasi railway station,other,0,338,0%,5.35,/en/city/varanasi/taxi/varanasi-airport-to-banaras-railway-station-taxi,slug (all terms)
आज सूर्य अस्त का समय,other,0,333,0%,10.14,/hi/varanasi-sunrise-time,all terms on page
urbania interior,other,0,324,0%,1.03,/en/force-urbania-hire-varanasi,body
sun rise in varanasi,other,0,318,0%,6.98,/en/ayodhya-varanasi-prayagraj-group-tour-package,all terms on page
कल सुबह का सूर्योदय,other,0,318,0%,8.16,/hi/city/varanasi/events/mahindra-kabira-sunrise-music,all terms on page
varanasi rath yatra,other,2,301,0.66%,7.81,/en/jagannath-rath-yatra-varanasi-2026,slug (all terms)
बनारस की दूरी,other,0,296,0%,5.78,/hi/varanasi-to-vindhyachal-taxi,body
आज का सूर्यास्त,other,0,289,0%,10.81,/hi/navratri-in-vindhyachal-practical-guide,all terms on page
manikarnika ghat,other,1,287,0.35%,5.07,/en/city/varanasi/taxi/manikarnika-ghat-cremation-guide,title
sarnath pillar,other,0,279,0%,2.48,/en/ashoka-pillar-sarnath-guide,slug (all terms)
सूर्योदय सूर्यास्त,other,0,278,0%,9.27,/hi/city/varanasi/activities/84-ghat-naav-tour-varanasi,body
sarnath,other,7,273,2.56%,3.67,/en/ashoka-pillar-sarnath-guide,title
काशी विश्वनाथ मंदिर दर्शन समय,other,1,266,0.38%,11.89,/hi/city/varanasi/sightseeing/kashi-vishwanath-mandir-ganga-aarti-yatra-2026,all terms on page
total ghats in varanasi,other,0,264,0%,10.64,/en/city/varanasi/activities/84-ghats-boat-tour-varanasi,all terms on page
rath yatra 2026 varanasi,other,9,259,3.47%,1.94,/en/jagannath-rath-yatra-varanasi-2026,slug (all terms)
आज सूर्योदय कब होगा,other,0,253,0%,10.42,/hi/varanasi-sunrise-time,all terms on page
rathyatra mela varanasi,other,2,237,0.84%,7.21,/en/jagannath-rath-yatra-varanasi-2026,all terms on page
jagannath mela 2026,other,0,227,0%,7.09,/en/jagannath-rath-yatra-varanasi-2026,all terms on page
rathyatra mela varanasi 2026,other,3,226,1.33%,3.32,/en/jagannath-rath-yatra-varanasi-2026,all terms on page
kashi tamil sangamam 2026,other,13,222,5.86%,3.01,/en/city/varanasi/events/kashi-tamil-sangamam-2026-varanasi,title
kartik snan 2026,other,0,222,0%,4.91,/en/city/varanasi/events/kartik-purnima-ganga-snan-varanasi-2026,slug (all terms)
बनारस में कितने घाट है,other,1,215,0.47%,5.41,/hi/how-many-days-in-varanasi,all terms on page
ganga snan 2026 date november,other,3,212,1.42%,1.98,/en/city/varanasi/events/kartik-purnima-ganga-snan-varanasi-2026,all terms on page
yes,other,4,211,1.9%,5.89,/,body
बनारस से विंध्याचल की दूरी,other,2,208,0.96%,3.01,/hi/varanasi-to-vindhyachal-taxi,body
varanasi rathyatra mela 2026,other,6,204,2.94%,2.72,/en/jagannath-rath-yatra-varanasi-2026,all terms on page
बनारस से विंध्याचल कितना किलोमीटर है,other,6,204,2.94%,2.94,/hi/travel-from-varanasi-to-vindhyachal,all terms on page
विंध्याचल से बनारस की दूरी,other,2,199,1.01%,2.44,/hi/varanasi-to-vindhyachal-taxi,body
morning aarti at assi ghat,other,2,199,1.01%,6.03,/en/assi-ghat-morning-aarti-time,slug (all terms)
varanasi to ayodhya,other,3,197,1.52%,6.47,/en/services/varanasi-ayodhya-prayagraj-pilgrimage-taxi,title
rathyatra mela 2026 in varanasi,other,6,191,3.14%,3.8,/en/jagannath-rath-yatra-varanasi-2026,all terms on page
nati imli varanasi,other,1,184,0.54%,6.15,/en/bharat-milap-nati-imli-oct-3,body
varanasi temperature in december,other,2,178,1.12%,7.13,/en/varanasi-in-december-2026,all terms on page
"sarnath buddhist temple sarnath station road pandeypur sarnath varanasi 
uttar pradesh",other,1,174,0.57%,6.44,/en/sarnath-buddhist-temple-guide,tokens (4/9)
ganga snan november 2026,other,7,169,4.14%,1.79,/en/city/varanasi/events/kartik-purnima-ganga-snan-varanasi-2026,all terms on page
mahindra kabira festival 2026,other,1,160,0.62%,7.97,/en/city/varanasi/events/mahindra-kabira-festival-2026-varanasi,title
varanasi to vindhyachal bus,other,1,150,0.67%,7.55,/en/travel-from-varanasi-to-vindhyachal,all terms on page
वाराणसी में कितने घाट है,other,2,143,1.4%,3.91,/hi/scindia-ghat-submerged-temple,all terms on page
वाराणसी से प्रयागराज की दूरी,other,1,138,0.72%,9.11,/hi/varanasi-to-prayagraj-taxi,body
sarnath varanasi,other,2,136,1.47%,7.18,/en/city/varanasi/taxi/varanasi-to-sarnath-taxi,slug (all terms)
sarnath museum,other,8,130,6.15%,2.08,/en/sarnath-attractions-guide,body
jagannath rath yatra varanasi,other,2,130,1.54%,5.62,/en/jagannath-rath-yatra-varanasi-2026,slug
sarnath temple varanasi,other,2,130,1.54%,6.54,/en/city/varanasi/taxi/varanasi-to-sarnath-taxi,all terms on page
rath yatra in varanasi,other,4,128,3.12%,5.42,/en/jagannath-rath-yatra-varanasi-2026,slug (all terms)
varanasi rath yatra mela,other,3,128,2.34%,8.01,/en/jagannath-rath-yatra-varanasi-2026,all terms on page
काशी विश्वनाथ मंदिर दर्शन समय आज का,other,1,124,0.81%,11.94,/hi/city/varanasi/sightseeing/kashi-vishwanath-mandir-ganga-aarti-yatra-2026,all terms on page
बनारस गंगा आरती का समय,other,2,123,1.63%,6.35,/hi/assi-ghat-aarti-timings-2026,all terms on page
kasi tamil sangam registration 2026,other,13,122,10.66%,3.14,/en/city/varanasi/events/kashi-tamil-sangamam-2026-varanasi,body
rath er mela 2026,other,1,121,0.83%,7.45,/en/jagannath-rath-yatra-varanasi-2026,tokens (3/4)
गंगा आरती वाराणसी टाइमिंग,other,2,119,1.68%,7.58,/hi/city/varanasi/sightseeing/namo-ghat-varanasi,all terms on page
kasi tamil sangam registration 2026 tamilnadu online last date,other,11,117,9.4%,3.0,/en/city/varanasi/events/kashi-tamil-sangamam-2026-varanasi,tokens (8/9)
बनारस से विन्ध्याचल की दूरी,other,5,117,4.27%,2.93,/hi/varanasi-to-vindhyachal-itinerary,all terms on page
kashi vishwanath,other,1,115,0.87%,3.5,/en/city/varanasi/sightseeing/kashi-vishwanath-temple-ganga-aarti-spiritual-journey-2026,title
वाराणसी से अयोध्या कितने किलोमीटर है,other,1,114,0.88%,6.28,/hi/city/ayodhya/taxi/ayodhya-to-varanasi-taxi,all terms on page
सूर्योदय का समय आज का वाराणसी,other,1,111,0.9%,7.05,/hi/varanasi-sunrise-time,all terms on page
banaras ke ghat,other,1,110,0.91%,9.29,/en/city/varanasi/activities/84-ghats-boat-tour-varanasi,slug (all terms)
rath yatra 2026 in varanasi,other,3,108,2.78%,1.94,/en/jagannath-rath-yatra-varanasi-2026,slug (all terms)
kashi vishwanath ghat name,other,1,106,0.94%,6.71,/en/city/varanasi/activities/84-ghats-boat-tour-varanasi,all terms on page
rath yatra mela 2026 varanasi,other,8,100,8%,4.2,/en/jagannath-rath-yatra-varanasi-2026,title
वाराणसी से विंध्याचल की दूरी,other,2,98,2.04%,2.94,/hi/varanasi-to-vindhyachal-taxi,body
varanasi mela 2026,other,2,98,2.04%,3.69,/en/city/prayagraj/events/magh-mela-2026-travel-guide-varanasi,slug (all terms)
बनारस से सारनाथ की दूरी,other,1,95,1.05%,8.55,/hi/tourist-spots-varanasi,all terms on page
kasi tamil sangam registration online tamilnadu login,other,2,94,2.13%,6.05,/en/city/varanasi/events/kashi-tamil-sangamam-2026-varanasi,tokens (6/7)
वाराणसी से विन्ध्याचल की दूरी,other,3,90,3.33%,2.94,/hi/varanasi-to-vindhyachal-itinerary,all terms on page
काशी विश्वनाथ मंदिर दर्शन टिकट,other,1,90,1.11%,11.14,/hi/city/varanasi/sightseeing/kashi-vishwanath-mandir-ganga-aarti-yatra-2026,all terms on page
बनारस में घूमने के लिए कितने दिन चाहिए,other,1,89,1.12%,8.44,/hi/how-many-days-in-varanasi,all terms on page
jagannath rath yatra 2026 varanasi,other,1,88,1.14%,2.41,/en/jagannath-rath-yatra-varanasi-2026,slug (all terms)
varanasi monsoon 2026,other,5,86,5.81%,2.98,/en/varanasi-in-monsoon-july-september-2026,slug (all terms)
काशी घाट,other,1,86,1.16%,10.62,/hi/assi-ghat-aarti-timings-2026,all terms on page
kasi tamil sangam registration 2026 tamilnadu online apply form,other,6,85,7.06%,4.72,/en/city/varanasi/events/kashi-tamil-sangamam-2026-varanasi,tokens (8/9)
places to visit in sarnath,other,1,84,1.19%,3.1,/en/sarnath-complete-guide,body
बनारस से अयोध्या की दूरी कितनी है,other,1,84,1.19%,7.68,/hi/varanasi-to-ayodhya-taxi,all terms on page
বেনারস থেকে অযোধ্যা দূরত্ব,other,3,83,3.61%,4.82,,UNMATCHED
jagannath rath yatra 2026 in varanasi,other,6,80,7.5%,2.48,/en/jagannath-rath-yatra-varanasi-2026,slug (all terms)
dashashwamedh ghat in hindi,other,1,80,1.25%,10.24,/hi/dashashwamedh-ghat-detailed-guide,all terms on page
kasi tamil sangam registration,other,7,79,8.86%,5.32,/en/city/varanasi/events/kashi-tamil-sangamam-2026-varanasi,body
बनारस से विंध्याचल कितना दूर है,other,1,79,1.27%,2.99,/hi/travel-from-varanasi-to-vindhyachal,all terms on page
monsoon in varanasi 2026 date,other,4,77,5.19%,1.79,/en/varanasi-in-monsoon-july-september-2026,all terms on page
varanasi to vindhyachal,other,2,77,2.6%,7.43,/en/navratri-pilgrimage-vindhyachal-from-varanasi-guide,title
kasi tamil sangam 2026,other,4,76,5.26%,2.91,/en/city/varanasi/events/kashi-tamil-sangamam-2026-varanasi,body
kashi vishwanath temple dress code for ladies,other,2,75,2.67%,2.81,/en/city/varanasi/sightseeing/kashi-vishwanath-temple-ganga-aarti-spiritual-journey-2026,all terms on page
varanasi temperature in july 2026,other,1,75,1.33%,9.07,/en/city/varanasi/activities/ganga-aarti-timing-varanasi-2026,all terms on page
वाराणसी से विंध्याचल मंदिर की दूरी,other,3,74,4.05%,2.85,/hi/travel-from-varanasi-to-vindhyachal,all terms on page
rathyatra in varanasi,other,2,71,2.82%,6.25,/en/jagannath-rath-yatra-varanasi-2026,all terms on page
kashi dress code,other,3,70,4.29%,2.73,/en/services/kashi-vishwanath-temple-dress-code-rules,slug (all terms)
where is manikarnika ghat,other,1,70,1.43%,2.5,/en/manikarnika-ghat-sacred-cremation-grounds,body
varanasi to vindhyavasini,other,3,69,4.35%,3.65,/en/varanasi-to-vindhyachal-taxi,body
jagannath rath yatra varanasi 2026,other,2,69,2.9%,3.49,/en/jagannath-rath-yatra-varanasi-2026,slug
rath yatra mela varanasi 2026,other,11,67,16.42%,3.57,/en/jagannath-rath-yatra-varanasi-2026,all terms on page
ganga mahotsav,other,1,67,1.49%,9.03,/en/ganga-mahotsav-2026-classical-festival-varanasi,title
trikon parikrama vindhyachal,other,3,66,4.55%,1.52,/en/trikon-parikrama-vindhyachal-complete-guide,slug
sarnath places to visit,other,1,66,1.52%,1.59,/en/sarnath-timing-visit-guide,all terms on page
varanasi dress code,other,2,65,3.08%,1.98,/en/services/kashi-vishwanath-temple-dress-code-rules,slug (all terms)
காசி தமிழ் சங்கமம் 2026,other,19,62,30.65%,2.53,/en/city/varanasi/events/kashi-tamil-sangamam-2026-varanasi,tokens (4/7)
varanasi in july,other,1,61,1.64%,7.21,/en/varanasi-in-monsoon-july-september-2026,slug (all terms)
दशाश्वमेध घाट आरती समय,other,3,60,5%,2.4,/hi/dashashwamedh-ghat-ganga-aarti-timing,title
kasi tamil sangam registration online tamilnadu login app download,other,3,60,5%,4.83,/en/city/varanasi/events/kashi-tamil-sangamam-2026-varanasi,tokens (8/9)
काशी में कितने घाट हैं,other,1,60,1.67%,6.25,/hi/scindia-ghat-submerged-temple,all terms on page
बनारस में कुल कितने घाट हैं,other,1,58,1.72%,6.05,/hi/how-many-days-in-varanasi,all terms on page
रथयात्रा मेला 2026,other,1,58,1.72%,7.05,/hi/city/prayagraj/events/magh-mela-2026-travel-guide-varanasi,tokens (5/6)
varanasi in november,other,1,56,1.79%,6.84,/en/varanasi-in-november-2026-insider-guide,title
varanasi festivals 2026,other,2,55,3.64%,4.67,/en/city/varanasi/events/mahindra-kabira-festival-2026-varanasi,slug (all terms)
sarnath tourist places,other,1,55,1.82%,6.45,/en/sarnath-complete-guide,all terms on page
when monsoon starts in varanasi 2026,other,4,54,7.41%,1.65,/en/holi-2026-varanasi-guide,all terms on page
vindhyachal trikon yatra,other,3,54,5.56%,3.19,/en/city/varanasi/taxi/varanasi-airport-to-mirzapur-vindhyachal-taxi,all terms on page
morning aarti in varanasi,other,2,52,3.85%,5.33,/en/assi-ghat-morning-aarti-time,all terms on page
वाराणसी से काशी की दूरी,other,1,51,1.96%,6.82,/hi/city/ayodhya/taxi/ayodhya-to-varanasi-taxi,all terms on page
kasi tamil sangam registration online,other,6,50,12%,4.92,/en/city/varanasi/events/kashi-tamil-sangamam-2026-varanasi,all terms on page
बनारस में कितने घाट है उनके नाम,other,3,50,6%,4.42,/hi/city/khajuraho/taxi/varanasi-to-khajuraho-taxi,all terms on page
rathyatra 2026 varanasi,other,1,50,2%,2.7,/en/jagannath-rath-yatra-varanasi-2026,all terms on page
varanasi to vindhyavasini temple,other,1,50,2%,4.72,/en/varanasi-to-vindhyachal-taxi,body
वाराणसी से सारनाथ की दूरी,other,1,49,2.04%,5.94,/hi/city/varanasi/taxi/varanasi-to-sarnath-taxi,body
ganga snan date in november 2026,other,1,48,2.08%,2.31,/en/city/varanasi/events/kartik-purnima-ganga-snan-varanasi-2026,all terms on page
rath yatra mela in varanasi,other,1,47,2.13%,8.96,/en/jagannath-rath-yatra-varanasi-2026,all terms on page
वाराणसी से अयोध्या पैसेंजर ट्रेन,other,1,47,2.13%,9.98,/hi/varanasi-to-ayodhya-day-trip-tempo-traveller,all terms on page
dress for banaras trip female,other,1,46,2.17%,5.46,/en/is-varanasi-safe-for-solo-female-travellers,all terms on page
वाराणसी में गंगा आरती का समय,other,1,45,2.22%,6.78,/hi/city/varanasi/activities/ganga-aarti-samay-varanasi-2026,body
ganga mahotsav 2026,other,3,44,6.82%,2.18,/en/ganga-mahotsav-2026-classical-festival-varanasi,title
बनारस से विंध्याचल की दूरी कितनी है,other,1,44,2.27%,3.02,/hi/travel-from-varanasi-to-vindhyachal,all terms on page
लोलार्क कुंड का स्नान कब है 2026,other,1,43,2.33%,1.95,/hi/city/varanasi/shopping/banarasi-silk-saree-shopping-varanasi-2026,all terms on page
rathyatra mela 2026 date,other,1,43,2.33%,3.79,/en/jagannath-rath-yatra-varanasi-2026,all terms on page
बनारस में गंगा आरती का समय,other,3,42,7.14%,6.86,/hi/assi-ghat-aarti-timings-2026,all terms on page
बनारस से बिनधाचल की दूरी,other,1,40,2.5%,2.98,/hi/banaras-travel-agency,tokens (7/9)
rathyatra mela varanasi date,other,1,39,2.56%,3.23,/en/jagannath-rath-yatra-varanasi-2026,all terms on page
kasitamil sangam,other,1,39,2.56%,8.56,/en/varanasi-to-triveni-sangam-tempo-traveller,tokens (1/2)
trikon yatra vindhyachal,other,6,38,15.79%,1.5,/en/city/varanasi/taxi/varanasi-airport-to-mirzapur-vindhyachal-taxi,all terms on page
banaras lit fest 2026,other,1,38,2.63%,6.16,/en/city/varanasi/events/banaras-lit-fest-2026-corporate-mobility-partner,title
varanasi to nepal by road,other,1,36,2.78%,5.83,/en/city/nepal/taxi/varanasi-to-nepal-taxi,body
jagannath yatra varanasi,other,2,35,5.71%,2.8,/en/jagannath-rath-yatra-varanasi-2026,slug (all terms)
what to wear in varanasi,other,2,35,5.71%,3.4,/en/what-to-wear-in-varanasi,title
vindhyachal trikon parikrama,other,1,35,2.86%,1.63,/en/trikon-parikrama-vindhyachal-complete-guide,slug (all terms)
monsoon 2026 start date in varanasi,other,2,34,5.88%,1.68,/en/city/varanasi/events/chhath-puja-2026-varanasi-guide,all terms on page
dasaswamedh ghat,other,1,34,2.94%,4.88,/en/city/varanasi/sightseeing/dashashwamedh-ghat-boat-ride-ganga-aarti-guide,body
kasi tamil sangam registration online tamilnadu login app,other,1,34,2.94%,5.35,/en/city/varanasi/events/kashi-tamil-sangamam-2026-varanasi,tokens (7/8)
varanasi ke ghat,other,1,34,2.94%,8.32,/hi/varanasi-ke-ghaton-ke-liye-guide,slug
varanasi to sarnath,other,1,34,2.94%,12.29,/en/city/varanasi/taxi/varanasi-to-sarnath-taxi,title
kashi tamil sangamam 2026 registration,other,4,33,12.12%,4.55,/en/city/varanasi/events/kashi-tamil-sangamam-2026-varanasi,all terms on page
varanasi boat ride,other,3,33,9.09%,17.97,/en/morning-boat-ride-varanasi-price,title
kartik ganga snan 2026 date,other,1,33,3.03%,1.7,/en/city/varanasi/events/kartik-purnima-ganga-snan-varanasi-2026,all terms on page
varanasi to vindhyachal mandir mirzapur,other,1,33,3.03%,6.18,/en/city/varanasi/taxi/varanasi-airport-to-mirzapur-vindhyachal-taxi,all terms on page
november ganga snan 2026,other,3,32,9.38%,1.59,/en/city/varanasi/events/kartik-purnima-ganga-snan-varanasi-2026,all terms on page
places to visit in sarnath varanasi,other,1,32,3.12%,1.12,/en/sarnath-timing-visit-guide,all terms on page
varanasi temperature in october,other,1,32,3.12%,5.06,/en/varanasi-in-october-2026,all terms on page
monsoon in varanasi,other,1,31,3.23%,2.45,/en/varanasi-in-monsoon-july-september-2026,slug (all terms)
विंध्याचल त्रिकोण यात्रा,other,2,30,6.67%,1.47,/hi/navratri-in-vindhyachal-practical-guide,all terms on page
outfits to wear in banaras,other,1,30,3.33%,5.63,/en/city/varanasi/events/kartik-purnima-ganga-snan-varanasi-2026,all terms on page
varanasi rathyatra,other,1,29,3.45%,7.9,/en/jagannath-rath-yatra-varanasi-2026,all terms on page
haa,other,2,28,7.14%,5.11,/en/banaras-food-trail-breakfast-to-late-night,title
ganga aarti,other,1,28,3.57%,3.75,/en/city/varanasi/activities/ganga-aarti-timing-varanasi-2026,title
banaras mein kaun-kaun sa ghat hai,other,1,28,3.57%,5.71,/en/city/varanasi/activities/84-ghats-boat-tour-varanasi,tokens (2/5)
वाराणसी में कितने घाट हैं,other,1,27,3.7%,3.7,/hi/scindia-ghat-submerged-temple,all terms on page
vindhyachal me rukne ki jagah,other,1,27,3.7%,4.22,/en/city/varanasi/taxi/varanasi-airport-to-mirzapur-vindhyachal-taxi,tokens (1/3)
kashi vishwanath temple nearest airport,other,1,27,3.7%,11.07,/en/services/varanasi-airport-to-city-cab,all terms on page
varanasi rath yatra 2026,other,2,26,7.69%,4.12,/en/jagannath-rath-yatra-varanasi-2026,slug (all terms)
varanasi temperature today,other,1,26,3.85%,2.27,/en/city/varanasi/activities/ganga-aarti-timing-varanasi-2026,all terms on page
varanasi airport to kashi temple,other,1,26,3.85%,3.77,/en/city/varanasi/taxi/varanasi-airport-to-kashi-vishwanath-taxi,body
kasi tamil sangam registration online tamilnadu last date,other,1,26,3.85%,4.96,/en/city/varanasi/events/kashi-tamil-sangamam-2026-varanasi,tokens (7/8)
varanasi se vindhyachal kaise jaye,other,1,26,3.85%,6.15,/en/city/varanasi/taxi/varanasi-airport-to-mirzapur-vindhyachal-taxi,tokens (2/4)
kashi tamil sangamam 2026 venue,other,5,25,20%,2.16,/en/city/varanasi/events/kashi-tamil-sangamam-2026-varanasi,all terms on page
sarnath visiting places,other,2,25,8%,5.2,/en/sarnath-complete-guide,all terms on page
बनारस से विंध्याचल कितनी दूर है,other,1,25,4%,2.8,/hi/travel-from-varanasi-to-vindhyachal,all terms on page
banaras to vindhyachal,other,1,25,4%,7.24,/en/city/varanasi/taxi/varanasi-airport-to-mirzapur-vindhyachal-taxi,slug (all terms)
banaras literature festival 2026,other,1,25,4%,8.16,/en/city/varanasi/events/banaras-lit-fest-2026-taxi-booking,all terms on page
trikon darshan vindhyachal,other,2,24,8.33%,2.29,/en/trikon-parikrama-vindhyachal-complete-guide,all terms on page
काशी गंगा आरती टाइम,other,2,24,8.33%,4.88,/hi/assi-ghat-aarti-timings-2026,all terms on page
काशी विश्वनाथ मंदिर के पास धर्मशाला,other,2,24,8.33%,5.75,/hi/services/dharamshala-near-kashi-vishwanath-temple-varanasi,title
काशी के घाट,other,1,24,4.17%,8.42,/hi/assi-ghat-aarti-timings-2026,all terms on page
बनारस में गंगा आरती शाम को कितने बजे होती है,other,2,23,8.7%,3.09,/hi/assi-ghat-aarti-timings-2026,all terms on page
ashok stambh,other,1,23,4.35%,3.17,/en/ashoka-pillar-sarnath-guide,body
काशी विश्वनाथ गंगा आरती का समय,other,1,23,4.35%,5.3,/hi/city/varanasi/sightseeing/kashi-vishwanath-mandir-ganga-aarti-yatra-2026,all terms on page
banaras in october,other,1,23,4.35%,8.48,/en/varanasi-in-october-2026,slug (all terms)
varanasi cremation ghats,other,1,23,4.35%,8.65,/en/city/varanasi/activities/84-ghats-boat-tour-varanasi,all terms on page
kashi free trip tamil nadu,other,1,23,4.35%,9.74,/en/city/varanasi/events/kashi-tamil-sangamam-2026-varanasi,all terms on page
காசி தமிழ் சங்கம் பதிவு 2026,other,5,22,22.73%,2.0,/en/city/varanasi/events/kashi-tamil-sangamam-2026-varanasi,tokens (6/9)
monsoon 2026 varanasi,other,3,22,13.64%,2.95,/en/varanasi-in-monsoon-july-september-2026,slug (all terms)
when does ganga aarti start in dashashwamedh ghat,other,2,22,9.09%,3.41,/en/city/varanasi/sightseeing/dashashwamedh-ghat-boat-ride-ganga-aarti-guide,all terms on page
evening aarti at assi ghat,other,2,22,9.09%,4.91,/en/assi-ghat-evening-aarti-time,slug (all terms)
tomorrow ganga snan,other,1,22,4.55%,2.27,/en/city/varanasi/events/mauni-amavasya-ganga-snan-varanasi-2026,all terms on page
varanasi airport to temple,other,1,22,4.55%,2.45,/en/city/varanasi/sightseeing/kashi-vishwanath-temple-ganga-aarti-spiritual-journey-2026,all terms on page
purnima ganga snan,other,1,22,4.55%,4.64,/en/city/varanasi/events/kartik-purnima-ganga-snan-varanasi-2026,title
varanasi december temperature,other,1,22,4.55%,6.23,/en/varanasi-in-december-2026,all terms on page
is belt allowed in kashi vishwanath temple,other,1,22,4.55%,9.05,/en/city/varanasi/sightseeing/kashi-vishwanath-temple-ganga-aarti-spiritual-journey-2026,all terms on page
top 10 street food in varanasi,other,1,22,4.55%,9.27,/en/city/varanasi/food/varanasi-street-food-guide,all terms on page
mahindra kabira festival 2026 dates,other,2,21,9.52%,4.71,/en/city/varanasi/events/mahindra-kabira-festival-2026-varanasi,all terms on page
ghat in varanasi,other,1,21,4.76%,1.95,/en/city/varanasi/activities/84-ghats-boat-tour-varanasi,slug (all terms)
सारनाथ,other,1,20,5%,2.1,/hi/ashoka-pillar-sarnath-guide,title
varanasi airport to railway station,other,1,20,5%,4.25,/en/city/varanasi/taxi/varanasi-airport-to-banaras-railway-station-taxi,slug (all terms)
बनारस से विंध्याचल कितने किलोमीटर है,other,2,19,10.53%,2.84,/hi/travel-from-varanasi-to-vindhyachal,all terms on page
when will monsoon arrive in varanasi 2026,other,1,19,5.26%,2.95,/en/holi-2026-varanasi-guide,all terms on page
kashi tamil sangam,other,1,19,5.26%,9.84,/en/city/varanasi/events/kashi-tamil-sangamam-2026-varanasi,title
things to do in varanasi,other,1,19,5.26%,11.11,/en/city/varanasi/travel-guide/varanasi-in-january-2026,body
sarnath stupa,other,1,19,5.26%,12.89,/en/sarnath-complete-guide,body
लोलार्क कुंड स्नान 2026 कब है,other,1,18,5.56%,2.0,/hi/city/varanasi/shopping/banarasi-silk-saree-shopping-varanasi-2026,all terms on page
rathyatra mela in varanasi 2026,other,1,18,5.56%,2.61,/en/jagannath-rath-yatra-varanasi-2026,all terms on page
दशाश्वमेध घाट आरती टाइम,other,1,18,5.56%,2.83,/hi/dashashwamedh-ghat-ganga-aarti-timing,all terms on page
banaras ke 84 ghato ke naam,other,1,18,5.56%,4.44,/en/city/varanasi/activities/84-ghats-boat-tour-varanasi,tokens (2/4)
dress to wear in varanasi,other,1,18,5.56%,4.61,/en/services/kashi-vishwanath-temple-dress-code-rules,all terms on page
kasi tamil sangam registration online tamilnadu,other,1,18,5.56%,5.72,/en/city/varanasi/events/kashi-tamil-sangamam-2026-varanasi,all terms on page
langda mango season,other,1,18,5.56%,7.67,/en/langda-mango-season-varanasi-2026,title
ठठेरी बाजार,other,1,18,5.56%,11.28,/hi/city/varanasi/food/malaiyo-varanasi-guide,title
banaras me kon kon se ghat hai,other,1,17,5.88%,4.65,/en/city/varanasi/activities/84-ghats-boat-tour-varanasi,tokens (2/3)
लोलार्क छठ कब है 2026,other,2,16,12.5%,1.0,/hi/varanasi-in-october-2026,tokens (5/7)
kashi tamil sangam contact number whatsapp number,other,2,16,12.5%,6.81,/en/bus/kashi-yatra-south-india-bus-package,all terms on page
how far is varanasi airport from kashi vishwanath temple,other,1,16,6.25%,1.94,/en/city/varanasi/sightseeing/kashi-vishwanath-temple-ganga-aarti-spiritual-journey-2026,all terms on page
लोलार्क छठ 2026,other,1,16,6.25%,3.44,/hi/city/varanasi/taxi/varanasi-airport-to-ddu-junction-taxi,all terms on page
वाराणसी से कुशीनगर की दूरी,other,1,16,6.25%,5.56,/hi/city/kushinagar/taxi/varanasi-to-kushinagar-taxi,all terms on page
mahindra kabira festival,other,1,16,6.25%,8.19,/en/city/varanasi/events/mahindra-kabira-festival-2026-varanasi,title
sarnath me ghumne ki jagah,other,1,15,6.67%,1.93,/en/ashoka-pillar-sarnath-guide,tokens (1/3)
सारनाथ टेम्पल वाराणसी,other,1,15,6.67%,1.93,/hi/city/varanasi/tour-packages/same-day-varanasi-tour,all terms on page
rathyatra varanasi 2026,other,1,15,6.67%,2.87,/en/jagannath-rath-yatra-varanasi-2026,all terms on page
temperature in varanasi in november,other,1,15,6.67%,6.6,/en/varanasi-in-november-2026-insider-guide,all terms on page
varanasi to nepal by car,other,1,14,7.14%,1.86,/en/how-to-reach-varanasi,all terms on page
ganga utsav 2026,other,1,14,7.14%,4.0,/en/city/varanasi/events/makar-sankranti-ganga-snan-varanasi-2026,all terms on page
plan a varanasi trip focused on spirituality,other,1,14,7.14%,26.29,/en/city/varanasi/activities/sunrise-yoga-varanasi-2026,all terms on page
when monsoon come in varanasi,other,1,13,7.69%,1.15,/en/varanasi-in-monsoon-july-september-2026,all terms on page
ghats in varanasi,other,1,13,7.69%,2.85,/en/city/varanasi/activities/84-ghats-boat-tour-varanasi,slug (all terms)
ayodhya,other,1,13,7.69%,3.38,/en/ayodhya-varanasi-prayagraj-group-tour-package,title
बनारस से कुशीनगर की दूरी,other,1,13,7.69%,4.69,/hi/varanasi-to-kushinagar-tempo-traveller,all terms on page
yes please,other,1,13,7.69%,6.54,/en/17-seater-tempo-traveller-varanasi,all terms on page
vindhyachal trikon,other,1,12,8.33%,2.0,/en/trikon-parikrama-vindhyachal-complete-guide,slug (all terms)
boating in varanasi,other,1,12,8.33%,2.25,/en/city/gorakhpur/taxi/varanasi-to-gorakhpur-taxi,all terms on page
varanasi vindhyachal mandir,other,1,12,8.33%,5.33,/en/city/varanasi/taxi/varanasi-airport-to-mirzapur-vindhyachal-taxi,all terms on page
காசி தமிழ் சங்கம் பதிவு 2026 தமிழ்நாடு ஆன்லைன்,other,2,11,18.18%,3.91,/en/city/varanasi/events/kashi-tamil-sangamam-2026-varanasi,tokens (7/14)
बनारस घूमने में कितना खर्चा आता है,other,1,11,9.09%,4.64,/hi/how-many-days-in-varanasi,all terms on page
varanasi monsoon,other,1,11,9.09%,5.73,/en/varanasi-in-monsoon-july-september-2026,slug (all terms)
varanasi jagannath rath yatra,other,1,11,9.09%,8.91,/en/jagannath-rath-yatra-varanasi-2026,slug (all terms)
sarnath temple varanasi uttar pradesh,other,1,11,9.09%,23.36,/en/city/varanasi/taxi/varanasi-to-sarnath-taxi,all terms on page
street food near dashashwamedh ghat,other,1,9,11.11%,9.33,/en/city/varanasi/food/varanasi-street-food-guide,all terms on page
best street food in varanasi,other,1,9,11.11%,14.56,/en/city/varanasi/food/varanasi-street-food-guide,body
shivpur rathyatra mela,other,2,8,25%,4.25,/en/city/prayagraj/events/magh-mela-2026-travel-guide-varanasi,tokens (1/3)
batao,other,1,8,12.5%,5.0,,UNMATCHED
हां।,other,1,8,12.5%,5.38,/hi/ayodhya-varanasi-prayagraj-group-tour-package,title
हां,other,1,8,12.5%,6.25,/hi/ayodhya-varanasi-prayagraj-group-tour-package,title
senior citizen darshan at kashi vishwanath temple,other,1,8,12.5%,7.75,/en/services/kashi-vishwanath-darshan-senior-citizen-wheelchair,all terms on page
where is ashoka pillar located in india,other,1,8,12.5%,10.0,/en/ashoka-pillar-sarnath-guide,all terms on page
visiting varanasi in july,other,1,7,14.29%,8.71,/en/varanasi-in-monsoon-july-september-2026,all terms on page
sarnath visit,other,1,6,16.67%,1.0,/en/sarnath-complete-guide,title
things to see in sarnath,other,1,6,16.67%,1.33,/en/sarnath-attractions-guide,all terms on page
hindi,other,1,6,16.67%,2.83,/hi/dev-deepawali-crowd-survival-guide-varanasi,title
outfit for varanasi trip men,other,1,6,16.67%,5.83,/en/city/varanasi/events/kartik-purnima-ganga-snan-varanasi-2026,all terms on page
ashoka sarnath,other,1,6,16.67%,12.5,/en/ashoka-pillar-sarnath-guide,slug (all terms)
banaras ke aas paas ghumne ki jagah,other,1,5,20%,1.4,/en/services/hotel-booking-in-varanasi,tokens (2/5)
सारनाथ अशोक स्तंभ कोणत्या राज्यात आहे,other,1,5,20%,9.8,/hi/sarnath-complete-guide,tokens (10/12)
how to go nepal from varanasi,other,1,4,25%,1.0,/en/city/gorakhpur/taxi/varanasi-to-gorakhpur-taxi,all terms on page
banaras sarnath mandir,other,1,4,25%,1.75,/en/city/varanasi/tour-packages/ayodhya-varanasi-tour,all terms on page
top 5 places to visit in varanasi,other,1,4,25%,2.0,/en/varanasi-sightseeing-complete-guide,all terms on page
vindhyachal temple varanasi,other,1,4,25%,4.0,/en/varanasi-to-prayagraj-taxi,body
prayagraj to varanasi,other,1,4,25%,4.75,/en/city/prayagraj/taxi/prayagraj-to-varanasi-taxi,title
ashok chakra sarnath,other,1,4,25%,5.25,/en/ashoka-pillar-sarnath-guide,all terms on page
kashi vishwanath temple airport,other,1,4,25%,6.25,/en/city/varanasi/sightseeing/kashi-vishwanath-temple-ganga-aarti-spiritual-journey-2026,all terms on page
गंगा घाट बनारस,other,1,4,25%,8.75,/hi/city/varanasi/activities/84-ghat-naav-tour-varanasi,all terms on page
boat ride varanasi,other,1,4,25%,12.0,/en/evening-boat-ride-varanasi-ganga-aarti,title
banaras ki galiyan,other,2,3,66.67%,2.67,/banaras-tour-package,tokens (1/2)
kasi near by places to visit,other,1,3,33.33%,1.0,/en/city/varanasi/events/kashi-tamil-sangamam-2026-varanasi,all terms on page
kya july me banaras jana chahiye,other,1,3,33.33%,1.0,/en/varanasi-in-monsoon-july-september-2026,tokens (2/5)
how to travel from varanasi to ayodhya,other,1,3,33.33%,2.0,/en/services/varanasi-ayodhya-prayagraj-pilgrimage-taxi,all terms on page
places to visit sarnath,other,1,3,33.33%,2.0,/en/sarnath-timing-visit-guide,all terms on page
वाराणसी एयरपोर्ट,other,1,3,33.33%,2.0,/hi/city/varanasi/taxi/airport-taxi-service-varanasi,title
kasi in which state,other,1,3,33.33%,3.0,/kasi-tour-package,tokens (2/3)
boat ride,other,1,3,33.33%,3.67,/en/boat-ride-varanasi,title
ganga asnan,other,1,3,33.33%,4.0,/en/city/varanasi/activities/ganga-aarti-timing-varanasi-2026,tokens (1/2)
kashitamil iitm ac in 2026,other,1,3,33.33%,4.0,/en/city/varanasi/events/kashi-tamil-sangamam-2026-varanasi,all terms on page
private boat in varanasi,other,1,3,33.33%,4.0,/en/private-boat-hire-varanasi,slug (all terms)
"lal bahadur shastri international airport varanasi to kashi vishwanath 
temple",other,1,3,33.33%,4.67,/en/city/varanasi/taxi/varanasi-airport-transfer-directory,all terms on page
kaun sa ghat hai,other,1,3,33.33%,6.33,/en/assi-ghat-aarti-timings-2026,tokens (1/3)
बोधगया कितने किलोमीटर है,other,1,3,33.33%,9.67,/hi/services/group-accommodation-varanasi-large-groups,all terms on page
varanasi sparsh darshan,other,1,3,33.33%,13.33,/en/kashi-vishwanath-sparsh-darshan-night-aarti-guide,slug (all terms)
original sarnath stambh,other,1,2,50%,1.0,/en/sarnath-complete-guide,body
saranath varanasi,other,1,2,50%,1.0,/banaras-tour-package,tokens (1/2)
गया जाने से पहले क्या करना चाहिए,other,1,2,50%,1.0,/hi/varanasi-to-gaya-tempo-traveller,all terms on page
banaras to sarnath,other,1,2,50%,2.0,/en/city/varanasi/taxi/varanasi-to-sarnath-taxi,slug (all terms)
sarnath photos,other,1,2,50%,2.0,/en/city/varanasi/taxi/varanasi-to-sarnath-taxi,all terms on page
vindhyachal hindi,other,1,2,50%,2.0,/en/navratri-in-vindhyachal-practical-guide,all terms on page
cruise ride in varanasi,other,1,2,50%,3.0,/en/boat-ride-varanasi,all terms on page
tulsi ghat,other,1,2,50%,3.5,/en/city/varanasi/taxi/varanasi-airport-to-tulsi-ghat-taxi,title
varanasi to vindhyachal bus service,other,1,2,50%,3.5,/en/travel-from-varanasi-to-vindhyachal,all terms on page
monsoon,other,1,2,50%,5.0,/en/varanasi-in-monsoon-july-september-2026,title
kashi vishwanath sparsh darshan,other,1,2,50%,5.5,/en/kashi-vishwanath-sparsh-darshan-night-aarti-guide,slug
gaya to varanasi,other,1,2,50%,7.0,/en/city/gaya/taxi/gaya-to-varanasi-taxi,title
వారణాసి టు అయోధ్య,other,1,2,50%,7.5,/en/bus/kashi-rameshwaram-twin-jyotirlinga-yatra,tokens (2/7)
kabira festival,other,1,2,50%,8.0,/en/city/varanasi/events/mahindra-kabira-festival-2026-varanasi,title
ashok stambh real,other,1,1,100%,1.0,/en/ashoka-pillar-sarnath-guide,tokens (2/3)
boat ride near me,other,1,1,100%,1.0,/en/city/varanasi/sightseeing/dashashwamedh-ghat-boat-ride-ganga-aarti-guide,all terms on page
italiano,other,1,1,100%,1.0,,UNMATCHED
minivar,other,1,1,100%,1.0,,UNMATCHED
mirzapur temple name,other,1,1,100%,1.0,/en/city/varanasi/taxi/varanasi-airport-to-mirzapur-vindhyachal-taxi,all terms on page
places to visit in ayodhya,other,1,1,100%,1.0,/en/city/allahabad/taxi/varanasi-to-allahabad-taxi,all terms on page
sham ki,other,1,1,100%,1.0,,UNMATCHED
sunrise boat ride on the ganges varanasi,other,1,1,100%,1.0,/en/sunrise-boat-ride-ganges,all terms on page
things to do in varanasi at night,other,1,1,100%,1.0,/en/banaras-food-trail-breakfast-to-late-night,all terms on page
varanasi flood news today,other,1,1,100%,1.0,/en/city/varanasi/food/varanasi-street-food-guide,tokens (3/4)
काशी में गंगा आरती किस घाट पर होती है,other,1,1,100%,1.0,/hi/city/varanasi/taxi/taj-ganges-varanasi-taxi-service,all terms on page
काशी विश्वनाथ दर्शन टाइमिंग,other,1,1,100%,1.0,/hi/kashi-vishwanath-darshan-ganga-aarti-package,all terms on page
जगन्नाथ भगवान के दर्शन कैसे करें,other,1,1,100%,1.0,/hi/packages/sawan-darshan-package-varanasi,tokens (7/9)
11 ko,other,1,1,100%,2.0,/en/city/varanasi/food/malaiyo-varanasi-guide,tokens (1/2)
assi ghat varanasi direction,other,1,1,100%,2.0,/en/city/varanasi/events/kashi-tamil-sangamam-2026-varanasi,all terms on page
banaras famous food places to eat,other,1,1,100%,2.0,/en/city/varanasi/food/malaiyo-varanasi-guide,all terms on page
banaras mein dhanvantari kuan kahan hai,other,1,1,100%,2.0,/en/varanasi-kite-wars-tourist-guide-makar-sankranti-2026,tokens (2/5)
banaras to sunauli,other,1,1,100%,2.0,/en/city/kathmandu/taxi/varanasi-to-kathmandu-taxi,all terms on page
festivals,other,1,1,100%,2.0,/en/varanasi-december-2026-experience-hub,title
kashi vishwanath ke pass kaun sa ghat hai,other,1,1,100%,2.0,/en/city/varanasi/sightseeing/kashi-vishwanath-temple-ganga-aarti-spiritual-journey-2026,tokens (4/6)
prayagraj from varanasi,other,1,1,100%,2.0,/en/ayodhya-varanasi-prayagraj-group-tour-package,slug (all terms)
varanasi ke dm kaun hai,other,1,1,100%,2.0,/banaras-tour-package,tokens (1/3)
varanasi tulsi ghat,other,1,1,100%,2.0,/en/city/varanasi/taxi/varanasi-airport-to-tulsi-ghat-taxi,slug (all terms)
vishwanath ghat,other,1,1,100%,2.0,/,body
अस्सी घाट की तस्वीरें,other,1,1,100%,2.0,/hi/city/varanasi/taxi/kedar-harishchandra-ghat-taxi-service,all terms on page
आरती कितने बजे होती है,other,1,1,100%,2.0,/hi/city/varanasi/sightseeing/namo-ghat-varanasi,body
वाराणसी नगर निगम का विस्तार,other,1,1,100%,2.0,/hi/city/varanasi/taxi/taxi-service-in-sigra-varanasi,all terms on page
16th july 2026,other,1,1,100%,3.0,/en/packages/varanasi-tour-package,all terms on page
hotels near manikarnika ghat varanasi,other,1,1,100%,3.0,/en/city/varanasi/activities/84-ghats-boat-tour-varanasi,all terms on page
september month,other,1,1,100%,3.0,/en/varanasi-in-monsoon-july-september-2026,all terms on page
best dance classes in varanasi with fees,other,1,1,100%,4.0,/en/best-time-to-visit-varanasi,tokens (4/6)
kashi vishwanath masjid,other,1,1,100%,4.0,/en/city/ayodhya/taxi/ayodhya-to-varanasi-taxi,all terms on page
namo ghat aarti,other,1,1,100%,4.0,/en/city/varanasi/sightseeing/namo-ghat-varanasi,body
tommorow,other,1,1,100%,4.0,,UNMATCHED
varanasi se kashi,other,1,1,100%,5.0,/banaras-tour-package,tokens (1/1)
vindhyachal se banaras ke liye train,other,1,1,100%,5.0,/en/travel-from-varanasi-to-vindhyachal,tokens (3/4)
रथ यात्रा मेला 2026,other,1,1,100%,5.0,/hi/sawan-somwar-kashi-vishwanath-darshan-guide-2026,all terms on page
monsoon 2026,other,1,1,100%,6.0,/en/varanasi-in-monsoon-july-september-2026,title
popular,other,1,1,100%,6.0,/,body
say it in english.,other,1,1,100%,6.0,/en/ashoka-pillar-sarnath-guide,all terms on page
varanasi july,other,1,1,100%,7.0,/en/varanasi-in-monsoon-july-september-2026,slug (all terms)
best way to travel from ayodhya to varanasi,other,1,1,100%,10.0,/en/services/varanasi-ayodhya-prayagraj-pilgrimage-taxi,all terms on page
alone,other,1,1,100%,11.0,/en/ashoka-pillar-sarnath-guide,body
वाराणसी से विंध्याचल के लिए ट्रेन,other,1,1,100%,12.0,/hi/city/varanasi/taxi/airport-taxi-service-varanasi,all terms on page
3 days with family,other,1,1,100%,14.0,/en/family-tour-varanasi-3-days-parents,all terms on page
shri kashi vishwanath sugam darshan,other,1,1,100%,15.0,/en/services/kashi-vishwanath-sugam-darshan-price-booking,all terms on page
